PuzzleId,FEN,Moves,Rating,RatingDeviation,Popularity,NbPlays,Themes,GameUrl,OpeningTags,DailyDate
00008,r6k/pp2r2p/4Rp1Q/3p4/8/1N1P2R1/PqP2bPP/7K b - - 0 24,f2g3 e6e7 b2b1 b3c1 b1c1 h6c1,1811,76,95,10282,crushing hangingPiece long middlegame,https://lichess.org/787zsVup/black#48,,
0000D,5rk1/1p3ppp/pq3b2/8/8/1P1Q1N2/P4PPP/3R2K1 w - - 2 27,d3d6 f8d8 d6d8 f6d8,1529,74,96,37506,advantage endgame short,https://lichess.org/F8M8OS71#53,,
0000H,r4rk1/pp3ppp/8/2bqp2b/3N4/P2Bn2P/1PPN1P2/R1BQ1RK1 w - - 1 15,d1h5 d5g2,1554,223,100,11,mate mateIn1 middlegame oneMove,https://lichess.org/EwHRkfas#29,French_Defense French_Defense_Tarrasch_Variation,
0008Q,8/4R3/1p2P3/p4r2/P6p/1P3Pk1/4K3/8 w - - 1 64,e7f7 f5e5 e2f1 e5e6,1383,81,92,771,advantage endgame rookEndgame short,https://lichess.org/MQSyb3KW#127,,
0009B,r2qr1k1/b1p2ppp/pp4n1/P1P1p3/4P1n1/B2P2Pb/3NBP1P/RN1QR1K1 b - - 1 16,b6c5 e2g4 h3g4 d1g4,1084,74,88,611,advantage middlegame short,https://lichess.org/4MWQCxQ6/black#32,Kings_Pawn_Game Kings_Pawn_Game_Leonardis_Variation,
000Pw,6k1/5p1p/4p3/4q3/3nN3/2Q3P1/PP3P1P/6K1 w - - 2 37,e4d2 d4e2 g1f1 e2c3,1530,76,92,630,crushing endgame fork short,https://lichess.org/au2lCK5o#73,,
000Sa,2Q2bk1/5p1p/p5p1/2p3P1/2r1B3/7P/qPQ2P2/2K4R b - - 0 32,c4c2 e4c2 a2a1 c2b1,1476,76,97,2827,advantage endgame short,https://lichess.org/lTTa9lwd/black#64,,
000VW,r4r2/1p3pkp/p5p1/3R1N1Q/3P4/8/P1q2P2/3R2K1 b - - 3 25,g6f5 d5c5 c2e4 h5g5 g7h8 g5f6,2873,109,85,323,crushing endgame long,https://lichess.org/e9AY2m5j/black#50,,
000Vc,8/8/4k1p1/2KpP2p/5PP1/8/8/8 w - - 0 53,g4h5 g6h5 f4f5 e6e5 f5f6 e5f6,1569,79,75,115,crushing endgame long pawnEndgame,https://lichess.org/l6AejDMO#105,,
000Zo,4r3/1k6/pp3r2/1b2P2p/3R1p2/P1R2P2/1P4PP/6K1 w - - 0 35,e5f6 e8e1 g1f2 e1f1,1363,76,86,657,endgame mate mateIn2 operaMate short,https://lichess.org/n8Ff742v#69,,
000aY,r4rk1/pp3ppp/2n1b3/q1pp2B1/8/P1Q2NP1/1PP1PP1P/2KR3R w - - 0 15,g5e7 a5c3 b2c3 c6e7,1412,79,75,529,advantage master middlegame short,https://lichess.org/iihZGl6t#29,Benoni_Defense Benoni_Defense_Benoni-Indian_Defense,
000c8,6k1/Bp3pp1/p3p3/3pPn1p/N4P1q/P2Q1R1P/1P4PK/2r5 w - - 0 28,a4c5 h4e1 f3f1 e1f1 d3f1 c1f1,1478,94,100,36,crushing long middlegame,https://lichess.org/YXBq0z8X#55,,
000h0,5rk1/p5p1/3bpr1p/1Pp4q/3pR3/1P1Q1N2/P4PPP/4R1K1 w - - 4 22,e4e6 f6f3 g2f3 h5h2 g1f1 h2h3 f1e2 h3e6,2048,78,89,202,advantage interference kingsideAttack middlegame veryLong,https://lichess.org/OWe6M5dF#43,,
000hf,r1bqk2r/pp1nbNp1/2p1p2p/8/2BP4/1PN3P1/P3QP1P/3R1RK1 b kq - 0 19,e8f7 e2e6 f7f8 e6f7,1391,78,92,783,mate mateIn2 middlegame short,https://lichess.org/71ygsFeE/black#38,Horwitz_Defense Horwitz_Defense_Other_variations,
000jr,5k2/1p4pp/p5n1/5Q2/3BpP2/1P2PP1K/P1q4P/7r b - - 1 33,f8g8 f5d5 g8f8 d4c5 c2c5 d5c5,2152,77,69,91,crushing endgame long,https://lichess.org/JgxFj109/black#66,,
000lC,3r3r/pQNk1ppp/1qnb1n2/1B6/8/8/PPP3PP/3R1R1K w - - 5 19,d1d6 d7d6 b7b6 a7b6,1356,76,94,4709,advantage hangingPiece middlegame short,https://lichess.org/vaqz2bx6#37,,
000mr,5r1k/5rp1/p7/1b2B2p/1P1P1Pq1/2R1Q3/P3p1P1/2R3K1 w - - 0 41,e3g3 f7f4 e5f4 f8f4,1943,83,62,116,crushing middlegame short,https://lichess.org/8sVpuwso#81,,
000o3,8/2p1k3/6p1/1p1P1p2/1P3P2/3K2Pp/7P/8 b - - 1 43,e7d6 d3d4 g6g5 f4g5,959,78,87,190,crushing endgame pawnEndgame short zugzwang,https://lichess.org/BAY91mF3/black#86,,
000pA,5rk1/5pp1/7p/3p4/1ppPn3/1K2PPP1/1P2N1P1/r4R1R w - - 0 24,b3b4 f8b8,1162,88,100,55,endgame mate mateIn1 oneMove,https://lichess.org/3dA5upN3#47,,
000qP,8/7R/8/5p2/4bk1P/8/2r2K2/6R1 w - - 7 51,f2f1 f4f3 f1e1 c2c1 e1d2 c1g1,2167,76,94,2029,crushing endgame exposedKing long skewer,https://lichess.org/r4xUR6fC#101,,
000rO,3R4/8/K7/pB2b3/1p6/1P2k3/3p4/8 w - - 4 58,a6a5 e5c7 a5b4 c7d8,1110,82,85,74,crushing endgame fork master short,https://lichess.org/tzeeBEc2#115,,
000rZ,2kr1b1r/p1p2pp1/2pqb3/7p/3N2n1/2NPB3/PPP2PPP/R2Q1RK1 w - - 2 13,d4e6 d6h2,662,90,100,636,kingsideAttack mate mateIn1 oneMove opening,https://lichess.org/seIMDWkD#25,Scandinavian_Defense Scandinavian_Defense_Modern_Variation,
00143,r2q1rk1/5ppp/1np5/p1b5/2p1B3/P7/1P3PPP/R1BQ1RK1 b - - 1 17,d8f6 d1h5 h7h6 h5c5,1797,76,91,2948,advantage middlegame short,https://lichess.org/jcuxlI63/black#34,Scotch_Game Scotch_Game_Mieses_Variation,
0017R,r2qk2r/pp2ppbp/1n1p2p1/3Pn3/2P5/2NBBP1P/PP3P2/R2QK2R b KQkq - 0 12,e5c4 d3c4 b6c4 d1a4 d8d7 a4c4,1655,77,95,6539,advantage fork long middlegame,https://lichess.org/ol84k0z4/black#24,Alekhine_Defense Alekhine_Defense_Other_variations,
0018P,5R2/1p6/p1p5/2P1rk2/2K3p1/2P1p1P1/1P5P/8 b - - 1 44,f5e6 f8e8 e6f5 e8e5 f5e5 c4d3 e5d5 d3e3 a6a5 e3f4 d5c4 f4g4,1903,77,91,246,crushing endgame exposedKing rookEndgame veryLong,https://lichess.org/Xg1Gtfjr/black#88,,
0018S,2kr3r/pp3p2/4p2p/1N1p2p1/3Q4/1P1P4/2q2PPP/5RK1 b - - 1 20,b7b6 d4a1 a7a5 f1c1,2608,121,90,1895,advantage endgame pin short,https://lichess.org/H1ARO2GL/black#40,,
001Fg,2R2r1k/pQ4pp/5rp1/3B4/q2n4/7P/P4PP1/5RK1 w - - 3 30,c8c7 d4e2 g1h2 a4f4 h2h1 e2g3 f2g3 f4f1,1256,77,96,3160,advantage middlegame veryLong,https://lichess.org/y0QalMAw#59,,
001Hi,6k1/pp1r1pp1/1qp1p2p/4P2P/5Q2/1P4R1/P1Pr1PP1/R5K1 b - - 4 23,b6d4 f4f6 d4f2 f6f2 d2f2 g1f2,2391,115,66,35,advantage endgame long pin,https://lichess.org/tUkE0z1z/black#46,,
001KR,6Qk/p1p3pp/4N3/1p6/2q1r1n1/2B5/PP4PP/3R1R1K b - - 0 28,h8g8 f1f8,563,81,100,185,mate mateIn1 middlegame oneMove,https://lichess.org/TaT1Zl7z/black#56,,
001Oo,6k1/4p1bp/6p1/1p1pP3/1PpPp3/2P1P3/Q2B1KPP/3q4 b - - 2 23,d1a4 a2a4 b5a4 b4b5 g8f7 b5b6,2078,78,84,63,crushing endgame long quietMove,https://lichess.org/8IKs77O9/black#46,,
001Wz,4r1k1/5ppp/r1p5/p1n1RP2/8/2P2N1P/2P3P1/3R2K1 b - - 0 21,e8e5 d1d8 e5e8 d8e8,1118,82,89,86,backRankMate endgame mate mateIn2 short,https://lichess.org/84RH3LaP/black#42,,
001XA,1qr2rk1/pb2bppp/8/8/2p1N3/P1Bn2P1/2Q2PBP/1R3RK1 b - - 3 23,b8c7 b1b7 c7b7 e4f6 e7f6 g2b7,1687,75,91,1351,crushing discoveredAttack long master middlegame sacrifice,https://lichess.org/KZRiN695/black#46,,
001aK,6k1/5p2/4p3/P1B5/2P4P/4Pnp1/Rb1rN3/5K2 b - - 1 33,d2e2 f1e2 g3g2 e3e4 f3d4 e2f2,2056,75,91,974,crushing endgame hangingPiece long quietMove,https://lichess.org/Epr0AiEh/black#66,,
001cr,8/3B2pp/p5k1/2p3P1/1p1p1K2/8/1P6/8 b - - 0 38,c5c4 d7e8,1517,82,94,3475,bishopEndgame endgame mate mateIn1 oneMove,https://lichess.org/7FFNwibw/black#76,,
001gi,r6r/1pNk1ppp/2np4/b3p3/4P1b1/N1Q5/P4PPP/R3KB1R w KQ - 3 18,c7a8 a5c3,785,114,69,283,bodenMate hangingPiece mate mateIn1 middlegame oneMove,https://lichess.org/1sV2Hr22#35,Sicilian_Defense Sicilian_Defense_Other_variations,
001h8,2r3k1/2r4p/4p1p1/1p1q1pP1/p1bP1P1Q/P6R/5B2/2R3K1 b - - 5 34,c4e2 h4h7 c7h7 c1c8 g8g7 c8c7,1749,77,88,621,crushing deflection kingsideAttack long middlegame sacrifice,https://lichess.org/IxCahP6X/black#68,,
001kG,rnbq3r/1p2bkpp/p4n2/8/2pNP3/2N5/PPP3PP/R1BQ1RK1 b - - 1 11,e7c5 d1h5 f7g8 h5c5,1974,76,93,1232,advantage opening pin short,https://lichess.org/xXAEaVto/black#22,Sicilian_Defense Sicilian_Defense_Najdorf_Variation,
001m3,7r/6k1/2b1pp2/8/P1N3p1/5nP1/4RP2/Q4K2 w - - 2 38,e2e6 h8h1 f1e2 h1a1,1455,77,87,281,advantage endgame short skewer,https://lichess.org/LELOz22f#75,,
001om,5r1k/pp4pp/5p2/1BbQp1r1/6K1/7P/1PP3P1/3R3R w - - 2 26,g4h4 c5f2 g2g3 f2g3,1018,80,89,227,mate mateIn2 middlegame morphysMate short,https://lichess.org/VWOIWtIh#51,,
001pC,r4rk1/pp3ppp/3b4/2p1pPB1/7N/2PP3n/PP4PP/R2Q1RqK w - - 5 18,f1g1 h3f2,848,77,91,437,mate mateIn1 middlegame oneMove smotheredMate,https://lichess.org/d04UP3XD#35,Sicilian_Defense Sicilian_Defense_McDonnell_Attack,
001u3,2r3k1/p1q2pp1/Q3p2p/b1Np4/2nP1P2/4P1P1/5K1P/2B1N3 b - - 3 33,c7b6 a6c8 g8h7 c8b7,2190,80,55,82,advantage hangingPiece middlegame short,https://lichess.org/BBn6ipaK/black#66,,
001uD,6k1/1p3pp1/1p5p/2r1p3/2n5/r3PN2/2RnNPPP/2R3K1 b - - 1 32,f7f6 f3d2 c4d2 c2d2 c5c1 e2c1,1890,79,92,989,advantage long middlegame,https://lichess.org/2qkVLUl6/black#64,,
001w5,1rb2rk1/q5P1/4p2p/3p3p/3P1P2/2P5/2QK3P/3R2R1 b - - 0 29,f8f7 c2h7 g8h7 g7g8q,1034,83,85,220,advancedPawn attraction mate mateIn2 middlegame promotion short,https://lichess.org/0e1vxAEn/black#58,,
001wR,6nr/pp3p1p/k1p5/8/1QN5/2P1P3/4KPqP/8 b - - 5 26,b7b5 b4a5 a6b7 c4d6 b7b8 a5d8,1152,85,93,2632,endgame long mate mateIn3,https://lichess.org/ruvbd9JW/black#52,,
001wb,r3k2r/pb1p1ppp/1b4q1/1Q2P3/8/2NP1Pn1/PP4PP/R1B2R1K w kq - 1 17,h2g3 g6h5,1149,76,95,290,mate mateIn1 middlegame oneMove,https://lichess.org/hNzYRMWP#33,Ruy_Lopez Ruy_Lopez_Bird_Variation,
001wr,r4rk1/p3ppbp/Pp1q1np1/3PpbB1/2B5/2N5/1PPQ1PPP/3RR1K1 w - - 4 18,f2f3 d6c5 g1h1 c5c4,989,75,97,2532,advantage fork master masterVsMaster middlegame short,https://lichess.org/KnJ2mojX#35,Pirc_Defense Pirc_Defense_Classical_Variation,
001xO,k1r1b3/p1r1nppp/1p1qpn2/2Np4/1P1P4/PQRBPN2/5PPP/2R3K1 w - - 0 19,d3a6 b6c5 a6c8 c5c4,1780,76,91,1394,crushing master masterVsMaster middlegame sacrifice short,https://lichess.org/fNCePFgY#37,Slav_Defense Slav_Defense_Other_variations,
001xl,8/4R1k1/p5pp/3B4/5q2/8/5P1P/6K1 b - - 5 40,g7f6 e7f7 f6e5 f7f4,1299,80,94,11934,advantage endgame master masterVsMaster short skewer superGM,https://lichess.org/bEQkfPQD/black#80,,
002CP,r5k1/pp4pp/4p1q1/4p3/3n4/P5P1/1PP2Q1P/2KR1R2 w - - 4 24,f2e3 g6c2,923,85,69,91,endgame mate mateIn1 oneMove queensideAttack,https://lichess.org/pHZnIFdb#47,,
002Ds,8/1pp5/p2p4/P2Pk2p/1PP1p2P/2n1K2P/3N4/8 b - - 0 45,b7b6 b4b5 c3d1 e3e2 a6b5 a5a6,1992,76,90,119,crushing endgame knightEndgame long,https://lichess.org/2SrvOtZN/black#90,,
002GQ,5rk1/5ppp/4p3/4N3/8/1Pn5/5PPP/5RK1 w - - 0 28,f1c1 c3e2 g1f1 e2c1,653,83,73,137,crushing endgame fork short,https://lichess.org/2K7g2pDT#55,,
002HE,1qr2rk1/1p1p1ppp/pB2p1n1/7n/2P1P3/1Q2NP1P/PP2B1Pb/3R1RK1 w - - 1 20,g1f2 b8g3,1116,77,94,509,master mate mateIn1 middlegame oneMove,https://lichess.org/U21EXYdv#39,,
002Hv,8/8/8/3N2p1/5b2/3p3P/5kP1/3K4 w - - 16 56,d5f4 g5f4 h3h4 f2g2 h4h5 f4f3 d1d2 f3f2,1621,86,63,28,advancedPawn crushing endgame veryLong,https://lichess.org/rLJ8Hp1v#111,,
002IE,r3brk1/5pp1/p1nqpn1p/P2pN3/2pP4/2P1PN2/5PPP/RB1QK2R b KQ - 4 16,c6e5 d4e5 d6e7 e5f6,1229,84,74,40,advantage fork middlegame short,https://lichess.org/fDwvVUIp/black#32,Queens_Pawn_Game Queens_Pawn_Game_Accelerated_London_System,
002KJ,r3kb1r/ppq2ppp/4pn2/2Ppn3/1P4bP/2P2N2/P3BPP1/RNBQ1RK1 b kq - 2 10,f8e7 f3e5 c7e5 e2g4,1569,78,90,1737,crushing discoveredAttack middlegame short,https://lichess.org/2NpTzh7O/black#20,Caro-Kann_Defense Caro-Kann_Defense_Advance_Variation,
002LF,7r/p2q1pk1/1pp3p1/8/6P1/4Q3/PP1R1P1r/5KN1 b - - 0 38,d7g4 e3e5 f7f6 e5c7 g7h6 c7h2,2185,82,91,618,advantage endgame interference long,https://lichess.org/md88dHiL/black#76,,
002LW,3r1rk1/1b1n1pp1/3p4/p4PPQ/4P3/3q1BN1/8/2R2RK1 b - - 1 28,d7e5 f5f6 e5f3 f1f3,2464,88,78,115,advantage middlegame short,https://lichess.org/0khwj5dv/black#56,,
002Mm,rn1qr1k1/ppp3pQ/3p1pP1/3Pp3/2P1P3/8/PP3PP1/R1B1K3 b Q - 2 16,g8f8 h7h8 f8e7 h8g7,927,82,97,248,deflection mate mateIn2 middlegame short,https://lichess.org/wAkPv4uG/black#32,Three_Knights_Opening Three_Knights_Opening_Other_variations,
002O7,r3qrk1/2p2pp1/p2bpn1p/2ppNb2/3P1P2/1PP1P1B1/P2N2PP/R2Q1RK1 b - - 0 14,f5g4 e5g4 f6g4 d1g4,1008,97,91,357,crushing middlegame short,https://lichess.org/dFEPPiEc/black#28,Queens_Pawn_Game Queens_Pawn_Game_Accelerated_London_System,
002Q2,7k/p4R1p/3p3r/2pN1n2/2PbBBb1/3P2P1/P3r3/5R1K w - - 1 28,f4h6 f5g3,956,79,100,454,cornerMate mate mateIn1 middlegame oneMove,https://lichess.org/yqAJ1jMv#55,,
002Tf,r3kbnr/ppp1qppp/2n5/3pP3/5B2/4PQ2/PPP2PPP/RN2KB1R w KQkq - 1 7,f1b5 e7b4 b1c3 b4b2,1561,76,84,182,advantage fork opening short,https://lichess.org/Zq56PwHK#13,Queens_Pawn_Game Queens_Pawn_Game_Chigorin_Variation,
002Ua,r4rk1/pp3ppp/3p1q2/P1P1p3/2B5/2B2n2/2P2P1P/R2Q1RK1 w - - 0 16,g1h1 f6f4 d1f3 f4f3,1666,76,94,8469,crushing kingsideAttack middlegame short,https://lichess.org/06i3eMVp#31,Sicilian_Defense Sicilian_Defense_Lowenthal_Variation,
002Uy,8/8/1p6/k7/P1R5/1K5r/8/8 w - - 26 64,c4c3 h3c3 b3c3 a5a4 c3b2 a4b4,1565,75,97,7408,crushing defensiveMove endgame long rookEndgame,https://lichess.org/sLU7YN1A#127,,
002VP,8/6p1/2B1bn2/6k1/3B4/6K1/4P3/8 b - - 4 44,e6d5 d4f6 g5f5 c6d5,1466,80,72,145,crushing endgame short,https://lichess.org/7yJGEbUK/black#88,,
002X3,6k1/2q2p1p/4pPp1/4P3/p1pP1P2/RrP5/6QP/4B1K1 b - - 0 33,b3a3 g2a8 c7b8 a8b8,914,157,100,13,endgame mate mateIn2 short,https://lichess.org/yshS3bLB/black#66,,
002Z9,4r1k1/1p2R1p1/p2p2Pp/P1pP4/5q2/1R3p2/1P1Q3P/5B1K b - - 0 34,f4d2 e7e8,1231,99,69,52,endgame hangingPiece master mate mateIn1 oneMove,https://lichess.org/Ek4aENjD/black#68,,
002bK,8/7p/2b1k3/p2p1pPB/1n1P3P/N1p1P3/4K3/8 b - - 1 42,c6b5 a3b5 c3c2 e2d2,1100,83,93,822,advantage endgame hangingPiece short,https://lichess.org/IFGj8W5s/black#84,,
002e5,r2q4/pp1n1kbp/3P2b1/6N1/6Q1/P3P3/6P1/4K2R b K - 1 21,f7g8 g4c4 g8h8 h1h7 g6h7 g5f7,2632,78,85,388,crushing long middlegame sacrifice,https://lichess.org/qaapuG48/black#42,,
002e8,r3nrk1/1b3pp1/4pb2/p3q3/1p1N4/3B2R1/PPPQN2P/1K4R1 b - - 1 23,a8d8 d2h6 g7g6 g3h3,2554,82,92,676,crushing defensiveMove master middlegame pin short,https://lichess.org/ygzu5djr/black#46,,
002mG,5r1k/B1p3pp/2Qb1p2/3Pq3/P6P/8/2P3K1/3R1R2 w - - 1 36,g2f2 f8e8 c6e8 e5e8,2377,82,88,205,advantage middlegame quietMove short,https://lichess.org/age2hanq#71,,
002p5,r1bqr1k1/pp1nbpp1/2p2n2/6P1/2BP4/P7/1PQNNPP1/R3K2R b KQ - 0 13,f6d5 c2h7 g8f8 h7h8,908,79,84,182,kingsideAttack mate mateIn2 middlegame short,https://lichess.org/meSoQkhU/black#26,French_Defense French_Defense_Exchange_Variation,
002rd,r6k/q1pb1p1p/1b3Pr1/p1ppP2Q/3P2p1/4B3/PP2NRPP/3R2K1 b - - 1 25,d7e6 e2f4 c5d4 f4g6 f7g6 h5h6,1795,74,79,131,crushing kingsideAttack long middlegame pin,https://lichess.org/NcD6lul8/black#50,,
002uV,r2r2k1/1p2qppp/2n1p3/5n2/p2P4/P2Q1N2/BP3PPP/2R1R1K1 w - - 4 20,d3f5 e6f5 e1e7 c6e7,1498,76,90,91,advantage middlegame short,https://lichess.org/WKH5eIti#39,,
002vV,8/6k1/2R4p/5p1P/5P1K/6P1/8/r7 w - - 2 58,c6b6 a1h1,576,88,100,619,endgame master mate mateIn1 oneMove rookEndgame,https://lichess.org/KB7FAntf#115,,
002xh,2nk4/8/2PBp1n1/1pK1P1p1/1P4P1/8/8/8 b - - 2 42,g6h4 c5b5 h4g2 b5a6 g2e3 a6b7,2065,96,54,34,crushing endgame long,https://lichess.org/TfRvsd3p/black#84,,
0030b,6k1/5ppp/5nb1/pp6/6rP/5N1Q/Pq2r1P1/3R2RK b - - 4 32,g6e4 d1d8 f6e8 d8e8,538,92,62,195,backRankMate mate mateIn2 middlegame short,https://lichess.org/mhIZR6Mc/black#64,,
00347,8/2p5/8/2pPk2p/8/4K2P/6P1/8 w - - 1 42,e3d3 h5h4 d3c4 e5d6,2264,75,87,125,crushing endgame pawnEndgame quietMove short,https://lichess.org/xFM0YP9S#83,,
0039T,1r5r/p3kp2/4p2p/4P3/3R1Pp1/6P1/P1P4P/4K2R w K - 1 25,d4a4 b8b1 e1f2 b1h1 a4a7 e7f8,1121,86,93,838,crushing defensiveMove endgame long rookEndgame skewer,https://lichess.org/BrtVeJlj#49,,
003AX,2r2rk1/5ppp/bq2p3/p1ppP1N1/Pb1P2P1/1P2P2P/2QN4/2R1K2R b K - 1 18,c5d4 c2h7,1014,77,94,677,kingsideAttack mate mateIn1 middlegame oneMove,https://lichess.org/kRgejRSt/black#36,French_Defense French_Defense_Advance_Variation,
003Ec,3r4/p4R2/1pb2Pp1/n1p1Q1kp/8/P2q4/1P4PP/6RK b - - 2 32,d3f5 e5e3 f5f4 h2h4 g5f5 e3h3,2245,76,89,310,crushing long middlegame pin,https://lichess.org/qnd2dxXz/black#64,,
003IM,8/5kp1/p3pb2/8/6Pp/1P4qP/P2RQ3/7K w - - 2 34,e2g2 g3e1 g2g1 e1d2,1096,81,62,55,crushing deflection endgame master short,https://lichess.org/7CNJ1GaI#67,,
003IX,8/3pk3/R7/1R2Pp1p/2PPnKr1/8/8/8 w - - 4 43,f4f5 e4g3,1698,86,89,2265,endgame mate mateIn1 oneMove,https://lichess.org/576Btq56#85,,
003Jb,6k1/3bqr1p/2rpp1pR/p7/Pp1QP3/1B3P2/1PP3P1/2KR4 w - - 6 22,d4a7 e7g5 c1b1 g5h6,993,81,90,392,advantage fork master middlegame short,https://lichess.org/8RvK0idj#43,,
003S3,r4k1r/pNqnppb1/6pn/2p3Np/7P/2P2Q2/PP3PP1/R1B1K2R b KQ - 2 15,a8b8 g5e6 f8g8 e6c7,1336,74,95,15076,advantage middlegame pin short,https://lichess.org/Eu6S0GPA/black#30,Modern_Defense Modern_Defense_Other_variations,
003Tx,2r5/pR5p/5p1k/4p3/4r3/B4nPP/PP3P2/1K2R3 w - - 0 27,e1e4 f3d2 b1a1 c8c1,1511,88,83,770,backRankMate endgame fork mate mateIn2 short,https://lichess.org/A7j9VEC0#53,,
003UW,8/6pk/7p/2p5/2qp4/5PP1/P3QK1P/8 b - - 1 40,c4d5 e2e4 d5e4 f3e4,1473,76,93,977,advantage endgame queenEndgame short,https://lichess.org/cXMga3rb/black#80,,
003YF,r4rk1/1pp2ppp/p2p4/2bPp3/2P1Pn1q/P1N2B2/1P3P2/R1BQK1R1 w Q - 1 15,c1f4 h4f2,1061,87,79,82,attackingF2F7 mate mateIn1 middlegame oneMove,https://lichess.org/5DK4vDDB#29,Mexican_Defense Mexican_Defense_Other_variations,
003aS,8/8/5k1p/6p1/1R4PP/1p2KP2/8/1r6 w - - 0 43,h4h5 b3b2 b4b6 f6e5 f3f4 g5f4,2086,83,93,396,advancedPawn crushing defensiveMove endgame long rookEndgame,https://lichess.org/I7ZktFeR#85,,
003cs,2r1kbnr/pp4pp/4p3/3pP1N1/3q4/1P2B3/P3Q1PP/nN3RK1 b k - 1 16,d4e5 f1f8 e8f8 e3c5 c8c5 e2e5 c5c1 g1f2,2119,81,76,99,advantage attraction discoveredAttack exposedKing middlegame sacrifice veryLong,https://lichess.org/PmRTKflq/black#32,Caro-Kann_Defense Caro-Kann_Defense_Advance_Variation,
003eP,8/r1b1q2k/2p3p1/2Pp4/1P2p1n1/2B1P3/NQ6/2K4R b - - 1 36,h7g8 h1h8 g8f7 h8h7 f7e8 h7e7,1156,79,88,1756,crushing exposedKing long middlegame skewer,https://lichess.org/n9vCFmKh/black#72,,
003if,8/3q1kpp/1P2p3/4Q3/5P2/4B2P/2r3PK/8 b - - 0 43,d7b7 e5h5 f7e7 e3c5 c2c5 h5c5,1700,93,64,27,advantage endgame long,https://lichess.org/mYGtlm6w/black#86,,
003jH,rn3rk1/p5pp/3N4/4np1q/5Q2/1P3K2/PB1P2P1/2R4R w - - 0 25,f3f2 e5d3 f2e3 d3f4 h1h5 f4h5,1089,92,89,344,crushing fork long middlegame,https://lichess.org/3CQGofXT#49,,
003jb,r3kb1r/p4ppp/b1p1p3/3q4/3Q4/4BN2/PPP2PPP/R3K2R b KQkq - 0 11,c6c5 d4a4 a6b5 a4b5,962,77,95,2687,crushing fork master middlegame short,https://lichess.org/960EzUS0/black#22,French_Defense French_Defense_Classical_Variation,
003jv,1R6/1p2k2p/p2n2p1/4K3/8/6P1/P6P/8 w - - 10 37,b8h8 d6f7 e5e4 f7h8,1006,85,89,343,crushing endgame fork short,https://lichess.org/n0UvwK36#73,,
003md,r1b1k2N/ppp3pp/2n5/2bp4/7q/1B4n1/PPPP1P1P/RNBQ1RK1 w q - 0 10,f1e1 g3e4 e1e4 d5e4 d1h5 h4h5 b3f7 h5f7,2171,77,85,216,crushing defensiveMove middlegame veryLong,https://lichess.org/ALtR2fxT#19,Russian_Game Russian_Game_Italian_Variation,
003mh,r4k1r/1pp2p2/p2p3p/3N4/3P2q1/8/PPP5/1K2Q1NR b - - 1 23,a8e8 e1e8 f8e8 d5f6 e8e7 f6g4,1325,77,86,459,advantage attraction fork long middlegame sacrifice,https://lichess.org/HSa4keKZ/black#46,,
003nQ,6rk/pp6/2n5/3ppn1p/3p4/2P2P1q/PP3QNB/R4R1K w - - 2 29,f1g1 f5g3 f2g3 g8g3,1286,88,67,36,crushing kingsideAttack master middlegame pin short,https://lichess.org/p85fiZcl#57,,
003o0,r1bqk2r/pp1nbppp/3p4/1B1p4/3P1B2/8/PPP2PPP/R2QK1NR w KQkq - 2 9,g1f3 d8a5 d1d2 a5b5,1001,86,90,684,advantage fork master opening short,https://lichess.org/Ae0t9V1Z#17,Czech_Defense Czech_Defense_Other_variations,
003r5,r2qr1k1/ppp2ppp/4b3/3P4/1nP2Q2/2N2N1P/PP3KP1/R4R2 w - - 1 15,d5e6 b4d3 f2g1 d3f4,1130,78,88,862,crushing fork middlegame short,https://lichess.org/JPN97v7j#29,Kings_Gambit_Accepted Kings_Gambit_Accepted_Abbazia_Defense,
003wQ,2r2rk1/6pp/3Q1q2/8/3N1B2/6P1/PP1K3P/R4b2 w - - 0 24,a1f1 f6d6 f4d6 f8f1,1814,79,92,2041,advantage discoveredAttack middlegame pin short,https://lichess.org/W3wvnzlo#47,,
0040n,r7/p2k1pp1/p1p1pn2/3p4/3P4/P3PQp1/1PP2P1q/2K4R w - - 0 20,h1h2 g3h2 f3h3 f6g4,1268,75,98,2816,advancedPawn advantage endgame short,https://lichess.org/WIUWcrdG#39,,
0042j,3r2k1/4nppp/pq1p1b2/1p2P3/2r2P2/2P1NR2/PP1Q2BP/3R2K1 b - - 0 24,d6e5 d2d8 b6d8 d1d8,550,106,92,1454,backRankMate mate mateIn2 middlegame short,https://lichess.org/DuM2FZjg/black#48,,
00465,3r1Q1k/pp4pp/2p5/6q1/5R2/2P5/P1P2PPP/3rR1K1 b - - 8 27,d8f8 f4f8,571,92,91,376,backRankMate endgame mate mateIn1 oneMove queenRookEndgame,https://lichess.org/h21VtqGG/black#54,,
0047P,8/1N3k2/6p1/8/2P3P1/pr6/R5K1/8 w - - 1 56,g2f1 b3b1 f1e2 b1b2 e2d1 b2a2,1766,75,86,95,crushing endgame exposedKing fork long master,https://lichess.org/Gb33KZKC#111,,
0048h,4r3/p5k1/2p2R1p/2Pp4/1P1pr1P1/P6P/8/3R3K w - - 1 35,f6c6 e4e1 d1e1 e8e1 h1g2 d4d3,1152,75,98,1930,crushing endgame exposedKing long rookEndgame,https://lichess.org/dq15P00L#69,,
0048r,1r3k2/5PbQ/p2p4/q2Pp1P1/8/3R4/2P1K3/8 b - - 0 32,a5b5 h7g8 f8e7 g8g7,1630,333,100,17,crushing deflection endgame short,https://lichess.org/cNnX2ZPS/black#64,,
0048x,6k1/7p/4p1p1/QP2Pp2/P1pq4/5bRK/7r/6R1 w - - 0 39,h3h2 d4h4 g3h3 h4f2 g1g2 f2g2,1299,293,100,4,endgame exposedKing long mate mateIn3,https://lichess.org/GlWr58Ue#77,,
004Ao,4qk2/1b3rR1/p7/1p2Q3/4P2P/P2P3K/2r5/3R4 w - - 5 41,g7f7 e8f7 e5h8 f8e7,1711,96,86,26,advantage endgame short,https://lichess.org/aFlzjb1K#81,,
004Ax,8/8/4R1kp/p7/5rPK/8/7P/8 b - - 2 42,g6f7 e6h6 f4f6 h6h7 f7g6 h7a7,1999,81,92,654,crushing endgame exposedKing long rookEndgame,https://lichess.org/x2mMwVJD/black#84,,
004BW,r1bk2r1/ppq2pQp/3bpn2/1BpnN3/5P2/1P6/PBPP2PP/RN2K2R w KQ - 3 13,e5f7 d8e7 g7g8 f6g8,1687,77,91,1927,advantage master middlegame short,https://lichess.org/EXlG6TZs#25,Sicilian_Defense Sicilian_Defense_Modern_Variations,
004JD,3r4/R7/2p5/p1P2p2/1p4k1/nP6/P2KNP2/8 w - - 3 41,d2e3 a3c2,1291,82,91,2796,cornerMate endgame mate mateIn1 oneMove,https://lichess.org/6vTeEc3x#81,,
004LZ,8/7R/5p2/p7/7P/2p5/3k2r1/1K2N3 w - - 3 48,e1g2 c3c2 b1a2 c2c1q h7d7 d2e2,1195,77,93,2052,advancedPawn crushing defensiveMove deflection endgame long promotion,https://lichess.org/drahwNdj#95,,
004Lu,8/p1p4p/4Pk2/2PP1p1P/1r3r2/5B2/P3RK2/8 b - - 3 38,f6e7 d5d6 c7d6 c5d6 e7d6 e6e7,1201,76,99,1837,advancedPawn advantage endgame exposedKing long master,https://lichess.org/WMeZuWza/black#76,,
004M1,8/pp3kp1/6p1/2p2nP1/5NKP/6B1/PPqr2B1/4R3 b - - 5 40,f5d4 g2e4 c2a4 e4d5,2065,150,100,12,advantage master middlegame short,https://lichess.org/2zvMGLYz/black#80,,
004Op,2kr2r1/1bp4n/1pq1p2p/p1P5/1P3B2/P6P/5RP1/RB2Q1K1 w - - 3 26,e1f1 d8d1 f1d1 g8g2 g1f1 g2g1 f1e2 g1d1,2280,77,92,2837,crushing deflection kingsideAttack middlegame pin sacrifice skewer veryLong,https://lichess.org/tneg9Bzk#51,,
004RF,5rk1/5ppp/1p6/1qp2P1Q/3p3P/6R1/6PK/8 b - - 0 30,c5c4 g3g7 g8g7 f5f6 g7f6 h5b5,1727,77,82,65,attraction crushing discoveredAttack endgame long sacrifice,https://lichess.org/2UeWcE4h/black#60,,
004Ud,r1bqk2r/p3Bppp/3p4/1ppn4/4P3/4Q3/PPP2PPP/2KR1B1R b kq - 0 11,d5e7 f1b5 c8d7 d1d6 d7b5 d6d8,1575,81,94,3353,advantage interference long middlegame,https://lichess.org/pJ7nXTvE/black#22,Three_Knights_Opening Three_Knights_Opening_Other_variations,
004WZ,r6k/1b3pp1/p1q1pn1p/2p5/P1B5/1PN4Q/2P1RP1P/R4Kr1 w - - 2 26,f1g1 c6h1,866,100,94,138,mate mateIn1 middlegame oneMove,https://lichess.org/BQIdXPOM#51,,
004X6,1r4k1/p4ppp/2Q5/3pq3/8/P6P/2PR1PP1/Rr4K1 w - - 1 26,a1b1 b8b1 d2d1 b1d1,1152,266,83,14,endgame mate mateIn2 short,https://lichess.org/wvPFkjF9#51,,
004XI,8/3kqp2/4p3/p2p4/3P1P2/4P1rP/7r/1QR2K2 b - - 1 34,e7a3 b1b7 d7e8 c1c8,982,90,70,35,endgame mate mateIn2 short,https://lichess.org/54fnArpo/black#68,,
004Ys,r4rk1/3q1pbp/p1n1p1p1/2p3NP/1p3B2/3P3Q/PPP3P1/R3R1K1 b - - 2 19,d7d4 f4e3 d4f6 e1f1 f6e5 h5g6 e5e3 h3e3,2417,85,90,471,advantage defensiveMove middlegame veryLong,https://lichess.org/LcIJdugn/black#38,Sicilian_Defense Sicilian_Defense_McDonnell_Attack,
004b0,5kB1/4b3/4P3/2p2P2/2b5/8/p7/B6K w - - 4 48,g8f7 e7g5 f5f6 g5e3 a1e5 e3f4 e5f4 a2a1q,2368,109,47,36,advancedPawn bishopEndgame crushing deflection endgame promotion quietMove veryLong,https://lichess.org/CJKIi1QJ#95,,
004d8,8/4kr2/R2p4/1p1Pp1p1/5p2/3K1P2/PPP5/8 b - - 0 39,g5g4 a6a7 e7f6 a7f7 f6f7 f3g4,1608,78,87,104,crushing endgame long rookEndgame,https://lichess.org/FrR3BHbW/black#78,,
004iZ,r2r2k1/2q1bpp1/3p1n1p/1ppN4/1P1BP3/P5Q1/4RPPP/R5K1 b - - 1 20,f6d5 g3g7,499,103,89,1033,kingsideAttack mate mateIn1 middlegame oneMove,https://lichess.org/dQ85JUe1/black#40,,
004kB,4rr1k/pQpn2pp/3p1q2/8/8/2P5/PP3PPP/RN3RK1 w - - 1 16,b7c7 f6f2 f1f2 e8e1 f2f1 e1f1,1209,76,60,196,kingsideAttack long mate mateIn3 middlegame sacrifice,https://lichess.org/Cl9T6bjt#31,Ruy_Lopez Ruy_Lopez_Steinitz_Defense,
004mT,5Q2/8/1b1kp1p1/5p2/3p4/5qPK/7P/8 b - - 1 51,d6c6 f8a8 c6d6 a8f3,1361,75,98,9440,advantage endgame short skewer,https://lichess.org/Jqhi4ozb/black#102,,
004nd,3q2k1/2r5/pp3p1Q/2b1n3/P3N3/2P5/1P4PP/R6K b - - 0 24,c7d7 e4f6 d8f6 h6f6,898,75,83,209,crushing fork middlegame short,https://lichess.org/IajkZZBp/black#48,,
004sY,8/2k3n1/3p2p1/1KpP2Pp/2P4P/7B/8/8 w - - 0 57,b5a6 c7d8 a6b5 g7f5,2191,95,68,33,crushing endgame short,https://lichess.org/sMrTPfXp#113,,
004sg,6k1/p3b2p/1p1pP3/2p3P1/1Pnp3B/P6P/3Q3K/8 w - - 0 38,b4c5 c4d2 c5c6 d6d5 g5g6 e7d6,2439,95,90,1394,advantage clearance endgame hangingPiece long quietMove,https://lichess.org/pSRIvt7K#75,,
004u0,6k1/ppq3pp/2p1rp2/4r3/4p1Q1/P5RP/1P3PP1/3R2K1 b - - 3 34,e6e8 d1d7 c7d7 g4d7,1325,78,91,1034,advantage endgame short,https://lichess.org/3gEqoQeQ/black#68,,
004yJ,r4rk1/1bp2ppp/p1q1pn2/2P5/8/3B1N2/P1P1QPPP/R4RK1 w - - 0 16,f3e5 c6g2,658,80,83,117,kingsideAttack mate mateIn1 middlegame oneMove,https://lichess.org/8N3Hfj05#31,French_Defense French_Defense_Exchange_Variation,
004zI,2q3k1/4br1p/6RQ/1p1n2p1/7P/1P4P1/1B2PP2/6K1 b - - 0 27,h7g6 h6h8,1420,80,91,403,endgame mate mateIn1 oneMove,https://lichess.org/HE33gdt4/black#54,,
004zh,4b1k1/4Pr2/3R2pp/1ppBP1q1/8/PP4P1/2P4P/3R3K b - - 2 38,g5h5 d1f1 g8g7 d5f7 e8f7 d6d8 h5e5 f1f7 g7f7 e7e8q e5e8 d8e8,2624,95,70,119,advancedPawn attraction crushing endgame exposedKing intermezzo pin promotion quietMove veryLong,https://lichess.org/sYeKSrqj/black#76,,
0050w,5rk1/1p2p1rp/p2p4/2pPb2R/2P1P3/1P1BKP1R/8/8 b - - 4 30,g7g3 h3g3 e5g3 h5g5 g8f7 g5g3,1131,87,91,1518,crushing endgame fork long,https://lichess.org/QD8pUcTR/black#60,,
0054a,r1b2rk1/ppq2ppp/8/4b2Q/4R3/3B4/PP3PPP/R1B3K1 b - - 1 15,g7g6 h5e5 c7e5 e4e5,1454,76,97,8045,advantage middlegame short,https://lichess.org/kZlE1pvD/black#30,Queens_Pawn_Game Queens_Pawn_Game_Colle_System,
0055Y,r1b2rk1/p3pp2/2B4b/2Qpq3/3N2pp/4P3/2P2PPP/1R2K2R b K - 1 23,h6e3 f2e3 e5e3 e1d1,2055,76,80,150,advantage defensiveMove middlegame short,https://lichess.org/7Jpwzowt/black#46,,
005Bm,4rk2/p1q5/1p3Q1b/8/1p5N/2P1p3/P3P3/2K5 b - - 0 43,c7f7 h4g6 f8g8 f6h8,1434,76,96,6584,endgame mate mateIn2 pin short,https://lichess.org/KKslCMev/black#86,,
005Ep,5kr1/ppR3p1/3R3p/8/1r1n4/8/1P3PPP/2K5 b - - 4 31,d4b5 d6d8,708,79,100,420,endgame mate mateIn1 oneMove,https://lichess.org/ttFEoJfQ/black#62,,
005HG,r2q1rk1/p1p2pp1/3bbn1p/4N3/2Q5/1P4P1/PB1PPP1P/RN2K2R w KQ - 1 12,c4c2 d6e5 b2e5 d8d5 f2f3 d5e5,1788,75,88,708,advantage clearance fork long opening,https://lichess.org/JTymzeq9#23,English_Opening English_Opening_Kings_English_Variation,
005N7,r6k/2q3pp/8/2p1n3/R1Qp4/7P/2PB1PP1/6K1 b - - 0 32,e5c4 a4a8 c7b8 a8b8,683,102,95,1930,backRankMate endgame hangingPiece mate mateIn2 short,https://lichess.org/jxZhmGhg/black#64,,
005YM,5k2/p4pp1/1qn3r1/3pP2p/5P2/1NPQ4/Pr3RPP/R5K1 w - - 5 24,b3d4 b2f2 g1f2 c6d4 d3d4 b6b2,2429,104,90,261,advantage long middlegame,https://lichess.org/fDmK2ipV#47,,
005YX,2rr4/2N2pk1/p1Q1b1pp/1p4q1/3pP3/1B1P4/PPP3PP/6RK w - - 7 25,c7e6 f7e6 c6b7 g7h8,2004,118,100,42,defensiveMove equality middlegame short,https://lichess.org/zbi5w5Qy#49,,
005do,7r/pp1k4/4p1b1/3pP1Np/3P1P1K/8/P7/2R5 b - - 7 42,h8f8 c1c7 d7c7 g5e6 c7b6 e6f8,1433,98,60,48,attraction crushing deflection endgame fork long sacrifice,https://lichess.org/Q1hPi58C/black#84,,
005f3,r5k1/2p1pp2/pp4p1/1q1r4/5P2/2QP2R1/PP6/1K4R1 b - - 0 32,d5h5 g3g6 f7g6 g1g6 g8f7 c3g7 f7e8 g7g8 e8d7 g8e6 d7d8 g6g8,1974,73,95,16410,crushing endgame sacrifice veryLong,https://lichess.org/Prb24UzR/black#64,,
005gP,8/8/3p4/2kP4/1p4P1/2pK4/P7/8 w - - 1 42,g4g5 c5d5 g5g6 d5e6 g6g7 e6f7 a2a4 b4a3 g7g8r f7g8,1723,74,100,1269,crushing enPassant endgame pawnEndgame veryLong,https://lichess.org/I76OvKQT#83,,
005jJ,r1b1qrk1/pp1n1pbp/2pp1np1/4p3/2PP1B2/2NBPN1P/PP3PP1/R2Q1RK1 w - - 0 10,d4e5 d6e5 f4h2 e5e4,1215,82,70,37,advantage opening short,https://lichess.org/wt6Q2xGb#19,Queens_Pawn_Game Queens_Pawn_Game_Other_variations,
005jR,8/5p1k/1P4pp/3Qn3/4BP2/6P1/1p2P2P/2q3K1 w - - 1 34,g1f2 b2b1q e4b1 e5g4 f2f3 c1h1,2772,111,90,324,advancedPawn crushing endgame long promotion,https://lichess.org/ltr8kYV9#67,,
005nD,3rk2r/2qn1pp1/p1Q1R3/3n3p/8/8/PP4PP/5R1K b k - 0 23,f7e6 c6e6 d5e7 e6f7,1111,75,96,1417,fork mate mateIn2 middlegame short,https://lichess.org/hlgaj6lV/black#46,,
005qG,8/8/1p1k1p1p/3npp2/2B5/PP1K1PP1/7P/8 b - - 0 36,f5f4 c4d5 f4g3 h2g3 d6d5 g3g4,2310,85,65,56,crushing defensiveMove endgame long,https://lichess.org/RMj9gStA/black#72,,
005wJ,r3kb1r/ppqn1ppp/4pn2/1Q2Nb2/3P4/8/PP2PPPP/RNB1KB1R w KQkq - 4 9,e5d7 c7c1,1364,80,80,1240,hangingPiece mate mateIn1 oneMove opening,https://lichess.org/2mU9GJhQ#17,Queens_Pawn_Game Queens_Pawn_Game_Zukertort_Variation,
005ws,8/8/5pp1/3K3p/3N2kP/8/8/8 w - - 2 62,d5e6 g6g5 h4g5 f6g5 e6d5 h5h4 d5e4 h4h3 d4f3 g4g3,2448,78,93,2507,crushing endgame knightEndgame master masterVsMaster quietMove veryLong,https://lichess.org/LOwACSXb#123,,
005wy,1r6/pp2kpp1/2n1p1n1/3p2PQ/5P2/2PqP3/PP1N4/2KR3R w - - 3 27,h5h7 c6b4 c3b4 b8c8 d2c4 c8c4,1780,75,94,7504,long mate mateIn3 middlegame queensideAttack sacrifice,https://lichess.org/mBQMheB4#53,,
005x9,r1b1kb1Q/ppp4p/6pB/3P4/2pn4/8/PPP1qPPP/RN1K3R w q - 2 13,d1c1 e2c2,707,77,100,311,mate mateIn1 middlegame oneMove queensideAttack,https://lichess.org/TiwHxq8n#25,Italian_Game Italian_Game_Rousseau_Gambit,
005xu,8/3k4/1K1P4/2P3r1/R7/5b2/8/8 b - - 0 68,g5g8 a4a7 d7e6 a7e7 e6d5 d6d7,1914,86,84,36,advancedPawn crushing endgame exposedKing long,https://lichess.org/TDu28XvE/black#136,,
005yO,r1r3k1/ppq3bQ/4p2p/4n3/3p4/2P5/PBB2PPP/4R1K1 b - - 2 24,g8f8 b2a3 f8f7 c2d1 c8h8 d1h5 f7f6 h7e4,3050,107,93,1238,advantage exposedKing middlegame quietMove veryLong,https://lichess.org/j65YI8hC/black#48,,
0061g,6k1/pp3pp1/2p1q1Pp/3b4/8/6Q1/PB3Pp1/3RrNK1 b - - 2 27,e1d1 g3b8 e6e8 b8e8,801,93,73,269,endgame mate mateIn2 short,https://lichess.org/dJ3xEKJK/black#54,,
00656,7r/ppp2kp1/2nb1pp1/3p3r/3P2q1/2PQB2P/PP3PP1/R3R1K1 w - - 0 18,h3g4 h5h1,665,89,97,206,mate mateIn1 middlegame oneMove,https://lichess.org/V9os02rv#35,Scandinavian_Defense Scandinavian_Defense_Modern_Variation,
0068B,r1q3k1/4bppp/pp2pn2/4B3/8/2N2Q2/PPPR1PPP/6K1 b - - 0 18,f6d7 d2d7 c8d7 f3a8,1459,78,92,6219,crushing deflection middlegame short,https://lichess.org/LNdzAgWP/black#36,Sicilian_Defense Sicilian_Defense_Katalimov_Variation,
0068D,7r/pppk4/2pb1r2/8/2NP2p1/2P5/PP2RPP1/4R1K1 w - - 2 26,c4d6 f6h6 f2f4 g4g3 e2e7 d7d6 g1f1 h6h1,1949,77,92,731,crushing endgame veryLong,https://lichess.org/WNAZgV2o#51,,
006E1,5rk1/R4pp1/1p5p/3Q4/1PPp2q1/3P2P1/5P2/4nK2 w - - 0 34,f1e1 f8e8 e1f1 g4h3 d5g2 e8e1 f1e1 h3g2,1572,73,96,21273,crushing deflection endgame veryLong,https://lichess.org/KaLKLKD5#67,,
006GK,2kr1br1/ppBb1ppp/8/3P2Q1/3n2n1/5N2/PP3qPP/RN2R2K b - - 0 16,d4f3 g5d8,1020,136,71,21,mate mateIn1 oneMove opening queensideAttack,https://lichess.org/CSpoYrv7/black#32,Italian_Game Italian_Game_Two_Knights_Defense,
006HV,1r6/5k2/2p1pNp1/p5Pp/1pQ1P2P/2P4R/KP3P2/3q4 w - - 4 31,c4c6 b4b3 a2a3 d1a1,1159,87,93,1015,endgame mate mateIn2 short,https://lichess.org/ibb2c72C#61,,
006NL,1r6/k2qn1b1/p1b1p1p1/2PpPpN1/2nN1P1P/p4B2/1PP2Q2/1K1R3R w - - 0 32,d4c6 e7c6 b2b3 a3a2 b1a1 c4e5 f4e5 g7e5 a1a2 b8b5,2545,89,86,125,advancedPawn advantage middlegame pin veryLong,https://lichess.org/yA3M5Q6W#63,,
006OI,8/p7/5k2/P5R1/6KP/8/8/5r2 w - - 5 53,g5g8 f1g1 g4f4 g1g8,843,97,76,263,crushing endgame rookEndgame short skewer,https://lichess.org/6AH1H5wg#105,,
006RM,1k1r3r/2q5/pp1n2p1/8/1Q6/3R2P1/PPP2P1P/3R2K1 b - - 4 29,c7c5 b4c5 b6c5 d3d6 d8d6 d1d6,1445,78,82,1131,crushing long middlegame,https://lichess.org/ceS0QvtT/black#58,,
006XF,r5kr/pp1qb1p1/2p4p/3pPb1Q/3P4/2P1B3/PP4PP/R4RK1 b - - 1 17,f5e4 h5f7 g8h7 f1f6 e7f6 f7d7,2372,90,90,1929,advantage long middlegame pin,https://lichess.org/Ynra1LLE/black#34,Russian_Game Russian_Game_Italian_Variation,
006cZ,3r1rk1/1p4p1/p1p3Qp/2q5/8/3n1N1P/PP1R2P1/5R1K b - - 7 28,g8h8 d2d3 d8d3 g6d3,1374,76,88,652,advantage master masterVsMaster middlegame short,https://lichess.org/qrbDEp56/black#56,,
006fF,r1b4r/pp1k2pp/2nb2q1/1B1p2B1/3p3Q/8/PPP2PPP/3RR1K1 b - - 5 17,h7h6 h4g4 d7c7 g5d8 h8d8 g4g6,1702,76,96,8133,advantage discoveredAttack exposedKing long middlegame,https://lichess.org/mAf9SSin/black#34,Italian_Game Italian_Game_Two_Knights_Defense,
006i7,r4rk1/3nqpp1/2p1bn1p/3pN3/1p1P4/2NQP2P/1PB2PP1/R4RK1 w - - 0 18,e5c6 e7d6 a1a8 f8a8 c6b4 d6b4,1727,83,82,70,advantage long middlegame,https://lichess.org/77CYKPKY#35,Queens_Gambit_Declined Queens_Gambit_Declined_Other_variations,
006ia,1r4k1/4bpp1/1rp2n1p/3p4/3P4/2N1B1P1/Pq2QPKP/2R1R3 w - - 3 24,e3h6 b2e2 e1e2 e7a3 h6e3 a3c1,2073,136,68,9,advantage long middlegame,https://lichess.org/fcKXrUhC#47,,
006of,r2qr2k/1pp2pp1/1b4np/pP2P3/P4n2/BQN2N1P/5PP1/R3R1K1 w - - 3 20,b3f7 d8d3 c3e2 f4e2 e1e2 d3e2,2615,116,89,996,advantage kingsideAttack long middlegame,https://lichess.org/MIdWd89x#39,,
006om,1r3k2/5p1p/2p1pp2/P2n4/2r1N3/P4PK1/2R2P1P/2R5 b - - 9 29,c4a4 e4c5 a4a5 c5d7 f8g7 d7b8,1921,74,95,9357,crushing endgame fork long master,https://lichess.org/BMIgw1OR/black#58,,
006pe,r4r2/2q1NN2/4bQpk/2n4p/pp5P/8/1PP2PP1/2KR3R b - - 0 28,e6f7 e7f5 h6h7 f6g7,1588,76,96,5618,master mate mateIn2 middlegame pin short,https://lichess.org/gkSEAS27/black#56,,
006wz,2r5/4ppkp/5bp1/1p6/1P6/P3B3/2r2PPP/1R1R2K1 b - - 2 22,f6b2 b1b2 c2b2 e3d4 f7f6 d4b2,1426,77,80,545,attraction crushing endgame fork long sacrifice,https://lichess.org/qT0W6o27/black#44,,
006yP,6R1/8/Kpk1p3/1p1pP3/6P1/PPP1r3/8/8 b - - 3 40,e3c3 g8c8 c6d7 c8c3,819,89,80,153,crushing endgame master rookEndgame short skewer,https://lichess.org/vf9MOLH1/black#80,,
0071K,3N1r2/6R1/kp6/p2pPp1Q/2pP2P1/2q5/2P5/2K5 w - - 0 38,g7a7 a6a7 h5h7 a7a6,1131,83,94,484,crushing defensiveMove endgame hangingPiece short,https://lichess.org/gY0ZkxR4#75,,
0071N,6k1/p4pp1/1p5p/4b3/4B3/4P1P1/PpR2PKP/3r4 b - - 1 30,b2b1q c2c8 d1d8 c8d8,554,93,93,283,endgame mate mateIn2 pillsburysMate short,https://lichess.org/HRlw71ON/black#60,,
0072T,3q1nk1/1bN2rpp/pp1P4/1N6/4n2b/8/PPP2PPP/R1BQ1RK1 w - - 1 16,b5d4 h4f2 f1f2 e4f2,2304,79,87,524,advantage kingsideAttack master middlegame short,https://lichess.org/aqhibPRF#31,Philidor_Defense Philidor_Defense_Lion_Variation,
00734,rn3bk1/2rqp2p/2p3p1/3p1p2/3P1P1B/pP1BP3/P1Q2PRP/1KR5 b - - 0 26,b8a6 d3f5 e7e6 f5g6,1692,74,89,128,crushing middlegame pin short,https://lichess.org/jM0Jnw0u/black#52,,
00761,3r2k1/1b3pbR/p2P2P1/3p2N1/2p5/2P2N2/PP6/2K5 b - - 0 28,f7g6 h7g7 g8g7 g5e6 g7g8 e6d8,1357,78,94,22067,attraction crushing endgame exposedKing fork long sacrifice,https://lichess.org/vu70Maig/black#56,,
0078T,rk5r/1b3R2/pp2p2q/4P2p/B2p3B/4R2P/PP4P1/5Q1K b - - 0 27,d4e3 f7b7 b8b7 f1f7 b7b8 h4e7,2248,80,81,88,attraction crushing defensiveMove exposedKing long middlegame queensideAttack sacrifice,https://lichess.org/mXf4gFYU/black#54,,
00798,6K1/4k3/4P3/6pp/6rP/4R1P1/8/8 w - - 0 60,g8g7 g5h4 g7h6 h4g3,1895,77,88,553,crushing discoveredAttack endgame rookEndgame short,https://lichess.org/4DOjQjiM#119,,
007AH,3r1n2/1bp1bkpp/p1q2n2/1p6/3P4/P1N3B1/1PP2PPP/R2QR1K1 w - - 5 18,d1e2 c6g2,649,83,100,168,kingsideAttack master mate mateIn1 middlegame oneMove,https://lichess.org/MCM1Gmz4#35,Scandinavian_Defense Scandinavian_Defense_Valencian_Variation,
007AS,r3kb1r/3nnpp1/4p1bp/1NppP3/3P4/6N1/P2BBPPP/R3K2R b KQkq - 0 17,a8b8 b5d6 e8d8 d2a5,1582,79,88,47,crushing master middlegame short,https://lichess.org/Nfuw1Dug/black#34,Caro-Kann_Defense Caro-Kann_Defense_Advance_Variation,
007HB,rn2q1k1/pp3ppp/2pb4/3p1B2/2Pn4/1Q3N2/PP3PPP/R1B4K w - - 0 15,f3d4 e8e1,538,92,86,185,mate mateIn1 middlegame oneMove,https://lichess.org/prYQo0BK#29,Petrovs_Defense Petrovs_Defense_Classical_Attack,
007OE,8/pkp5/2p1p3/3p4/N2q4/1n4Q1/PPP3Pr/K2R4 w - - 2 29,a2b3 d4d1 a1a2 h2h1 a4c5 b7b6,1281,77,54,171,advantage endgame hangingPiece long quietMove,https://lichess.org/1c7uOUzp#57,,
007QU,2rq1rk1/1b3p1p/p3p3/1p1pB1p1/2nP2N1/1RP1PP2/P1Q3PP/3R2K1 b - - 1 22,f7f5 g4h6,1144,77,87,218,mate mateIn1 middlegame oneMove,https://lichess.org/ZduvBU6U/black#44,,
007Rn,4r1k1/p4p1p/1p6/6q1/3P2n1/P4Q2/1P1B2P1/7K w - - 0 34,d2g5 e8e1 f3f1 e1f1,990,83,75,78,endgame mate mateIn2 short,https://lichess.org/L9kH7FqT#67,,
007XE,2kr3r/p1p1bpp1/2p2n1p/8/8/1P6/P1P1RPPP/RNB3K1 w - - 1 16,e2e7 d8d1 e7e1 d1e1,591,93,79,91,backRankMate fork mate mateIn2 middlegame short,https://lichess.org/f4f7UwiT#31,Kings_Pawn_Game Kings_Pawn_Game_Leonardis_Variation,
007bH,r2q1rk1/2p2ppn/2pbp2p/p2p4/P4PQ1/1P1PP3/1BPN2PP/4RR1K b - - 4 15,f7f5 g4g7,963,101,87,25,kingsideAttack mate mateIn1 middlegame oneMove,https://lichess.org/Hoq46gJU/black#30,Bird_Opening Bird_Opening_Dutch_Variation,
007c6,2kr3r/pp1n2pp/2QB1bp1/5q2/2B5/8/PPP2PPP/3R1RK1 b - - 0 17,b7c6 c4a6,721,80,56,163,bodenMate mate mateIn1 middlegame oneMove,https://lichess.org/vqwzqZHC/black#34,Elephant_Gambit Elephant_Gambit_Other_variations,
007eS,6k1/p4p2/1p5p/4r3/P3B3/1P3P2/2PK2PP/8 w - - 0 29,d2e3 f7f5 g2g4 f5e4,1197,75,95,13912,advantage endgame short,https://lichess.org/8qs8bafy#57,,
007en,rn3rk1/4pp1p/3p2pB/2q4P/3bP1b1/Pp2Q3/1P2B3/1K1R2NR w - - 0 20,e3d4 c5c2 b1a1 a8a3 b2a3 c2a2,1842,76,96,3997,long mate mateIn3 middlegame queensideAttack sacrifice,https://lichess.org/jzE2yKAk#39,,
007fJ,8/1P3ppp/8/8/8/2pk3P/3p2P1/3K4 w - - 0 52,b7b8q c3c2,571,100,89,686,advancedPawn endgame mate mateIn1 oneMove queenEndgame,https://lichess.org/34ezZi7R#103,,
007gO,2r3rk/5p2/4p2p/4q3/1Q6/8/1P3PPP/R4RK1 w - - 0 31,a1c1 e5g5 g2g3 c8c1,2197,85,76,48,crushing endgame short,https://lichess.org/id1brvZc#61,,
007hv,6k1/5p1p/1p4p1/p1bN1p2/2Pq1P2/1P5P/1P1Q2P1/7K w - - 1 32,d2c3 d4g1,971,76,100,247,endgame master mate mateIn1 oneMove,https://lichess.org/i64FoDh8#63,,
007ku,r1bq3Q/1np2kp1/p5B1/1p1Pp3/1Pn2BP1/2b2P2/P3K3/R4N2 b - - 5 35,f7g6 h8h5 g6f6 f4g5,1663,75,89,965,mate mateIn2 middlegame short,https://lichess.org/QveLbBjG/black#70,,
007mr,5k2/p2r3p/1p4pP/3r1q2/3Rp3/2P5/PP3PQ1/K3R3 w - - 0 33,d4e4 d5d1 e1d1 d7d1,646,77,100,202,backRankMate endgame mate mateIn2 short,https://lichess.org/J12UnEgz#65,,
007tv,r3k1nr/1pp2ppp/1pnp2q1/4p1B1/2B1P3/3P1Q1P/PPP2PP1/R4RK1 b kq - 0 11,g6g5 f3f7 e8d8 f7f8 d8d7 f8a8,1108,81,90,1334,advantage attackingF2F7 long middlegame skewer,https://lichess.org/ky7qZNjk/black#22,Italian_Game Italian_Game_Giuoco_Pianissimo,
0082f,r4rk1/2q2ppp/3pp3/4Pb1N/pp6/1B4Q1/PPP3PP/1K1RR3 b - - 0 21,a4b3 g3g7,882,78,100,556,kingsideAttack mate mateIn1 middlegame oneMove,https://lichess.org/fHfmODEz/black#42,,
0088O,7Q/2p5/1p2prp1/p4k1p/P4p1P/8/6RK/3q4 b - - 2 37,d1a4 g2g5 f5e4 h8f6,1133,80,85,444,crushing deflection endgame short,https://lichess.org/GmH1DPx6/black#74,,
008D5,r1bqk2r/pp3ppp/4p2n/3pP3/1b1P1P2/2N5/PP4PP/R1BQKB1R b KQkq - 2 9,h6f5 d1a4 c8d7 a4b4,1421,76,85,1190,advantage fork master opening short,https://lichess.org/jIGC2FuP/black#18,French_Defense French_Defense_La_Bourdonnais_Variation,
008EC,6k1/4rpp1/p6p/7P/q1pP1R2/2Pb2Q1/P4RP1/6K1 w - - 9 31,f4f7 e7f7 g3b8 g8h7 f2f7 a4d1 g1f2 d1f1 f2g3 f1f7,2344,75,91,592,advantage endgame skewer veryLong,https://lichess.org/q5CqLXP5#61,,
008GK,1k1r4/ppp3p1/8/1P5p/8/P3n2P/2P1r1P1/B3NRK1 b - - 4 31,d8d1 f1f8 d1d8 f8d8,651,108,90,1782,backRankMate endgame mate mateIn2 short,https://lichess.org/9vFFDYsH/black#62,,
008LD,8/6pp/4N1k1/5p2/5P2/5rPb/4R2P/6K1 w - - 0 35,e6g5 f3f1,403,101,78,182,endgame mate mateIn1 oneMove operaMate,https://lichess.org/jzHHsjDp#69,,
008LT,r4rk1/6p1/b3p1nN/p1pp4/1p3P1q/3P1Q1B/PPP2PK1/R6R b - - 0 26,g8h8 h6f7 f8f7 h3e6,2209,80,90,1380,crushing kingsideAttack middlegame pin sacrifice short,https://lichess.org/vnxisKeU/black#52,,
008Nz,6k1/2p2ppp/pnp5/B7/2P3PP/1P1bPPR1/r6r/3R2K1 b - - 1 29,d3e2 d1d8,473,99,85,893,backRankMate mate mateIn1 middlegame oneMove,https://lichess.org/HNU4zavC/black#58,,
008P4,8/4k3/1p1p4/rP2p1p1/P2nP1P1/3BK3/8/R7 w - - 0 35,e3d2 d4b3 d2c3 b3a1,703,93,95,1716,crushing endgame fork short,https://lichess.org/3GoHPRp3#69,,
008Sk,8/6pp/3Bp2k/p2pP2P/P2bp1PK/8/r7/5R2 b - - 2 37,d4f2 f1f2 g7g5 h4g3 a2f2 g3f2,1912,79,94,15161,crushing endgame long,https://lichess.org/rah6MiKa/black#74,,
008Y3,r5k1/1p1rqpp1/p3pnp1/2PN4/8/1Q5P/PP3PP1/3RR1K1 b - - 0 24,e7c5 d5f6 g7f6 d1d7,1054,89,93,666,advantage discoveredAttack kingsideAttack master middlegame short,https://lichess.org/jAILX5BH/black#48,,
008aL,7k/6p1/1r5p/5p2/P2Rp3/4P3/5PPP/6K1 w - - 0 39,a4a5 b6b1 d4d1 b1d1,541,85,100,74,backRankMate endgame mate mateIn2 rookEndgame short,https://lichess.org/j2ECU5ud#77,,
008cl,r3k2r/ppp2p1p/2n1pp2/7q/2PN2b1/2BP1Pb1/PP2B1P1/R2Q1RK1 w kq - 1 16,f3g4 h5h2,828,78,100,495,mate mateIn1 middlegame oneMove,https://lichess.org/K27KSt2D#31,Scandinavian_Defense Scandinavian_Defense_Mieses-Kotroc_Variation,
008lc,7k/pb1qn2n/1p2R2Q/2p2p2/2Pp4/3B4/PP3PrP/4RK2 b - - 1 27,g2g7 h6g7 h8g7 e6e7 d7e7 e1e7,1974,79,93,2220,attraction crushing exposedKing fork long middlegame,https://lichess.org/UdZXrVA5/black#54,,
008nF,2rq1rk1/7p/1n4pb/1R2p3/pPpP1P2/P1B5/3NQ1PP/2R3K1 w - - 0 31,e2e5 f8e8 e5e8 d8e8,2168,86,90,848,crushing master middlegame short trappedPiece,https://lichess.org/tYO5rrIU#61,,
008o6,Q5k1/p1p3p1/5rP1/8/3P4/7P/q3r3/B4RK1 b - - 1 34,f6f8 a8f8,468,88,75,129,endgame mate mateIn1 oneMove,https://lichess.org/1k4lXfEi/black#68,,
008oX,4r1k1/2R3pp/2p4q/1p1p4/3P4/P7/1PP2R2/1K1N4 b - - 3 32,e8e1 c7c8 e1e8 c8e8,976,77,71,222,endgame mate mateIn2 short,https://lichess.org/APGKH8YH/black#64,,
008qL,r7/6pk/p2p4/2p1p1qp/1pP1PrP1/1P1Q1P1P/1P4K1/R4R2 w - - 0 25,d3d6 a8d8 d6d8 g5d8,1843,76,80,934,advantage endgame short,https://lichess.org/TUrSVmLC#49,,
008rw,rn2kb1r/pp2pppp/2p2n2/4q3/8/2N4Q/PPPPBPPP/R1B1K2R b KQkq - 2 8,g7g6 h3c8,912,75,100,507,mate mateIn1 oneMove opening,https://lichess.org/t8GAyoIk/black#16,Scandinavian_Defense Scandinavian_Defense_Main_Line,
008tL,8/7k/pR5p/3p4/5r2/2P1p2P/P5P1/6K1 w - - 0 40,b6a6 e3e2 a6e6 f4f1,1193,76,95,3204,advancedPawn crushing endgame master rookEndgame short,https://lichess.org/yhNupFCi#79,,
0091A,1r3rk1/q4ppp/p3Pb2/3nN3/P2P4/7Q/1B4PP/1R3RK1 b - - 0 24,b8b2 e6f7 f8f7 h3c8 f7f8 c8e6,2177,75,93,1127,advancedPawn advantage kingsideAttack long middlegame,https://lichess.org/XYVC46Km/black#48,,
0092V,r2qk1nr/ppp3pp/2n5/1B1pp3/1b1P4/5Q1P/PP1B1PP1/RN2K2R b KQkq - 3 11,e5e4 b5c6 b7c6 f3h5 g7g6 h5e5,2259,81,85,1248,crushing exposedKing long opening,https://lichess.org/bW5LiCa5/black#22,Ponziani_Opening Ponziani_Opening_Other_variations,
0092z,2r3k1/2qR1ppp/p7/2p2Q2/P7/7P/5PP1/6K1 b - - 3 26,c7c6 f5f7 g8h8 f7g7,991,91,94,443,endgame mate mateIn2 short,https://lichess.org/fjaha7q0/black#52,,
0095W,8/pp1r2kp/q2P1ppb/4p3/2N1P3/1Q5P/PPR2PP1/6K1 w - - 3 32,c4e5 f6e5 c2c7 a6d6,1832,76,93,2580,advantage endgame hangingPiece short,https://lichess.org/CaL8Bl7F#63,,
009BH,3r2k1/6p1/4Q3/4B3/1p3P2/4PKP1/3q4/8 b - - 17 51,g8h8 e6h6 h8g8 h6g7,1513,76,96,8612,endgame mate mateIn2 pin short,https://lichess.org/QauOOpOY/black#102,,
009FP,r1b1k1nr/ppp2pbp/3ppqp1/8/2BnP3/N2P2QP/PPP2PP1/R1B1K2R b KQkq - 4 9,e6e5 c1g5 f6g5 g3g5,1339,76,97,4191,advantage opening short trappedPiece,https://lichess.org/2ndCtdd9/black#18,Pirc_Defense Pirc_Defense_Other_variations,
009FS,r2qr1k1/p5bp/1pp1b1p1/8/2QN1p2/2P1n2P/PP3PP1/R1B1RNK1 w - - 1 18,d4e6 e3c4 e6d8 e8e1,1712,74,79,148,crushing discoveredAttack opening short,https://lichess.org/MOdm5bE7#35,Sicilian_Defense Sicilian_Defense_Closed,
009IO,3rk3/5p1r/p2Np1p1/3bP3/P2n4/8/1P3RPP/5RK1 b - - 4 25,e8e7 f2f7 h7f7 f1f7,1162,83,87,547,hookMate mate mateIn2 middlegame short,https://lichess.org/LJBrm9Or/black#50,,
009J1,rn2k2r/pp2bp1p/2p1pNp1/6B1/5P2/7P/PPP4P/2K1RR2 b - - 3 17,e8f8 g5h6,1243,74,98,1131,mate mateIn1 middlegame oneMove,https://lichess.org/lPhlt9XF/black#34,Pirc_Defense Pirc_Defense_Byrne_Variation,
009L0,6k1/pb2r1pN/1n4Bp/3p4/1P2pR2/P7/3R1PPP/2r3K1 w - - 2 30,d2d1 c1d1,706,146,18,26,backRankMate hangingPiece mate mateIn1 middlegame oneMove,https://lichess.org/SAhQtou2#59,,
009Os,r2b2k1/1p3q1p/p2p4/3P2p1/2P1PRQr/8/P2B3P/2R4K w - - 1 29,g4g3 h4f4 d2f4 f7f4 g3f4 g5f4,1390,90,76,40,crushing long middlegame,https://lichess.org/AdjEnXlm#57,,
009Sz,r2qkb1r/pp4pp/4pp2/3pNb1B/3nnP2/2N5/PPP3PP/R1B1QRK1 b kq - 1 11,f5g6 e5g6 h7g6 h5g6,1619,102,100,35,advantage opening short,https://lichess.org/FrC1DVlf/black#22,Caro-Kann_Defense Caro-Kann_Defense_Exchange_Variation,
009Wc,1r3rk1/1pq2pbp/p1p1pnp1/2N1N3/3P4/1QP5/PP3PPP/3RR1K1 w - - 2 19,e5d7 f6d7 c5d7 c7d7,1076,76,95,1548,crushing middlegame short,https://lichess.org/WnthPrdl#37,Caro-Kann_Defense Caro-Kann_Defense_Classical_Variation,
009XT,rn1qk2r/pp3ppp/3bp1b1/3p4/3Pn2N/3BB3/PPP2PPP/RN1Q1RK1 w kq - 4 10,h4g6 d6h2 g1h1 h7g6,1950,72,93,16855,crushing intermezzo opening short,https://lichess.org/bf23N8Ng#19,Caro-Kann_Defense Caro-Kann_Defense_Exchange_Variation,
009YT,rqnr2k1/5ppp/p2p4/4Q3/8/1P5P/PBP2PP1/R2R2K1 b - - 2 23,d6e5 d1d8,687,91,73,49,backRankMate hangingPiece mate mateIn1 middlegame oneMove,https://lichess.org/EwnhF9QF/black#46,,
009aD,r4k1r/pp3pp1/4p3/3pP1np/6bq/1PP2P2/P3B1PP/RN1Q1RK1 w - - 1 14,f3g4 h5g4 e2g4 h4h2,1426,76,87,218,advantage kingsideAttack middlegame short,https://lichess.org/aITVdulW#27,Queens_Pawn_Game Queens_Pawn_Game_Krause_Variation,
009bR,4r2k/3q2r1/1p4pQ/p1pP4/2P4P/1N4p1/PP3RK1/8 b - - 1 37,g7h7 f2f8 e8f8 h6f8,1024,77,82,154,endgame mate mateIn2 short,https://lichess.org/rvHGlZar/black#74,,
009bn,2kr2r1/ppb2ppp/3qbn2/2Np2B1/P7/2P2Q1P/1PB2PP1/R4RK1 w - - 5 18,c5e6 d6h2,580,79,100,397,mate mateIn1 middlegame oneMove,https://lichess.org/Zw4AxPzS#35,Caro-Kann_Defense Caro-Kann_Defense_Exchange_Variation,
009eX,2r3k1/7p/6q1/p1Np4/Qp2pr2/P4P2/1PR2P1K/5R2 w - - 0 36,f1g1 f4h4,922,77,98,302,mate mateIn1 middlegame oneMove,https://lichess.org/BlIww047#71,,
009f8,8/1p4p1/pb2ppkp/3n4/3P4/P3BN1P/1P2KPP1/8 b - - 0 26,g6f5 f3h4 f5e4 f2f3,1149,79,94,200,endgame mate mateIn2 short,https://lichess.org/paDYagZM/black#52,,
009fH,rn2kb1r/pp2pppp/2p2n2/8/3q2b1/1Q6/PPP2PPP/RNB1KBNR w KQkq - 0 7,b3b7 d4d1,750,85,91,168,mate mateIn1 oneMove opening,https://lichess.org/bFNxjeFg#13,Caro-Kann_Defense Caro-Kann_Defense_Other_variations,
009hH,k3r3/p3q3/1pp5/3pnB2/1P1Q4/1KPP4/P4R2/8 w - - 0 41,f2e2 e5f3 e2e7 f3d4 c3d4 e8e7,1980,74,92,342,advantage endgame long,https://lichess.org/LEg5X8PU#81,,
009lk,1R6/6pk/2p4p/3bP2r/5B1P/2P2qP1/P4P1Q/4R1K1 w - - 2 40,e1e3 f3d1 e3e1 d1e1,915,94,96,907,mate mateIn2 middlegame short,https://lichess.org/gLNPef4f#79,,
009oc,5Q2/pbp3np/1p1pB1pk/1P6/P3q2P/6K1/8/8 b - - 1 32,e4e6 f8f4 g6g5 f4g5,1165,78,89,770,endgame mate mateIn2 short,https://lichess.org/426eHXom/black#64,,
009tE,6k1/6pp/p1N2p2/1pP2bP1/5P2/8/PPP5/3K4 b - - 1 28,f6g5 c6e7 g8f7 e7f5,624,91,89,856,crushing endgame fork short,https://lichess.org/fUV1iXBx/black#56,,
009uB,3br2r/5k1p/4p1pQ/P5P1/1B5P/P6q/5R2/6K1 b - - 1 35,f7g8 f2f8 e8f8 h6f8,1081,90,95,314,mate mateIn2 middlegame short,https://lichess.org/1llcQdqK/black#70,,
009wR,1R2R3/p7/1p1k3p/1Pb5/P5p1/6P1/5rKP/8 w - - 6 41,g2h1 f2f1 h1g2 f1g1,1250,76,93,561,endgame mate mateIn2 operaMate short,https://lichess.org/tBBaKL5q#81,,
009zR,3r4/p1p2ppp/4k3/6Q1/5P2/4P3/Prqn2PP/3R1RK1 w - - 3 22,g5d8 d2f3 g1h1 c2g2,1620,77,87,180,discoveredAttack endgame mate mateIn2 short,https://lichess.org/SctCD3fJ#43,,
009zS,r3r1k1/1p3p1p/p1p3p1/8/6bP/Q3b3/PP2B1P1/R3K2R w KQ - 2 20,g2g3 g4e2 e1e2 e3c5 e2f3 c5a3,1434,77,94,2856,advantage discoveredAttack discoveredCheck exposedKing long middlegame,https://lichess.org/YSoU6ySt#39,,
00A1H,2r3k1/4brp1/2p3b1/2Pp1q1p/3B3P/2P2N2/PP3P1K/R2Q2R1 w - - 1 31,f3g5 f5f4 h2g2 e7g5,2041,84,82,204,crushing middlegame short,https://lichess.org/GeoPB5fa#61,,
00A5m,8/1p6/p1p2p2/P3b3/1PK3P1/2PBk3/8/8 b - - 3 60,e3d2 d3f5 e5c7 f5c8 b7b6 a5b6 c7b6 c8a6,1965,77,90,636,bishopEndgame crushing endgame quietMove veryLong,https://lichess.org/Y4Ftfosz/black#120,,
00A5v,4r1k1/pp1qr1p1/7p/2pPR3/2P2p2/1PQ2P2/P5PP/4R1K1 w - - 3 33,c3d2 e7e5 e1e5 e8e5,876,100,84,674,crushing endgame short,https://lichess.org/1WXk6Mn2#65,,
00A8H,1k6/1pb2p2/p1p1p3/2P5/PP6/1KB5/4q3/1R1R4 b - - 1 38,c7e5 d1d8 b8a7 b1e1 e2e1 c3e1,2625,85,100,154,clearance crushing endgame long,https://lichess.org/rMR9LIY8/black#76,,
00A9Q,2rq1rk1/1p3p1p/p1pn2p1/P2p4/1P1PnP2/3NP3/5PBP/R1Q3RK w - - 2 22,d3c5 e4f2,679,82,100,509,kingsideAttack master mate mateIn1 middlegame oneMove smotheredMate,https://lichess.org/Eek8XUCN#43,,
00AB1,8/7Q/3p1kp1/1p6/2b5/2P4P/5PPK/4q3 b - - 8 36,e1c3 h7h8 f6e6 h8c3,1107,76,96,11426,crushing endgame short skewer,https://lichess.org/KQDr21Ph/black#72,,
00AEM,r4rk1/p2q1p1p/1p3Qp1/2p4P/3p4/5R2/PPP2PP1/4R1K1 b - - 0 22,d7d8 e1e7 d8e7 f6e7,1700,74,100,361,crushing endgame short,https://lichess.org/xJtWPx56/black#44,,
00AFG,r4rk1/2q2ppp/p3bp2/2P2N1Q/Ppp5/8/1PP2PPP/R2R2K1 b - - 6 21,c7c5 f5h6 g7h6 h5c5,1486,78,99,1995,advantage discoveredAttack middlegame short,https://lichess.org/xpx24bwV/black#42,,
00AGs,rn2k2Q/5p2/2p1p1r1/1q4p1/8/8/4NPPP/3R1K1R b q - 5 23,e8e7 h8d8,898,119,94,525,mate mateIn1 middlegame oneMove,https://lichess.org/gBoWCcF2/black#46,,
00AHY,r6k/3NR1p1/4n2p/5b2/p6P/6R1/8/6K1 w - - 2 43,h4h5 a4a3 g3a3 a8a3 e7e8 h8h7,1356,79,84,1515,advantage endgame long,https://lichess.org/SFxNjHBp#85,,
00AOH,6k1/1R6/1p2p1pp/4P3/p1N2P2/6PK/7P/1r6 w - - 0 48,b7b6 b1b6 c4b6 a4a3 b6d7 a3a2,866,109,95,725,advancedPawn advantage endgame long,https://lichess.org/D6NQDAPE#95,,
00APl,3b1k2/1p4r1/p3qp1Q/8/8/3B1bP1/PP3P1P/2R3K1 b - - 0 29,d8b6 d3c4 f3d5 c4d5 e6d5 h6f6,2390,78,89,261,advantage long middlegame,https://lichess.org/daJYZiK5/black#58,,
00AVR,br1qkb1r/p1pp1ppp/4Pn2/6B1/3Qn3/5NP1/P3PPBP/RN1R2K1 b k - 0 15,d7e6 d4a4 d8d7 d1d7,1761,76,79,121,crushing opening short,https://lichess.org/KxeQFmHl/black#30,Zukertort_Opening Zukertort_Opening_Black_Mustang_Defense,
00AXb,5kr1/pp3p1p/1q2pBb1/1B1p4/P7/5P2/1P4rP/2Q1K2R b K - 0 21,g2g1 h1g1 b6g1 b5f1 g6c2 c1f4,2112,119,82,25,advantage defensiveMove long middlegame,https://lichess.org/4i5kxYT5/black#42,,
00Aae,1R6/1P6/4pkp1/5p2/3P3p/3KP3/8/1r6 b - - 0 43,h4h3 b8f8 f6e7 b7b8q b1b8 f8b8,1015,80,88,347,advancedPawn clearance crushing endgame long promotion rookEndgame,https://lichess.org/mLIjph1r/black#86,,
00Aas,3r1rk1/1p2q1pp/5p2/8/1P1n4/6Q1/PPbB1PPP/R2B1RK1 w - - 9 20,d1c2 d4e2 g1h1 e2g3 f2g3 d8d2,1111,75,96,8551,crushing fork long middlegame,https://lichess.org/wYjuq3zz#39,,
00AbP,4r1k1/pp3pp1/2p5/7b/4P2P/2P2N2/PP4K1/3R4 b - - 0 24,e8e4 d1d8 g8h7 f3g5,804,104,90,66,crushing endgame short,https://lichess.org/0NyDgLKw/black#48,,
00Ac7,8/2p1pk1p/Pp4p1/8/p1P2P2/3r2P1/3PR2P/3K4 b - - 1 33,a4a3 a6a7 d3d8 e2e3 a3a2 e3a3,2099,77,93,3082,advancedPawn advantage endgame long rookEndgame,https://lichess.org/SIcsTksL/black#66,,
00AcQ,8/1bpp2k1/1p5r/1P2P3/3P1P2/2P1n1K1/2Q3P1/8 w - - 0 30,c2a2 h6g6 g3f2 g6g2,1741,76,91,814,crushing endgame short,https://lichess.org/MqFuiB4J#59,,
00AdI,3r4/4kp1p/1PQ1p1p1/p3b3/1p2P2P/1P6/6PK/8 w - - 1 36,h2h3 d8d3 g2g3 d3g3 h3h2 g3c3,1263,78,97,8704,crushing discoveredAttack discoveredCheck endgame long master,https://lichess.org/WWyIGzPi#71,,
00Af3,8/8/2B2p1p/P4Pp1/3p1kP1/1b1Pb2P/8/4K3 b - - 0 50,f4g3 a5a6 b3c4 a6a7,1171,80,95,5703,advancedPawn bishopEndgame crushing endgame short,https://lichess.org/JBQDYKyD/black#100,,
00AfZ,2r3kR/Q7/5q2/1brpN3/5Pp1/4P1P1/6K1/1B6 b - - 2 43,f6h8 a7f7,925,77,100,564,master mate mateIn1 middlegame oneMove,https://lichess.org/xSsuq2RP/black#86,,
00AhO,r1b2rk1/2q2p1p/1p2pbp1/pP6/2P1Q3/P2B1N2/5PPP/3R1RK1 w - - 0 20,e4a8 c8b7 a8a7 f8a8 a7a8 b7a8,1229,82,92,2545,advantage clearance long master middlegame trappedPiece,https://lichess.org/9PjjgfVE#39,,
00Ahb,1k4nr/pp1r1ppp/4p3/1Nb2q2/2Pp4/6P1/PP3P1P/R1BQR1K1 b - - 2 14,g8h6 c1f4 f5f4 g3f4,1123,81,83,246,crushing middlegame short,https://lichess.org/Cyj8Qkox/black#28,Sicilian_Defense Sicilian_Defense_Franco-Sicilian_Variation,
00Al5,2r3k1/p2q1pbp/1p2pnp1/nB1p4/3P4/1Pr1P2P/P1QB1PP1/2R2RK1 w - - 0 19,b5d7 c3c2 d7c8 c2d2,1654,77,95,12039,advantage middlegame short,https://lichess.org/EtyflSie#37,Slav_Defense Slav_Defense_Schlechter_Variation,
00AoZ,8/1R6/p1pk4/6bp/1QP5/P7/KP6/3r2q1 b - - 2 44,g1c5 b7d7 d6d7 b4c5,1090,108,93,3460,advantage deflection endgame short,https://lichess.org/356BAYqk/black#88,,
00Aok,5rk1/Q2B1p1p/4p1p1/3p4/3N2b1/2q5/Pr3RPP/5RK1 w - - 0 23,f2f7 c3e3 g1h1 f8f7 a7a8 g8g7 f1f7 g7f7 a8e8 f7f6,2231,95,51,30,crushing intermezzo middlegame veryLong,https://lichess.org/kVjMAqKr#45,,
00Aq4,2k1r3/pppn1pp1/3b2b1/3p2Pp/2B2P2/3P3P/PPPR4/2K3NR w - - 0 18,c4d5 e8e1 d2d1 d6f4 c1b1 e1d1,1497,86,72,171,backRankMate deflection long mate mateIn3 middlegame,https://lichess.org/VIBqOZyc#35,Scandinavian_Defense Scandinavian_Defense_Main_Line,
00Ar2,r2q1r2/1n4pk/p6p/1pp2pb1/3n1B2/P1NPN2P/1PPQ1PP1/R3R1K1 w - - 0 21,c3d5 g5f4 d5f4 d8g5 d2d1 g5f4,1738,76,93,651,advantage clearance long middlegame,https://lichess.org/fRlxRFsV#41,,
00Au2,r5r1/pp2kp2/2p5/3pQ3/3P4/2NB4/PPP2q2/1K6 b - - 1 28,e7d7 d3f5 f2f5 e5f5,964,83,88,252,advantage endgame short,https://lichess.org/kAtvQDbU/black#56,,
00AuR,8/4bkp1/R6P/4p3/Pp2P3/1P1rB3/6P1/6K1 b - - 0 33,d3e3 h6h7 e3e1 g1h2,1675,80,85,37,advancedPawn crushing endgame short,https://lichess.org/NQjprK7P/black#66,,
00Aul,4r3/1p3R1p/1pb2R1B/7k/6P1/8/r6P/6K1 b - - 0 33,h5g4 f7g7 g4h4 h6d2 e8e1 d2e1,2666,105,88,550,crushing endgame long quietMove,https://lichess.org/WWumMDnF/black#66,,
00B2k,r4rk1/pbp3pp/1p1pp3/6B1/2PPp2q/3nP2P/PP3P2/R2QKBR1 w Q - 8 16,f1d3 h4f2,828,130,43,24,attackingF2F7 mate mateIn1 middlegame oneMove,https://lichess.org/SIYAVKzo#31,Dutch_Defense Dutch_Defense_Queens_Knight_Variation,
00B3B,2K5/3P4/5b2/p1B5/P7/3k4/6p1/8 w - - 7 77,d7d8q f6d8 c8d8 d3c4,1449,77,94,2295,crushing endgame short,https://lichess.org/b7iJvp5Z#153,,
00B7G,1rb2r1k/4q2p/p2p4/3B1p2/1pPb4/1P2NQ2/P5PP/2R2RK1 w - - 1 24,g1h1 e7e3 f3e3 d4e3,1666,75,86,154,crushing master masterVsMaster middlegame short,https://lichess.org/jBgjHSYd#47,,
00B8m,3b4/3P4/pp2Pk2/5r2/P6p/3Q4/8/7K w - - 1 43,d3f5 f6f5 e6e7 d8e7 d7d8q e7d8,1275,136,82,23,crushing endgame hangingPiece long,https://lichess.org/FpH6PRMC#85,,
00BCa,1r6/p2kp1P1/3p4/2pP4/2P2B2/pN6/5PK1/8 b - - 1 41,a3a2 b3c5 d6c5 f4b8 a2a1q g7g8q,1293,75,98,2139,advancedPawn crushing endgame long master promotion,https://lichess.org/B8N0BmLk/black#82,,
00BJm,r2q1rk1/1Q2bppp/p1N1p3/1p6/2pP1n2/2P5/PP3PPP/R4RK1 b - - 1 18,d8d5 c6e7 g8h8 e7d5,1088,75,97,1122,advantage fork hangingPiece middlegame short,https://lichess.org/Umzi5RNZ/black#36,Queens_Pawn_Game Queens_Pawn_Game_Colle_System,
00BKa,5rk1/p1Rb1ppp/2n1pn2/8/8/2P3P1/q4PBP/1rNQK2R b K - 2 16,f8c8 c7c8 d7c8 c1a2 b1d1 e1d1,2544,99,90,1569,advantage long middlegame,https://lichess.org/0bBHtpd4/black#32,French_Defense French_Defense_Winawer_Variation,
00BM8,r4rk1/pp2bppp/2ppnn2/8/N1P1P3/q1P4P/P2N2PB/R2Q1R1K b - - 0 16,a8d8 d2b1 a3a4 d1a4,1606,77,92,7511,advantage master middlegame short trappedPiece,https://lichess.org/IBbaWSo7/black#32,Caro-Kann_Defense Caro-Kann_Defense_Other_variations,
00BNd,1rr3k1/3bppbp/3p1np1/1B1N4/P2BP3/5P2/P2R2PP/R5K1 b - - 0 21,d7b5 d5e7 g8f8 e7c8,1026,80,100,589,advantage fork middlegame short,https://lichess.org/52dQ8pN2/black#42,,
00BPh,r4rk1/1b1p1p1p/p2NpQpq/1p6/3R4/P7/1P3PPP/3R2K1 b - - 9 23,b7d5 d4d5 h6g7 f6g7,1938,130,50,12,advantage kingsideAttack middlegame short,https://lichess.org/XrC5P8iP/black#46,,
00BQD,4r3/3R1pkp/6p1/1P6/1b6/5B2/1P1p1PPP/3R2K1 w - - 0 36,d1d2 e8e1,740,100,97,344,backRankMate endgame mate mateIn1 oneMove,https://lichess.org/ckr8Ti7I#71,,
00BSo,2r3k1/4R1pp/p1p2p2/2p5/2P5/1PbN3P/P4PP1/6K1 w - - 0 25,d3c5 c3b4 e7a7 b4c5,1266,80,93,824,advantage endgame short,https://lichess.org/SjQSgSG9#49,,
00BZ6,1r1r1bk1/3n1p1p/1qp3p1/2N1p3/PpQ1P3/4BP2/4N1PP/1R3RK1 w - - 0 24,f1c1 f8c5 e3c5 d7c5,2367,77,91,709,advantage master middlegame short,https://lichess.org/whBlSZL2#47,,
00Bex,1rb1qrk1/6bp/2np4/2pNpp2/2P5/3P1B2/1B3PPP/1R1QR1K1 b - - 0 22,c8e6 d5c7 e8f7 c7e6,1695,116,33,22,crushing middlegame short,https://lichess.org/qNuFxL0D/black#44,,
00Bg0,8/3k4/3P1K2/p2R4/5r2/5P2/8/8 w - - 1 57,d5f5 f4f5 f6f5 a5a4 f5e4 a4a3 e4d3 a3a2,1640,78,94,798,advancedPawn crushing endgame quietMove rookEndgame veryLong,https://lichess.org/Kh8jUvEa#113,,
00Bg4,3r2k1/1q3ppp/p2rp3/Qp1B4/7P/P4P2/1PP3P1/1K1R3R b - - 0 21,d6d5 a5d8 d5d8 d1d8,1370,85,75,314,backRankMate endgame mate mateIn2 short xRayAttack,https://lichess.org/6qWf8wOP/black#42,,
00Bm8,8/6kp/4b1q1/1p6/1PpPp2Q/2P1P3/r2N2P1/5RK1 w - - 7 34,d2e4 g6g2,1113,76,86,332,endgame master mate mateIn1 oneMove,https://lichess.org/ynNNLRgG#67,,
00Bn0,r1bqkb1r/pp1pnppp/2n1p3/1N6/5B2/8/PPP1PPPP/R2QKBNR b KQkq - 4 6,e6e5 b5d6,1029,106,74,171,mate mateIn1 oneMove opening smotheredMate,https://lichess.org/uxtqY7nh/black#12,Horwitz_Defense Horwitz_Defense_Other_variations,
00Bn4,1k6/pp6/4nNp1/P6p/3pr3/7P/3R1PPK/8 b - - 0 40,e4e5 f6d7 b8c7 d7e5,689,101,85,725,crushing endgame fork short,https://lichess.org/jvMUtZF5/black#80,,
00BnG,4Q3/ppkr1pp1/2p3n1/2P4p/1P1P4/4K3/P5P1/8 w - - 2 33,d4d5 d7e7 e8e7 g6e7,1426,204,43,12,crushing endgame fork short,https://lichess.org/ilH2rBRb#65,,
00Bot,8/5p2/p3kP2/8/5r2/R1P5/4P3/4K3 b - - 2 52,f4f6 a3a6 e6e5 a6f6,723,79,100,242,crushing endgame rookEndgame short,https://lichess.org/FWA12ElZ/black#104,,
00Bp0,1r2kr2/pp3p1p/2b1pn2/4N3/2P5/1N1B4/P3KP1P/6R1 b - - 4 21,f6e4 e5c6 b7c6 d3e4,1229,79,93,8720,advantage capturingDefender middlegame short,https://lichess.org/GN8F9TsL/black#42,,
00Bpq,7k/pb1r2p1/1pq2n1p/2p1RP2/2P5/1NP3BP/P7/2Q2BK1 w - - 1 37,c1e3 c6h1 g1f2 d7d1 b3d2 d1d2,2222,94,88,38,advantage kingsideAttack long middlegame,https://lichess.org/NgovIYPX#73,,
00BrZ,r6r/pp2kb2/3p1p1Q/1N1Pp3/3bP3/P2B2P1/1P4PP/7K w - - 6 28,h6d2 h8h2 h1h2 a8h8 d2h6 h8h6,1380,76,84,441,attraction kingsideAttack long mate mateIn3 middlegame pillsburysMate sacrifice,https://lichess.org/ANKrgoJi#55,,
00Bse,8/5p2/1R4k1/6p1/8/3r2PP/5K2/8 b - - 3 40,g6h5 g3g4 h5h4 b6h6,830,78,71,98,endgame mate mateIn2 rookEndgame short,https://lichess.org/PnM8NvEX/black#80,,
00Bul,rnbqk2r/pp3ppp/5n2/3pN3/2B5/2P5/P1PPQPPP/R1B1K2R b KQkq - 1 8,d5c4 e5c6 c8e6 c6d8,1295,76,97,2118,advantage discoveredAttack discoveredCheck opening short,https://lichess.org/70pObIpq/black#16,Kings_Pawn_Game Kings_Pawn_Game_Gunderam_Gambit,
00C3O,r2qkbnr/pp4pp/2p2p2/4n2b/2B1P3/2N2N2/PPP3PP/R1BQ1RK1 w kq - 0 10,d1e2 h5f3 g2f3 d8d4,2037,80,92,1648,crushing kingsideAttack opening short,https://lichess.org/F4Vo1eZG#19,Kings_Gambit Kings_Gambit_Other_variations,
00C7m,8/5k2/1P4R1/6PK/1r6/8/8/8 w - - 1 58,h5h6 b4h4,745,119,67,62,endgame mate mateIn1 oneMove rookEndgame,https://lichess.org/ZbuTrTYp#115,,
00C8Y,rnb2rk1/pp3p1p/3p2Pb/4p1q1/3pQ3/8/PPP1PPP1/RN2KBNR w KQ - 1 12,g1f3 g5c1,930,81,96,263,mate mateIn1 middlegame oneMove,https://lichess.org/hTQm3Cc6#23,Indian_Defense Indian_Defense_Other_variations,
00C8e,8/5p1k/5Ppb/2p3P1/1p6/8/KB5Q/3q4 b - - 4 58,d1a4 a2b1 a4d1 b2c1,1559,112,100,72,endgame equality pin short,https://lichess.org/YqVcRoWF/black#116,,
00CBU,8/2pR2kp/pb4p1/8/5p1P/B6K/P1r5/6r1 b - - 3 39,g7h6 a3f8 h6h5 d7h7,1836,83,78,69,deflection endgame mate mateIn2 short,https://lichess.org/8sbUxgqT/black#78,,
00CFp,rn1q3k/pp4pp/1b2B3/4N3/5r2/2p5/PP4PP/RN3Q1K w - - 0 16,f1f4 d8d1 f4f1 d1f1,477,90,88,444,kingsideAttack mate mateIn2 middlegame short,https://lichess.org/6VajuPk6#31,Kings_Gambit_Accepted Kings_Gambit_Accepted_Kings_Knights_Gambit,
00CMj,7R/8/8/6p1/2p1p1k1/2PbK2p/P7/8 w - - 4 71,e3f2 e4e3 f2e3 g4g3,1655,77,96,26266,crushing defensiveMove endgame master short,https://lichess.org/JJZ8AIxT#141,,
00CNA,rnbq1r2/pp1n2bk/3pB1p1/4P1N1/5P2/2p5/PPP3P1/R1BQK3 b Q - 1 13,h7h8 d1d3 d8g5 f4g5,2717,90,92,1131,crushing opening short,https://lichess.org/FSuTnQiL/black#26,Pirc_Defense Pirc_Defense_Austrian_Attack,
00CWE,3r4/1p4p1/2pBkbBp/p1P5/3rp3/P7/1PK2P2/4R3 b - - 1 31,e6d5 g6f7,1503,81,94,3731,endgame mate mateIn1 oneMove,https://lichess.org/VCQ4NAd0/black#62,,
00CXr,r2k2nr/pp2qBb1/3p3p/Q5p1/3n1B2/2N2R2/PPP3P1/R5K1 b - - 1 18,b7b6 a5d5 d4f3 g2f3 a8c8 f4d6,1909,75,91,1795,advantage long middlegame sacrifice,https://lichess.org/sr8OoFsx/black#36,Kings_Gambit_Accepted Kings_Gambit_Accepted_Fischer_Defense,
00CYP,3rk2r/p1p2pp1/1p6/2pQ1b2/2Pn1P2/8/PP1P1KBq/R1B1R3 b - - 3 25,e8f8 d5d8,709,77,100,328,hangingPiece mate mateIn1 middlegame oneMove,https://lichess.org/LywFPEls/black#50,,
00CbV,2r3k1/5p2/p3p1nQ/3pPP2/2qN4/2b3BP/7K/4R3 b - - 0 33,c3e1 f5f6 e1g3 h2g3 c4d3 d4f3 d3f3 g3f3 g6h4 h6h4,2479,78,92,1354,crushing middlegame veryLong,https://lichess.org/B294fXRo/black#66,,
00CcK,8/8/3p4/4kp2/1pP3pP/1RbK2P1/8/8 w - - 2 42,b3c3 b4c3 d3c3 f5f4 c3d3 f4g3,1691,156,79,16,crushing endgame long,https://lichess.org/y0n2EkgP#83,,
00Cfq,6k1/ppR2pp1/4p1p1/4P1N1/3r2P1/1P4K1/P6r/8 b - - 5 30,h2e2 c7c8 d4d8 c8d8,562,86,100,522,endgame mate mateIn2 short,https://lichess.org/Mtebd1Gr/black#60,,
00CiZ,5r1k/6b1/3p3p/1P1q2pQ/r5P1/3p1N1P/3R2P1/4R2K w - - 2 34,e1d1 f8f3 g2f3 d5f3,1360,79,77,141,crushing middlegame short,https://lichess.org/PJQUqCX1#67,,
00CpR,4r1k1/B7/2p2pK1/3n3p/8/1Q3PP1/P6r/8 b - - 0 31,e8e5 b3b8 e5e8 b8e8,629,89,85,320,endgame mate mateIn2 short,https://lichess.org/tX2xyrPX/black#62,,
00Cqg,2rr2k1/pp4bp/4qpp1/3Pp3/8/4Q2P/4B1P1/2RR3K b - - 0 26,c8c1 d5e6 d8d1 e2d1 c1d1 h1h2,1615,79,92,839,advantage defensiveMove hangingPiece long middlegame,https://lichess.org/mXY3kzod/black#52,,
00Cs4,2r1q1k1/8/b2b1r1p/Pp1pNpp1/3Pn3/1RPQ3P/P1B1NPP1/4R1K1 w - - 3 28,a2a4 b5a4 d3a6 a4b3,1401,86,85,74,advantage middlegame short,https://lichess.org/fswqBBFw#55,,
00CtD,r5k1/3q1p2/p1Np2N1/1p4P1/4r3/1Q5P/Pb6/5R1K b - - 0 28,e4c4 c6e7 d7e7 g6e7,1498,95,100,48,crushing middlegame short,https://lichess.org/iW1pmF8e/black#56,,
00CtS,Q5k1/5q2/p2p4/b1p1pr2/P7/6P1/4KP1R/8 b - - 3 38,g8g7 a8h8 g7g6 h8h6,967,78,96,3149,endgame mate mateIn2 short swallowstailMate,https://lichess.org/yKolw9vl/black#76,,
00Cwz,1r5r/5pk1/4p3/2Np2PP/p1nP4/n1P5/P3B3/K1R4R w - - 2 34,c5a4 b8b1 c1b1 a3c2,1475,78,89,119,mate mateIn2 middlegame sacrifice short,https://lichess.org/o6LOeNAf#67,,
00D12,8/6pp/8/3kP3/1p1P2P1/rPpK3P/4R3/8 b - - 1 39,a3b3 e5e6 c3c2 d3c2 b3c3 c2d2,2133,87,90,1331,crushing endgame long rookEndgame,https://lichess.org/iC0vC5to/black#78,,
00D77,5rk1/bpp3pp/p1npb3/4p3/1P2Nr1q/P1PP3P/1B1QBPR1/2K3R1 b - - 2 21,h4h3 g2g7 g8h8 e4g5,1798,76,92,1928,crushing kingsideAttack middlegame short,https://lichess.org/PgppfwbE/black#42,,
00DAs,r5nr/ppp3p1/3bBk1p/4nP2/3p4/8/PPPN1P1P/R1B1K2R b KQ - 1 15,g8e7 d2e4,665,79,100,273,mate mateIn1 middlegame oneMove,https://lichess.org/FKD6drCM/black#30,Scotch_Game Scotch_Game_Other_variations,
00DBP,5k1r/pp1b1p2/4p2p/2KpP2B/5P2/P5R1/7P/8 b - - 4 34,h8g8 g3g8 f8g8 c5d6,1335,80,93,826,advantage endgame master short,https://lichess.org/Gh4SusNq/black#68,,
00DBg,rn2kbnr/pp6/2p2p2/4P3/4P1pq/2N3N1/PPPB2B1/R2Q1RK1 w kq - 1 17,g1f2 f8c5 d2e3 c5e3 f2e3 h4g3,1114,78,88,476,advantage attraction exposedKing long middlegame,https://lichess.org/hXAo4Q2j#33,Pirc_Defense Pirc_Defense_Other_variations,
00DEc,8/p5pk/1p3b1p/3r3P/6P1/3nBN2/P4PK1/4R3 w - - 3 30,e1d1 d3f4 e3f4 d5d1,1091,77,87,171,crushing discoveredAttack endgame short,https://lichess.org/T0mRW37D#59,,
00DII,2rr2k1/p5p1/1p5p/2pP1p1P/2q5/P4QR1/5PP1/4R1K1 b - - 3 31,c4d5 e1e8 g8f7 f3d5 d8d5 e8c8,1790,75,97,3907,advantage endgame intermezzo long,https://lichess.org/vJnBcDxi/black#62,,
00DKr,3r1k2/2p1R3/p2p2n1/1p6/1P1P2Q1/7P/5qPK/3R4 w - - 2 42,d1e1 g6e7 e1e4 f8e8,2142,82,91,974,advantage defensiveMove endgame short,https://lichess.org/mYdqj7UD#83,,
00DPI,3r2k1/1B3p1p/6p1/3N4/3p2P1/6r1/5KP1/3R4 b - - 5 35,g3g4 d5f6 g8g7 f6g4,953,81,92,806,advantage endgame fork short,https://lichess.org/Wjj7mxD9/black#70,,
00DPQ,2k4r/pp3pp1/4pn2/2np2p1/8/1B1P1Pq1/PPPN1R2/R2Q3K w - - 6 20,f2h2 g3h2,765,97,84,116,kingsideAttack mate mateIn1 middlegame oneMove,https://lichess.org/AKiNfVd0#39,,
00DU5,r1bq1rk1/5ppp/p2p1b2/1p1Pn3/1P2Q3/P1NB3P/1B3PP1/R4RK1 b - - 2 17,c8b7 e4h7,471,92,78,105,kingsideAttack mate mateIn1 middlegame oneMove,https://lichess.org/sDwtQGBU/black#34,Sicilian_Defense Sicilian_Defense_Delayed_Alapin_Variation,
00DUp,8/8/1p2k1p1/7p/P2KPp1P/5P2/8/8 w - - 8 66,e4e5 g6g5 d4e4 g5h4,1697,75,83,344,crushing endgame pawnEndgame short,https://lichess.org/ZuP4W5nU#131,,
00DWo,b4b1r/3k1ppp/p2p4/1p2p3/3nq3/N1P1B3/PP3PPP/R2Q1RK1 w - - 1 16,c3d4 e4g2,1060,105,82,45,kingsideAttack mate mateIn1 middlegame oneMove,https://lichess.org/bSwKB2bL#31,Sicilian_Defense Sicilian_Defense_Kalashnikov_Variation,
00DYf,1R6/6kp/3p1pp1/2r1p3/P7/1P6/2r2PPP/1R4K1 w - - 4 30,b3b4 c2c1 b1c1 c5c1,484,107,93,447,backRankMate endgame mate mateIn2 rookEndgame short,https://lichess.org/nLqNgF9I#59,,
00DZe,8/5k2/7p/p1P1bPpP/Pp2P3/1P1pBK2/8/8 w - - 1 47,e3f2 g5g4 f3e3 e5d4 e3d3 d4f2,2318,78,93,6249,bishopEndgame crushing deflection endgame long master skewer,https://lichess.org/MVHl8Zy9#93,,
00DcC,5k2/6pp/p1b3P1/2N2P1r/p7/8/1KP5/5R2 b - - 0 36,h7h6 c5e6 f8e7 e6g7,1400,78,86,193,crushing deflection endgame master short,https://lichess.org/mWXM78x4/black#72,,
00DdW,5rk1/4bppp/4b3/1p1pPpPP/2pP4/2P5/rqNQKP2/2RRN3 b - - 5 23,e7a3 c1b1 b2b3 b1b3,1693,75,87,780,advantage middlegame short trappedPiece,https://lichess.org/bT7kcwFH/black#46,,
00Dib,7k/8/4PKR1/3r4/6P1/6b1/8/8 b - - 2 46,g3h4 g4g5 h4g5 g6g5 d5g5 f6g5,1468,77,100,685,endgame master,https://lichess.org/o6FLrwm5/black#92,,
00DkJ,3r1bnr/2p2ppp/2b5/R1k5/5P2/2N5/4N1PP/1R4K1 b - - 3 21,c5d6 b1d1 d6e7 a5e5 e7f6 d1d8,1575,75,92,3061,crushing deflection exposedKing long middlegame,https://lichess.org/JJiGlqDg/black#42,,
00Dke,5bk1/2Q2p1p/5qp1/p7/P1Bp4/1Pr4P/5PP1/3R2K1 b - - 5 27,c3c2 c4f7 g8g7 c7c2,1498,77,89,186,crushing discoveredAttack endgame master short,https://lichess.org/SOcXiDBN/black#54,,
00Dlt,r3kb1r/p4pp1/b1p4p/n3p3/4N3/2Nq1Q2/PP1P1PPP/R1B2RK1 w kq - 0 14,f3f5 d3f1,510,95,82,200,kingsideAttack mate mateIn1 oneMove opening,https://lichess.org/fDwnUxIU#27,Italian_Game Italian_Game_Two_Knights_Defense,
00Dt6,5rk1/p4p1p/4p1p1/5nq1/8/5QPP/5PK1/2RR4 w - - 6 35,c1b1 f5h4 g2f1 h4f3,1204,78,67,49,crushing endgame pin short,https://lichess.org/TTZUVvIZ#69,,
00Dxh,8/8/8/6R1/2pk2P1/1r3K1P/8/8 w - - 0 48,f3g2 c4c3 g5g7 c3c2,1349,115,69,46,advancedPawn crushing endgame master masterVsMaster rookEndgame short,https://lichess.org/iUtKfI3K#95,,
00DzI,8/2p5/2P2k1p/2pKp3/3p2P1/3B1p2/7P/8 w - - 0 42,d5c5 f6g5 c5d5 g5f4 h2h4 f4e3,2590,90,85,61,bishopEndgame crushing endgame long,https://lichess.org/5cjWO8nE#83,,
00E29,r1bq1rk1/4bppp/p1n5/3P4/Pp6/3B1N2/1B3PPP/R2Q1RK1 b - - 0 17,d8d5 d3h7 g8h7 d1d5,969,80,86,352,crushing discoveredAttack kingsideAttack middlegame short,https://lichess.org/tWRCApub/black#34,Sicilian_Defense Sicilian_Defense_Old_Sicilian,
00E4Z,1r4k1/p4p1p/6p1/3rb3/K7/2PpB3/1P1R1PPP/7R w - - 1 25,h1d1 d5d6 b2b4 e5c3 e3c5 d6a6,2290,81,84,164,advantage endgame long master masterVsMaster quietMove,https://lichess.org/YRE2uOtG#49,,
00EBZ,3rr1k1/p4pp1/1pp4p/3pPQ2/1P3P2/2P3qP/P2R2P1/5RK1 w - - 1 24,f1f3 g3e1 g1h2 e1d2,818,110,95,1387,crushing endgame fork short,https://lichess.org/FrMf0UcF#47,,
00EDN,rnbq1rk1/p4ppp/1p2p3/2p5/2QPn3/2P1PN2/P3BPPP/R1B2RK1 w - - 0 11,c1a3 c8a6 c4a6 b8a6,1556,80,85,78,advantage middlegame short,https://lichess.org/clViyZ2d#21,Nimzo-Indian_Defense Nimzo-Indian_Defense_Normal_Variation,
00EDa,r1bk3r/ppp1np1p/3p2pP/1N2P1q1/2BP1n2/8/PPP3P1/R1BQ2KR w - - 1 14,e5d6 g5g2,774,80,98,639,kingsideAttack mate mateIn1 oneMove opening,https://lichess.org/dTj38zoQ#27,Three_Knights_Opening Three_Knights_Opening_Other_variations,
00EEp,3k2q1/pb1p3p/1p1P4/2p5/2P2Q1K/8/P7/5R2 b - - 2 36,b7g2 f4f8 g8f8 f1f8,1665,78,88,96,endgame mate mateIn2 short,https://lichess.org/dWHeDlRz/black#72,,
00EJb,6k1/5pp1/2R1p2p/8/P1B5/1P4P1/1q3Q1P/3r2K1 w - - 1 35,g1g2 d1d2 c6c8 g8h7 c4d3 f7f5 c8c2 d2f2,2288,81,87,450,advantage endgame pin veryLong,https://lichess.org/ki9WEgCM#69,,
00ERL,1r2R1k1/2Q4p/pp6/2p2n2/P2P1P1q/2P4P/2PB2b1/4R1K1 b - - 0 29,b8e8 e1e8,813,77,100,231,mate mateIn1 middlegame oneMove,https://lichess.org/Da4ZV4Yw/black#58,,
00EUB,3r1k1r/5p1p/b2q1p2/P2Np3/Bp2P3/2b2P2/3Q2PP/1R2K2R w K - 4 24,d5c3 d6d2,578,103,55,58,mate mateIn1 middlegame oneMove,https://lichess.org/Fgs0hDjT#47,,
00EUu,8/5P1P/1p4K1/8/6P1/8/2p5/k6r b - - 0 62,h1h6 g6h6 c2c1q g4g5 c1c6 h6g7,2529,99,91,3467,crushing defensiveMove endgame long,https://lichess.org/u5HjwjcV/black#124,,
00EWi,8/8/1R3pkp/1pP5/1P3PKP/r7/8/8 w - - 2 48,b6b5 f6f5,903,82,94,487,endgame mate mateIn1 oneMove rookEndgame,https://lichess.org/RxrVCbwq#95,,
00EXM,r1n1r1k1/3R1ppp/2p5/5P2/8/1P2B3/P7/5RK1 b - - 6 33,e8e3 d7d8 e3e8 d8e8,621,84,100,80,backRankMate endgame mate mateIn2 short,https://lichess.org/8NAvp1ZS/black#66,,
00EXP,2n3k1/p4ppp/2p1p3/P1NrP3/1n1r4/3N4/5PPP/1R1R2K1 w - - 0 29,d3b4 d4d1 b1d1 d5d1,564,95,100,128,backRankMate mate mateIn2 middlegame short,https://lichess.org/YsjTBKuB#57,,
00EXS,r3r1k1/p2Q1p1p/1p2p1p1/8/1P1P4/P3P3/1B2Nb1q/2KR1R2 w - - 0 19,f1h1 f2e3 c1b1 h2e2,1548,81,76,45,advantage discoveredAttack middlegame short,https://lichess.org/CeNY4SjC#37,,
00Ea3,3r4/p5k1/1p1qprnp/1Q1pN1p1/3P1pP1/1PP5/P5PP/4RRK1 b - - 3 29,g6e5 d4e5 d6c5 b5c5 b6c5 e5f6,1316,76,87,389,crushing fork long middlegame,https://lichess.org/6TJRc5H1/black#58,,
00EbJ,r2q1rk1/ppp2ppp/2nbb3/8/6n1/2NPBN2/PPP1BPPP/R2QK2R w KQ - 5 9,f3g5 g4e3 f2e3 d8g5,1201,94,53,80,capturingDefender crushing opening short,https://lichess.org/wlZv7BWx#17,Scandinavian_Defense Scandinavian_Defense_Modern_Variation,
00Ec4,2rq1r1k/p5pp/8/1p1BpPb1/2Pp2Q1/P2P2R1/6PP/R5K1 b - - 3 25,c8c7 g4g5 d8g5 g3g5,823,97,85,346,crushing middlegame short,https://lichess.org/HUFGdjKK/black#50,,
00EdH,r4rk1/pb3ppp/1p2p3/3q4/3N4/2PQ3P/PP3PP1/R4RK1 w - - 1 18,d3c2 d5g2,633,87,87,97,kingsideAttack mate mateIn1 middlegame oneMove,https://lichess.org/R9ruy5QZ#35,Scandinavian_Defense Scandinavian_Defense_Mieses-Kotroc_Variation,
00EgR,N2k3r/1b1n1Bpp/p7/1pb1P3/6P1/4p3/PPP4P/1K1R3R w - - 1 20,e5e6 b7h1 d1d7 d8c8 d7c7 c8b8,1770,77,93,2858,advantage long middlegame,https://lichess.org/PfKZb868#39,,
00Elq,rn3q1r/4pk1p/2pp1np1/p5Q1/1p1PPNP1/5P2/PPP5/R4KNR b - - 0 17,h7h6 g5g6,832,93,100,205,mate mateIn1 middlegame oneMove,https://lichess.org/uNIyIYur/black#34,Pirc_Defense Pirc_Defense_Other_variations,
00Enl,2kr4/1pp5/p1b2R1n/2PpP3/3B2p1/2P1Q1Pp/PPq4P/5RK1 w - - 3 27,f6h6 c2g2,831,77,87,158,mate mateIn1 middlegame oneMove,https://lichess.org/2XZ7QI0F#53,,
00EoE,r1b1k3/ppr4p/5p2/5p2/8/2P3P1/P4PP1/4RK1R b q - 1 23,e8f7 h1h7 f7g6 h7c7,974,79,73,65,crushing endgame short skewer,https://lichess.org/25vOJGCF/black#46,,
00Er4,r3k2r/p1bN2pp/2p1pp2/3p3b/3P1q2/2N4P/PPPQ1PP1/R3R1K1 w kq - 0 16,e1e6 e8d7 d2f4 c7f4,1236,78,88,183,crushing hangingPiece middlegame short,https://lichess.org/xukRQ21f#31,Caro-Kann_Defense Caro-Kann_Defense_Other_variations,
00Erm,3r4/6k1/1p1pr1p1/p1p2p2/PnP1p1P1/1P6/3R1PBP/4R1K1 b - - 0 29,b4d3 d2d3 e4d3 e1e6 d3d2 g2f3,1402,77,83,152,crushing defensiveMove endgame long,https://lichess.org/kE9mu3xO/black#58,,
00Evs,5qk1/pQ3pp1/7p/b2N1b2/P3r3/5K2/7P/R4B2 b - - 1 24,g7g5 d5f6 g8h8 f6e4,1058,85,92,1020,advantage fork middlegame short,https://lichess.org/ZuufvD5S/black#48,,
00Ezc,rnb1k2r/ppp4p/3b1qp1/3P1pBQ/4p2N/2N5/PPP2PPP/R3R1K1 b kq - 1 13,f6f7 c3e4 f5e4 e1e4,1982,75,89,1387,crushing middlegame short,https://lichess.org/DlEjvVuJ/black#26,Russian_Game Russian_Game_Italian_Variation,
00F1l,8/2k1b3/5p2/RBpK1Pp1/Pp1p2P1/3P4/2r5/8 b - - 2 45,b4b3 a5a7 c7b8 a7e7,836,80,80,189,crushing endgame master short skewer,https://lichess.org/By9yxCU0/black#90,,
00F2o,6k1/4qpp1/3p3p/8/2BP4/1Pn5/2Qn1PPP/6K1 w - - 0 29,c2c3 e7e1 c4f1 e1f1,978,78,72,125,endgame mate mateIn2 short,https://lichess.org/Xik1cEk4#57,,
00F3S,3r1rk1/5ppp/p5q1/1p1P4/2PpP3/P6Q/B4PPP/2R3K1 b - - 0 29,g6e4 a2b1 e4b1 c1b1,1329,99,85,27,crushing endgame short,https://lichess.org/kCnMPvjO/black#58,,
00F5G,2rqrbk1/pp3ppp/4n3/3p1N2/3NnBQ1/2P4P/PP3PP1/R4RK1 b - - 14 22,e6f4 f5h6 g8h8 h6f7,1522,82,86,63,crushing deflection kingsideAttack middlegame pin short,https://lichess.org/HLNR4ZJ8/black#44,,
00F5e,4k2r/1p2b1p1/p1q1Rp2/2p4p/8/1Q4B1/PP3PpP/6K1 b k - 1 22,c6d7 g3d6 d7d6 e6d6,1598,75,100,661,advantage endgame short,https://lichess.org/h4PR749V/black#44,,
00F6y,2k3r1/ppp2prp/1q2b3/8/Q7/2P1R1P1/P4P1P/4R1K1 b - - 3 23,e6d7 e3e8 d7e8 e1e8 g8e8 a4e8,938,97,92,830,long mate mateIn3 middlegame queensideAttack sacrifice,https://lichess.org/Hii0fRVd/black#46,,
00FAe,5Rbk/6pp/8/p3P3/Pp1pq3/8/1P4PP/3Q2K1 w - - 1 35,d1b3 e4e1 f8f1 e1f1 g1f1 g8b3,1621,77,93,1024,crushing endgame long,https://lichess.org/EvpVpm3n#69,,
00FF5,r3k3/ppp1qp2/1b1p3p/4p2r/2B1P1b1/P1PP1P2/1P4PQ/RN3R1K b q - 2 18,e7h4 c4f7 e8e7 f7h5,1942,77,92,4698,attackingF2F7 crushing middlegame short,https://lichess.org/YBDgjNpz/black#36,Italian_Game Italian_Game_Giuoco_Pianissimo,
00FGc,1r4k1/5p2/2q3bp/4R3/p1r5/P1N5/1PP1Q2P/1KR5 w - - 2 33,b1a2 c4c3 b2c3 f7f6,2438,84,86,137,advantage middlegame sacrifice short,https://lichess.org/N39SSpf9#65,,
00FH6,r6r/1q2bpk1/7p/p1p1pPpn/Pp2P1nP/1P1B1N2/2P3P1/2BRR1QK w - - 7 30,c1b2 h5g3,910,77,100,749,mate mateIn1 middlegame oneMove,https://lichess.org/ckigRGV8#59,,
00FHO,8/1pp5/p2p3p/3P1Pk1/P3K1P1/1P5R/8/2r5 w - - 1 39,e4f3 c1c3 f3g2 c3h3 g2h3 h6h5 g4h5 g5h5,2229,103,66,38,crushing endgame rookEndgame veryLong,https://lichess.org/0KBMAMQh#77,,
00FHX,2r3k1/5p1p/4pP2/3p3P/8/5P2/p1b3P1/2R3K1 b - - 0 30,c2b1 c1c8,473,96,85,851,endgame hangingPiece mate mateIn1 oneMove,https://lichess.org/rztVgThB/black#60,,
00FND,8/1P6/8/7p/3P4/3k1p1P/4p3/3K4 w - - 0 49,d1e1 d3e3 h3h4 f3f2,1828,76,96,4003,advancedPawn endgame mate mateIn2 pawnEndgame short,https://lichess.org/C4mOV5Og#97,,
00FOM,8/5k2/8/3pPPB1/1p4K1/1b6/8/8 b - - 0 45,b3d1 g4h4 d1a4 e5e6,2594,90,72,170,bishopEndgame crushing defensiveMove endgame short,https://lichess.org/9wp9pR0Q/black#90,,
00FON,1k6/8/8/6p1/1pp5/p4PP1/N1P4P/7K w - - 0 38,h2h4 b4b3 c2b3 c4b3,956,86,91,1772,crushing endgame knightEndgame short,https://lichess.org/D9f2JIE8#75,,
00FPo,7R/1K3p2/6k1/PP4p1/8/6rp/8/8 b - - 2 47,g5g4 a5a6 h3h2 h8h2,1850,80,93,4932,crushing endgame rookEndgame short,https://lichess.org/6C03NLdu/black#94,,
00FaB,2k2bn1/ppp2Nrp/2b1p3/3q2BQ/8/8/PP3PPP/RN3RK1 w - - 5 18,b1c3 d5g2,668,83,75,111,kingsideAttack mate mateIn1 middlegame oneMove,https://lichess.org/fjSUfcn3#35,Ponziani_Opening Ponziani_Opening_Jaenisch_Counterattack,
00Feu,4R1k1/p4r1p/1pp2rp1/8/5B1q/4QP1P/P1P2PK1/8 b - - 2 28,f7f8 f4g5 h4g5 e3g5,2011,77,99,297,crushing endgame fork short,https://lichess.org/IEDYgK0q/black#56,,
00FjB,rnbk3r/pppp1Bpp/8/5p2/4p3/2PP4/P1P2PPP/R1B1K2R b KQ - 0 13,h8f8 c1g5,878,145,59,211,doubleBishopMate mate mateIn1 middlegame oneMove,https://lichess.org/r1BPO2dx/black#26,Bishops_Opening Bishops_Opening_Boden-Kieseritzky_Gambit,
00Flp,r2q1rk1/ppp2ppp/2n5/3p2N1/3P4/1B5P/P1Q1bPP1/R1B2RK1 b - - 2 16,e2f1 c2h7,643,81,100,267,kingsideAttack mate mateIn1 middlegame oneMove,https://lichess.org/SXoBpAj9/black#32,Italian_Game Italian_Game_Classical_Variation,
00Foc,r1b1r1k1/p1p2p1p/2q1N3/7p/8/b1NPB3/PP3P1P/R3K1R1 b Q - 1 18,g8h8 e3d4 f7f6 d4f6,1267,183,100,12,kingsideAttack mate mateIn2 middlegame short,https://lichess.org/TkQdZJbE/black#36,Italian_Game Italian_Game_Two_Knights_Defense,
00G0z,Q4n1k/p2b2pp/3b4/2p5/4pq2/2Pn3P/PP1NBPP1/R1B2RK1 w - - 1 23,d2e4 f4h2,1330,94,29,59,mate mateIn1 middlegame oneMove,https://lichess.org/5yn9tO6O#45,,
00G1l,5k2/1R6/3pp1P1/2p5/1pr1PK2/5P2/8/8 b - - 0 60,c4c1 f4g5 c1g1 g5f6,1815,75,89,418,crushing defensiveMove endgame master rookEndgame short,https://lichess.org/IWYBiMcT/black#120,,
00G7g,3r1rk1/p4pp1/b1p4p/8/BPPq4/P2P3P/2Q3P1/RNB4K b - - 2 27,d4a1 c1b2 a1b2 c2b2,1297,74,89,731,advantage middlegame short,https://lichess.org/Gbq7pxMD/black#54,,
00G81,3r4/5k2/p4Pp1/2pK2Pp/2R5/P7/8/8 w - - 7 51,d5c5 d8c8 c5d4 c8c4 d4c4 h5h4,1442,76,98,7153,crushing defensiveMove endgame long rookEndgame,https://lichess.org/Q8HZlLcF#101,,
00GAf,r5k1/5pp1/1p1rb2p/3pR2q/p1pP4/P1P3Q1/5PPN/4R1K1 b - - 1 30,h5g6 g3g6 f7g6 e5e6 d6e6 e1e6,1327,76,75,247,crushing long middlegame,https://lichess.org/DJ3edB5i/black#60,,
00GBV,3r1rk1/pp2n1pp/8/8/Nq6/1PB5/P3QPPP/4R1K1 b - - 1 25,b4d6 e2e7 d6e7 e1e7,1451,77,85,317,advantage middlegame short,https://lichess.org/MksLS6CR/black#50,,
00GBX,r6k/pp2n1pp/2nN4/4p1Br/1PB5/2P4b/P3Nb1P/R2R3K b - - 1 22,h5g5 d6f7 h8g8 f7g5,864,83,97,843,advantage discoveredAttack discoveredCheck fork middlegame short,https://lichess.org/1YLxwOt0/black#44,,
00GHw,r1bq1r2/1p4kp/4p1p1/1NpPp1P1/2P1P3/pPQ4B/P4n2/2KR3R b - - 1 21,f2h1 c3e5 g7g8 d5e6 d8e7 d1h1 e7g7 e5g7,2496,115,90,461,advantage middlegame veryLong,https://lichess.org/VU9ATvfr/black#42,,
00GRa,1r3rk1/2p1Nppb/p2nq3/1p2p1Pp/4Qn1P/2P1N3/PPB2P1K/3R2R1 b - - 5 28,e6e7 e4h7,431,116,96,1248,kingsideAttack mate mateIn1 middlegame oneMove,https://lichess.org/QiJhfG8J/black#56,,
00GVf,2b2k2/6q1/pn4p1/1rp2p2/8/8/1P2Q1P1/1K2R2R b - - 3 32,c8d7 h1h8 g7h8 e2e7 f8g8 e7d8,1544,77,94,8017,crushing exposedKing long middlegame sacrifice,https://lichess.org/sTFSNjA5/black#64,,
00GWg,1r1r2k1/pp4pp/2nNb3/2R2p2/2P1p3/8/P4PPP/3BR1K1 w - - 1 26,d6b7 b8b7 c5c6 b7b1 g1f1 d8d1 e1d1 b1d1 f1e2 e6d7,2051,83,91,1130,crushing middlegame veryLong,https://lichess.org/M7Dta3mv#51,,
00GY4,3k2r1/pR5R/3r4/4p1q1/7Q/3Pn1PP/PP5K/8 b - - 0 27,g5h4 b7b8,1156,78,94,1273,endgame mate mateIn1 oneMove,https://lichess.org/uDdpetkC/black#54,,
00GYk,1r4k1/p3p1bp/1n3qp1/6B1/6Q1/1P4pP/P5B1/3R3K b - - 0 29,f6e5 g5f4 e5f4 g4f4,1647,75,69,65,crushing master middlegame short,https://lichess.org/YCWBuQpY/black#58,,
00Gc5,8/p1r2p2/4r3/2P1PK2/1P1R4/3R2pk/8/8 w - - 2 46,d4g4 e6e5 f5e5 h3g4,1600,77,83,78,advantage deflection endgame rookEndgame short,https://lichess.org/LXnKoW3r#91,,
00GiQ,5r2/1p3p1k/6pp/p1qp1P2/7Q/5N2/6PP/5N1K b - - 4 31,b7b5 f3g5 h7g7 f5f6 g7f6 g5e4,1830,76,94,890,attraction crushing discoveredCheck doubleCheck endgame long pin,https://lichess.org/XLwP4TgT/black#62,,
00Go6,2k5/1pp2pp1/p3p1p1/3pP2r/Q7/2P1N1P1/PP3nP1/2KR3r b - - 6 20,f2d1 a4e8,1098,80,58,49,endgame mate mateIn1 oneMove,https://lichess.org/kRAei3k6/black#40,,
00GoO,r1b2rk1/ppb5/2p4p/2Ppqpp1/1P6/2N1P3/P3BPPP/2RQ1RK1 w - - 0 16,e2d3 e5h2,524,89,100,294,kingsideAttack mate mateIn1 middlegame oneMove,https://lichess.org/sf8dREp6#31,Dutch_Defense Dutch_Defense_Normal_Variation,
00Gt0,R7/4k3/5p2/3p2p1/4b2p/2K1P2P/5PP1/8 w - - 2 47,f2f3 d5d4 c3d4 e4a8,1052,79,83,108,crushing discoveredAttack endgame master short,https://lichess.org/5OO7Wczb#93,,
00GuD,1n5k/4r1p1/p2q1rPp/1ppB4/8/3P4/PPP1RPQ1/2K4R b - - 4 25,e7e2 h1h6 g7h6 g6g7 h8h7 g7g8q,1152,76,88,562,advancedPawn kingsideAttack long mate mateIn3 middlegame promotion sacrifice,https://lichess.org/zcHeWRaO/black#50,,
00GuG,2R5/7p/1K4k1/8/5p2/5n2/8/8 w - - 0 63,c8c6 g6f5 b6c5 h7h5,2511,93,91,1550,advantage defensiveMove endgame master short,https://lichess.org/6xU6SaA2#125,,
00Gv1,8/1pp1r1kp/4r1p1/p1P5/5Q2/P4PPq/1P1R3P/3R2K1 w - - 2 32,d2d8 e6e1 d1e1 e7e1 g1f2 h3f1,1008,76,100,189,endgame long mate mateIn3,https://lichess.org/cF0zaKHB#63,,
00Gvp,8/2kn1p2/8/3P4/R7/2P1N3/1r2K3/8 w - - 13 70,e2d3 d7c5 d3d4 c5a4,877,76,100,387,advantage endgame fork short,https://lichess.org/CIq1kOGh#139,,
00Gvr,8/1b3pp1/1k4Pp/4K2P/4PP2/8/8/8 b - - 0 46,f7f6 e5e6 b7e4 e6f7,1149,77,89,2801,advantage bishopEndgame defensiveMove endgame master short,https://lichess.org/tHhRpYsL/black#92,,
00Gyu,r1b1k1nr/1pp2p2/p7/1B1q3p/6p1/4PP2/PPPQ1P2/2KR3R b kq - 1 17,d5b5 d2d8,448,103,93,285,mate mateIn1 middlegame oneMove,https://lichess.org/EZLk62ss/black#34,Queens_Pawn_Game Queens_Pawn_Game_Accelerated_London_System,
00Gz6,r7/p3qkp1/1p4p1/3Nn3/Q7/4PP2/PP3K2/6R1 b - - 0 25,e7c5 a4f4 f7e6 f4e4 a8f8 g1g6,2253,105,89,1187,crushing endgame fork long pin,https://lichess.org/F80hPRFE/black#50,,
00H1C,r3r3/1kpRnqpp/p4p2/Qp2P2P/1N6/4Pb2/PPP3P1/2K2R2 b - - 0 22,e7c6 a5c7,1249,76,93,3370,mate mateIn1 middlegame oneMove swallowstailMate,https://lichess.org/GzcjOw0p/black#44,,
00H2I,4rrk1/ppp2pp1/7p/3n4/3P3q/1P2p2P/P5P1/R1BQRBK1 w - - 2 23,c1b2 h4f2 g1h2 f2b2,2052,77,87,46,crushing fork middlegame short,https://lichess.org/cCjO5vXk#45,,
00H2L,8/8/2p2p2/p4P1p/Pk5P/4K1P1/8/8 w - - 1 39,e3d3 c6c5 d3e2 c5c4 g3g4 h5g4,2360,91,90,660,crushing endgame long pawnEndgame quietMove,https://lichess.org/UMoEkwn0#77,,
00H5n,8/5Rpk/3p3p/p1qPp3/P3n3/5N1P/1Q3PPK/2r5 b - - 0 35,e4f2 b2b7 c1h1 h2g3 f2e4 g3g4 e4f6 f7f6 c5b4 b7b4,2503,83,91,572,advantage endgame pin quietMove veryLong,https://lichess.org/84oSZ8O3/black#70,,
00H87,6k1/2q1pp2/p5pB/2p4n/3pP1Q1/P2P3P/1r4P1/5RK1 b - - 1 30,c7g3 g4c8 g8h7 f1f7 h5g7 f7g7 h7h6 c8h8 h6g5 g7g6 g5g6 h8g8 g6f6 g8g3,1912,76,88,422,attraction crushing deflection endgame sacrifice skewer veryLong,https://lichess.org/hQEAqclb/black#60,,
00H8a,5bk1/2R4p/6p1/8/2b1NP1P/4P1K1/r7/8 b - - 2 45,c4d3 e4f6 g8h8 c7h7,798,83,89,336,arabianMate endgame mate mateIn2 short,https://lichess.org/7UUQgJDC/black#90,,
00H9n,7k/6p1/8/4p3/Pp1b4/1P3b1q/3Q2P1/5RK1 w - - 0 45,d2d4 h3g2,893,81,90,311,endgame master mate mateIn1 oneMove,https://lichess.org/MaGCLflH#89,,
00HAM,R2q1r1k/1p3Qpp/1n6/3P2pP/2PP2P1/1P6/2K5/5R2 b - - 0 29,d8a8 f7f8 a8f8 f1f8,545,79,100,102,backRankMate endgame mate mateIn2 short,https://lichess.org/BgVpYpY8/black#58,,
00HDS,6k1/pp2R3/6pp/8/3r4/P4BbP/1P4P1/6K1 b - - 3 38,d4c4 f3d5 g8f8 e7f7 f8e8 d5c4,1462,87,55,36,crushing endgame exposedKing fork long,https://lichess.org/K4Eh4BSQ/black#76,,
00HEh,3R1rk1/pp3ppp/2p3b1/2n3P1/2B2q1P/5N2/PPP1QP2/4R1K1 b - - 0 23,f8d8 e2e8 d8e8 e1e8,812,88,90,467,kingsideAttack mate mateIn2 middlegame sacrifice short,https://lichess.org/ekEf00kl/black#46,,
00HEx,b7/5pk1/R3pn1p/8/3NP3/5P2/6PP/2rB2K1 w - - 1 31,a6a8 c1d1 g1f2 d1d4,911,93,93,1220,crushing endgame fork hangingPiece master short,https://lichess.org/Kl5pBLfs#61,,
00HGG,8/pp6/2p1kpp1/3p4/3P1PPp/1P3K2/P1P4P/8 w - - 0 31,g4g5 f6g5 f3g4 g5f4 g4f4 e6f6,1682,75,85,139,crushing defensiveMove endgame long pawnEndgame,https://lichess.org/JyqJknFl#61,,
00HHN,4r2k/p6p/1p3R2/2p5/2P5/1P4R1/r5PP/2K5 w - - 0 32,f6f7 e8e1,887,108,93,919,endgame mate mateIn1 oneMove rookEndgame,https://lichess.org/tMmxk7ja#63,,
00HIV,8/8/1p1k1n1p/4p3/1PP2pp1/3K4/3N1PPP/8 b - - 3 37,h6h5 d2e4 f6e4 d3e4,782,84,98,885,crushing endgame knightEndgame master short,https://lichess.org/1mef1VFJ/black#74,,
00HJd,r1bqkb1r/pp2pppp/2p2n2/2PnN3/2BP1B2/8/PP3PPP/RN1QR1K1 b kq - 2 12,d5f4 c4f7,1242,123,57,48,attackingF2F7 mate mateIn1 oneMove opening,https://lichess.org/LuwogjsN/black#24,Caro-Kann_Defense Caro-Kann_Defense_Exchange_Variation,
00HLP,r4rk1/3nqpp1/4p2p/1p2P3/2pn1Q2/P2B3N/1P3PPP/3R1RK1 w - - 0 24,d3b1 d4e2 g1h1 e2f4,824,79,100,111,crushing fork middlegame short,https://lichess.org/KFAwEaua#47,,
00HPz,6r1/7p/2pk1p2/P2p4/P2KbP2/4P3/4NR1P/8 w - - 1 35,e2c3 c6c5,678,120,94,713,endgame master mate mateIn1 oneMove,https://lichess.org/ElfQqRYp#69,,
00HXr,2k4r/Q1p2pp1/5n2/3rNq2/4p2p/6Pb/PPP1BP1P/R3R1K1 b - - 1 22,h4g3 a7a8,1437,75,100,896,mate mateIn1 middlegame oneMove,https://lichess.org/c18wDmSc/black#44,,
00HZC,4r1k1/pp1qn3/2p4R/6p1/3P1rR1/3Q2P1/PP3P1P/6K1 b - - 0 31,f4g4 d3h7 g8f8 h6f6,1548,77,74,142,endgame mate mateIn2 short,https://lichess.org/SPwu7cIA/black#62,,
00HZa,6k1/6pp/1p6/p1n5/4qp2/1P2PN2/P4PPP/3Q2K1 b - - 0 28,f4e3 d1d8 g8f7 f3g5 f7g6 g5e4,937,87,87,342,crushing endgame fork long master,https://lichess.org/WRMbDs53/black#56,,
00HeG,8/1p5k/p3pQq1/3pP3/2p3P1/2P5/PP6/2K5 w - - 3 33,f6h4 g6h6 h4h6 h7h6,851,107,96,412,crushing endgame master queenEndgame short,https://lichess.org/Fe29uA9P#65,,
00Hfa,6k1/5ppp/5Bq1/8/p3R3/P6P/2r2QB1/R5K1 b - - 0 29,c2f2 e4e8,704,78,100,159,endgame mate mateIn1 oneMove,https://lichess.org/FXBTZRsW/black#58,,
00Hk4,5rk1/p4ppp/4p3/1Q6/1P1BN1b1/8/Pq3PPP/R1r1KB1R w KQ - 2 18,a1c1 b2c1,851,86,98,600,mate mateIn1 middlegame oneMove,https://lichess.org/gpoTbULY#35,Scandinavian_Defense Scandinavian_Defense_Modern_Variation,
00HnR,q5kr/p4p2/3Bb1p1/4p2p/5n2/2P5/P1Q2PPP/3R1RK1 w - - 4 21,d6e5 a8g2,805,78,97,643,master mate mateIn1 middlegame oneMove,https://lichess.org/Iva57KFW#41,,
00HoG,5r1k/5r2/2b2RQp/1p1p2p1/1q4P1/8/8/1B3R1K b - - 0 36,f7f6 g6h7,1487,85,89,4656,mate mateIn1 middlegame oneMove,https://lichess.org/zwJu9mKP/black#72,,
00Hpe,1rr3k1/4Qppp/qp2p3/P2pn3/3N4/4P2P/5PP1/RR4K1 b - - 3 29,b6a5 b1b8 c8b8 e7c7 b8c8 c7e5,1768,76,90,193,advantage fork long middlegame,https://lichess.org/7DmRgaqW/black#58,,
00HqY,8/6p1/8/6k1/4P3/5KpP/8/8 b - - 3 46,g5h4 f3g2 h4g5 g2g3,1802,75,95,1638,crushing endgame master pawnEndgame short zugzwang,https://lichess.org/eG289RUU/black#92,,
00Htd,rnbqk2r/1p3ppp/p4b2/2Pp4/8/2N2N2/PP2PPPP/R2QKB1R w KQkq - 0 9,d1d5 f6c3 b2c3 d8d5,952,91,94,1203,crushing intermezzo opening short,https://lichess.org/ZWQwqa9S#17,Tarrasch_Defense Tarrasch_Defense_Two_Knights_Variation,
00Hut,r4rk1/4p1bp/3p2p1/q1pP1P2/4QP2/4B3/1p5P/1BKR3R w - - 0 22,c1c2 a5c3,1162,75,94,3136,mate mateIn1 middlegame oneMove,https://lichess.org/wzUXW4h3#43,,
00Huv,3r2q1/5prk/p3pQpp/1p2P3/2p4R/2P2P1P/PPB2P2/6K1 b - - 2 29,g8f8 h4h6 h7g8 f6h4,1763,78,91,602,clearance crushing endgame short,https://lichess.org/KGI2jWmb/black#58,,
00Hxb,1rbr1k2/p4ppp/2B5/2pR1NP1/2P5/P7/7P/4R1K1 b - - 0 27,d8d5 e1e8,1125,81,83,1196,endgame mate mateIn1 oneMove operaMate,https://lichess.org/FW9LwaHK/black#54,,
00HzH,2r2Qk1/p2q2p1/1p2p1Np/3p3P/3Pb1P1/2P5/PP3R2/6K1 b - - 4 33,c8f8 f2f8 g8h7 f8h8,762,102,91,419,endgame hookMate mate mateIn2 short,https://lichess.org/XB8lgZ9N/black#66,,
00HzR,8/8/p2k4/1pp5/2K4P/1P1P1RP1/7r/8 w - - 0 46,c4c3 b5b4 c3c4 h2c2,956,85,77,173,endgame mate mateIn2 rookEndgame short,https://lichess.org/kznBjH2A#91,,
00HzX,4r1k1/5pp1/2R4p/1p6/8/1PP3QP/2q2PP1/6K1 w - - 0 29,c6h6 c2c1 g1h2 c1h6,1565,80,92,1449,crushing endgame fork short,https://lichess.org/tKKATkce#57,,
00I8g,4rk2/3Rnrp1/8/4Q1p1/7P/6K1/8/8 w - - 0 50,h4g5 e7f5 e5f5 f7f5,923,75,100,468,crushing endgame short,https://lichess.org/5U3wSf5r#99,,
00ICz,2k2rr1/1p1q3p/1p2p3/1NbpQ3/P1p2P2/6P1/6KP/R4R2 b - - 0 31,f8f5 b5a7 c8d8 e5b8 d8e7 b8g8,1205,76,95,5925,crushing long middlegame skewer,https://lichess.org/aGEDdbh2/black#62,,
00IDw,4r3/pN3kpp/2N1b3/2R5/5b2/P7/1P3PPP/7K w - - 1 30,g2g3 e6h3 c5c1 f4c1,1862,75,86,184,advantage endgame quietMove short,https://lichess.org/KmTVU8Fo#59,,
00IDz,8/8/2p2P2/K2b3p/7N/P1k5/8/8 w - - 0 63,f6f7 d5f7 a5b6 f7d5 b6c5 c3b3,1621,76,69,119,crushing endgame long master quietMove,https://lichess.org/saSpYsAv#125,,
00IEW,6k1/6p1/R6p/3P1N2/8/3K4/2r2b2/8 b - - 5 57,c2c8 f5e7 g8f7 e7c8,843,91,78,264,crushing endgame fork short,https://lichess.org/yowrXxcg/black#114,,
00IF1,1k6/p1p5/P2p4/3P4/1PK2N1p/4P3/5r2/4B3 b - - 12 57,f2f4 e3f4 h4h3 e1g3,1266,78,92,642,crushing defensiveMove endgame hangingPiece short,https://lichess.org/bX3dAdx9/black#114,,
00IF7,b3k2r/4bpp1/2q1p2p/1p1nP3/1Pp1N3/2P5/2B2PPP/2BQR1K1 w k - 0 19,c1e3 d5c3 d1g4 c3e4,1726,76,74,64,crushing middlegame short,https://lichess.org/7PRHzjIO#37,Sicilian_Defense Sicilian_Defense_Old_Sicilian,
00IFk,r1b4r/ppk2ppp/2p5/3n2B1/2P5/6P1/P1P1B2P/2KR3R b - - 0 16,d5c3 g5f4 c7b6 c4c5 b6c5 f4e3,2150,75,87,131,attraction crushing long middlegame,https://lichess.org/aDBJY27j/black#32,Philidor_Defense Philidor_Defense_Lion_Variation,
00IHi,8/4R3/1k6/8/p7/1p1N2P1/5KP1/r7 w - - 0 55,e7e1 a1e1 f2e1 a4a3 e1d2 a3a2 d2c3 a2a1q,1710,76,94,5253,advancedPawn crushing endgame promotion veryLong,https://lichess.org/DiBepPdz#109,,
00IKw,3r2k1/pp1P1p1p/6p1/2R1P2r/3Q1P2/6Pq/7P/3R2K1 w - - 1 33,d4d2 d8d7 d2d7 h3h2 g1f1 h2g3 d7d8 g8g7 d8f6 g7h6 f6g5 h5g5,2491,108,91,247,advantage deflection endgame sacrifice veryLong,https://lichess.org/R6IG9d87#65,,
00IMS,1r4k1/r5q1/p2p1pP1/4pP2/2p1P2Q/2PbnBK1/P6R/2R5 b - - 7 35,e3f5 e4f5 d3f5 f3d5,1706,75,91,240,clearance crushing kingsideAttack middlegame short,https://lichess.org/4sOYAEfF/black#70,,
00IPp,4Q3/6pk/p3p2p/5p2/1p1P2P1/4q2P/2B1n2B/7K w - - 0 35,g4f5 e3f3,1520,88,90,2718,endgame mate mateIn1 oneMove,https://lichess.org/JKNcTJw1#69,,
00ISm,5r2/4bp1k/2ppq1p1/4p1Q1/4N2P/3P4/1P1R1P2/4K1R1 b - - 0 29,e7g5 e4g5 h7h6 g5e6,907,88,84,86,crushing endgame fork short,https://lichess.org/Nx7iGvHH/black#58,,
00ITc,3r1rk1/3b1pp1/7p/8/N2Qp1n1/1P6/PB1q1PP1/R5K1 b - - 1 25,d7a4 d4g7,921,81,88,124,mate mateIn1 middlegame oneMove,https://lichess.org/tGroDLV4/black#50,,
00IUT,1r2r1k1/ppp1q1pp/4b3/4P3/1Q1p1P2/8/P5PP/R1BR2K1 w - - 6 19,d1d4 c7c5 b4a3 c5d4 a3e7 e8e7,1381,75,95,28436,crushing fork long middlegame,https://lichess.org/93xXeKdX#37,Italian_Game Italian_Game_Classical_Variation,
00IUW,8/Q1p1r1kp/5pp1/3P3r/4P3/2N2bPq/PPP2R1P/5RK1 w - - 3 23,a7e3 h3g3 h2g3 h5h1,1615,75,97,3184,clearance kingsideAttack mate mateIn2 middlegame operaMate sacrifice short,https://lichess.org/83tyhOfz#45,,
00IYg,r1b2r2/pp2npp1/1qn1p1k1/3pP1N1/3P3P/P7/1P1Q1PP1/RN2K2R b KQ - 0 13,f7f6 h4h5 g6h6 g5e6 h6h7 e6f8,1720,75,94,2200,advantage discoveredAttack discoveredCheck long middlegame,https://lichess.org/SWSWl6dS/black#26,French_Defense French_Defense_Advance_Variation,
00IaZ,4R3/1k2R3/3K2p1/1P6/1P6/2rp3r/8/8 b - - 3 45,b7b6 e8b8,923,86,83,430,endgame master mate mateIn1 oneMove rookEndgame,https://lichess.org/MA0bo8dV/black#90,,
00IbM,6k1/5rp1/p2B3p/P1Pp4/1P6/2q1P2P/4Q1P1/6K1 w - - 0 34,e2a6 c3e1 g1h2 f7f1 a6f1 e1f1,1629,103,90,18,advantage endgame long quietMove,https://lichess.org/u2FmrsSU#67,,
00IiM,r5k1/pp4p1/1n6/3pB3/3P2pb/2NQ1r2/PP6/2K3R1 w - - 2 24,d3f3 g4f3 g1g7 g8f8,1719,77,92,3020,advantage middlegame short,https://lichess.org/qzEITbaG#47,,
00InW,8/2p5/pp1p4/3PnN2/PPP1Pp2/5P1p/5K1k/8 b - - 3 46,e5f3 f2f3 h2g1 f3f4 h3h2 f5g3,1450,77,93,1188,crushing defensiveMove endgame hangingPiece knightEndgame long,https://lichess.org/CZaimWSp/black#92,,
00IpT,r1bk3r/ppp1n2p/3pNQ2/8/2BpP2p/8/PPPq2PP/R5K1 b - - 2 21,d8d7 f6h8 d7c6 h8e8,2130,112,87,20,crushing hangingPiece middlegame short,https://lichess.org/pxYUaQJx/black#42,,
00IqI,r5k1/pp3ppp/2p5/4pb2/2B2q2/P1P1nP2/1P1Q3P/3R1R1K b - - 1 22,e3c4 d2d8 a8d8 d1d8,1409,95,68,70,backRankMate master mate mateIn2 middlegame sacrifice short,https://lichess.org/I0tBjrDC/black#44,,
00Ivf,8/2p4r/1p3k2/p2Pp1p1/P1P1RpP1/1P3P1r/4R1K1/8 w - - 7 46,e4e5 h3h2 g2f1 h2h1 f1f2 h7h2,1604,79,93,285,endgame long mate mateIn3 rookEndgame,https://lichess.org/VX0fLjAC#91,,
00J1Y,1q3r2/p5k1/1p2pbpp/2p2p2/2P1N3/2P2PQP/PP3P2/6RK b - - 2 29,f5e4 g3g6 g7h8 g6h6,1139,81,93,819,deflection endgame mate mateIn2 short,https://lichess.org/8onUzszE/black#58,,
00J1t,r1qr3k/pp3pB1/1np1pb2/8/3P3P/2N2PR1/PP1Q2P1/2KR4 b - - 0 22,f6g7 d2g5 d8g8 g5h5 g7h6 h5h6,1638,73,96,15596,exposedKing kingsideAttack long mate mateIn3 middlegame,https://lichess.org/77hjhVfM/black#44,,
00J5q,8/5Qpk/4p3/1p6/p7/1q1bB2P/5PP1/6K1 b - - 0 32,a4a3 e3d4 e6e5 f7b3,2201,86,89,100,crushing endgame short,https://lichess.org/GpZfwLfY/black#64,,
00J5r,r4rk1/1p4p1/p1p1n1Pp/q3p3/4P3/2N1QP2/PPP5/2KR3R w - - 0 21,h1h6 g7h6 e3h6 a5c7,2112,76,85,102,crushing defensiveMove master middlegame short,https://lichess.org/1DzEGAx8#41,,
00J7i,3r2k1/pQ3ppp/4R1n1/2q5/2P5/2B3P1/P4PBP/6K1 b - - 0 24,f7e6 b7g7,978,100,69,70,endgame master masterVsMaster mate mateIn1 oneMove,https://lichess.org/nBfwpOrE/black#48,,
00J9b,4k2r/4bppp/5n2/4N3/3P4/2P3P1/rp1KQP1P/1R5q b k - 1 21,h1b1 e2b5 e8f8 b5b8 f6e8 e5d7 f8g8 b8e8 e7f8 e8f8,1399,75,100,339,middlegame,https://lichess.org/5clAThq4/black#42,,
00JAo,8/5r2/6pk/7p/7P/5PK1/R7/8 b - - 2 58,g6g5 a2a6 h6g7 h4g5,1167,79,78,141,crushing deflection endgame master rookEndgame short,https://lichess.org/mIuVoEMA/black#116,,
00JET,3r2k1/5ppp/3Rp3/8/8/8/1P3PPP/2R3K1 b - - 0 34,d8d6 c1c8 d6d8 c8d8,399,101,82,224,backRankMate endgame mate mateIn2 rookEndgame short,https://lichess.org/O8W3yIa7/black#68,,
00JFF,4r1k1/ppqb3p/6B1/3pb2Q/8/2P5/PP1B2PP/5RK1 b - - 0 20,h7g6 h5g6 e5g7 f1f7 c7c5 g1h1 c5f8 f7f8,2017,89,88,53,crushing middlegame pin veryLong,https://lichess.org/e986oDw6/black#40,,
00JH5,8/2Q2pk1/8/3pp2P/8/2Pq4/KP6/8 b - - 1 36,d3c4 c7c4 d5c4 b2b4,2082,84,89,46,crushing defensiveMove endgame queenEndgame short,https://lichess.org/1co2FGQN/black#72,,
00JMV,8/1p4pk/pPp4b/P1P1P3/3pq1b1/2Q5/6PP/2B2RK1 w - - 0 32,c3e1 e4e1 f1e1 h6c1,2180,89,90,416,advantage endgame short,https://lichess.org/DRP46kUW#63,,
00JO7,5rk1/ppq3pR/4p1r1/3p4/8/2P4Q/PP3RPP/6K1 b - - 0 22,c7c5 h7h8,986,79,89,91,endgame mate mateIn1 oneMove,https://lichess.org/Vd3DWn3Y/black#44,,
00JQS,5r1k/pb3Qpp/2p5/5p2/3P4/8/PPP2PPP/4R1K1 b - - 0 21,f8f7 e1e8 f7f8 e8f8,560,99,76,639,backRankMate endgame mate mateIn2 short,https://lichess.org/jB9KjawU/black#42,,
00JR7,r4rk1/pp2q1p1/2p1p2p/3nP1pP/3P2P1/2PQ1R2/PPB5/R5K1 b - - 1 23,f8f3 d3h7 g8f7 c2g6 f7f8 h7h8,1405,75,95,4979,kingsideAttack long mate mateIn3 middlegame,https://lichess.org/jSoa2xnc/black#46,,
00JS1,2r5/1p2k1pp/4p3/1N3p2/5P2/P2nP3/1R4PP/6K1 w - - 0 24,b2d2 c8c1 d2d1 c1d1,528,103,77,695,endgame mate mateIn2 short,https://lichess.org/ROJJOhHY#47,,
00JYV,r2q1rk1/p1p1bppp/2pp1nb1/4p3/4P1PN/2NP3P/PPP2PK1/R1BQ1R2 b - - 4 11,f6e4 h4g6 e4c3 g6e7 d8e7 b2c3,1609,73,95,19004,advantage kingsideAttack long opening,https://lichess.org/rJrzfvfs/black#22,Ruy_Lopez Ruy_Lopez_Steinitz_Defense,
00JZk,7k/1q5p/3Q2p1/8/P3p3/1p2B2P/1br3P1/R5K1 b - - 0 32,b7f7 a1f1 f7f1 g1f1,2055,81,91,2355,crushing endgame short,https://lichess.org/YuyVHFxe/black#64,,
00JaW,8/r7/Pk5p/3R2p1/4p1P1/4P3/3K4/8 b - - 0 48,a7a6 d5d6 b6a5 d6a6 a5a6 d2c3 a6b7 c3d4,1080,80,88,204,crushing endgame exposedKing rookEndgame veryLong,https://lichess.org/K2MPI0zt/black#96,,
00JfN,r6r/1bpnk3/1p1pB3/pP1P3q/P3PQP1/2b2N1P/2P2P2/R3R1K1 b - - 0 24,h5h3 f4f7 e7d8 f7d7,971,78,92,306,mate mateIn2 middlegame short,https://lichess.org/Srytn3TD/black#48,,
00JqT,2r2rk1/pp2R3/5p2/3p1q2/3P4/4QPPp/PP3R1P/6K1 w - - 2 30,g3g4 f5b1 f2f1 b1b2 e3e6 g8h8,1897,75,98,751,crushing deflection endgame long,https://lichess.org/HwVtqWsg#59,,
00JsQ,r1b1k1nr/pp1np2p/2q1Npp1/2P1p3/2B5/2N3B1/PPPR1PPP/2K4R b kq - 2 14,d7c5 d2d8 e8f7 d8f8,1990,78,83,393,mate mateIn2 middlegame short,https://lichess.org/5HP9frAd/black#28,Indian_Defense Indian_Defense_Other_variations,
00JtR,1rbk3r/3qp1b1/p3p1Bp/1N1P2p1/8/P5P1/1P2Q1P1/R3K2R w KQ - 2 23,d5e6 d7b5 e2d2 d8c7 a1c1 c7b7 g6e4 b7a7,2099,75,92,4156,crushing defensiveMove middlegame veryLong,https://lichess.org/eQy3tkuB#45,,
00JzT,8/7p/6pK/5p2/4p3/1k4P1/5P1P/8 w - - 2 44,h6h7 g6g5 g3g4 f5f4,1638,76,79,83,crushing defensiveMove endgame pawnEndgame quietMove short,https://lichess.org/Zk86Dja7#87,,
00K0G,8/8/8/2Pk4/pK4p1/3N4/5P2/3b4 b - - 7 59,d1e2 d3f4 d5c6 f4e2,777,87,80,88,crushing endgame fork master short,https://lichess.org/xIDctz9w/black#118,,
00K48,6Qk/6pp/p2B4/2pP4/P1q5/6P1/2P1p2P/5RK1 b - - 0 26,h8g8 f1f8,476,106,91,487,endgame master mate mateIn1 oneMove operaMate,https://lichess.org/vGu9FCAH/black#52,,
00K7b,7k/1p4p1/pP1r4/4qp2/P2Nn3/1Q5P/2N3K1/3R4 w - - 4 48,g2f1 e5f4 b3f3 f4f3 d4f3 d6d1,2018,77,94,1467,advantage exposedKing long middlegame,https://lichess.org/svUJgRqK#95,,
00K8j,r2q2kr/p4pp1/4b2p/n1Qn4/5B2/4P3/PP3PPP/2KR1BNR w - - 1 14,f4c7 d8c7 c5c7 d5c7,1368,75,87,231,advantage opening short,https://lichess.org/AiNXhpcc#27,Queens_Gambit_Declined Queens_Gambit_Declined_Queens_Knight_Variation,
00KAq,5rr1/3pk1q1/p2Rp3/1pP4p/1P3p2/2P2QP1/1P3P1P/5RK1 w - - 1 26,d6d4 f4g3 d4d7 e7d7 f3b7 d7e8,1429,74,100,697,advantage endgame long,https://lichess.org/bqU1drSK#51,,
00KHR,8/6pk/1Q1p2n1/4p3/2P3P1/P2PP2P/1B4K1/4q3 w - - 1 35,g2f3 g6h4 f3e4 e1h1,1426,80,93,1547,endgame mate mateIn2 short,https://lichess.org/m54DAZPv#69,,
00KMV,1r3k2/1p1q1p2/p2p1np1/2pP2bp/2P1P1n1/1PQ3P1/P3N1K1/3N1R1R b - - 11 28,f6e4 c3h8 f8e7 h8b8,943,85,93,2641,crushing middlegame short skewer,https://lichess.org/zMA7YEmv/black#56,,
00KNB,2rr2k1/5p2/4p2p/4N1pQ/1p3P2/4P3/np3P1P/2q2BRK b - - 1 32,c8c7 h5h6 b2b1q h6g5,2499,108,87,531,crushing kingsideAttack master middlegame pin short,https://lichess.org/Ri0duT8T/black#64,,
00KNK,r3r1k1/p1p4p/3b4/4p1qN/8/1P1b1Q2/P2P1PP1/B5KR b - - 2 22,e5e4 h5f6 g8f8 f6h7 f8e7 a1f6 g5f6 f3f6,2022,83,92,741,advantage deflection discoveredCheck doubleCheck fork middlegame veryLong,https://lichess.org/L8oTZ2cM/black#44,,
00KO5,2r2rk1/3p1ppp/p3p3/1p2q3/6P1/3Q4/PP5P/1K2RR2 b - - 0 22,e5h2 f1h1 h2c2 d3c2 c8c2 b1c2,1323,78,87,139,advantage endgame long,https://lichess.org/jUnUTglG/black#44,,
00KOz,8/r4k2/7R/5PK1/1n6/8/8/8 b - - 3 56,b4d5 h6h7 f7f8 h7a7,960,101,95,1100,crushing endgame master short skewer,https://lichess.org/QVprMNzR/black#112,,
00KRo,4r3/pp1b2pp/3k4/2pP1pK1/2P1p2P/2P3P1/P3R3/2B5 b - - 2 26,d6e5 c1f4,894,82,100,53,endgame mate mateIn1 oneMove,https://lichess.org/Ac88Gnjc/black#52,,
00KSB,r7/4kpRp/2p2p1P/p1P1n3/Pp6/1B6/5PP1/6K1 b - - 2 35,a8h8 f2f4 e5d7 g7f7,1462,76,94,7079,crushing endgame short,https://lichess.org/GqvPZnmI/black#70,,
00KVF,4r1k1/p4ppp/bqp2n2/2Qp4/3P4/8/PP3PPP/RNB1N1K1 w - - 1 16,c5c3 b6b5 e1d3 b5d3,2335,82,83,76,crushing middlegame short,https://lichess.org/KXFidiSb#31,Sicilian_Defense Sicilian_Defense_Old_Sicilian,
00KVO,4r3/p1R3p1/4r2p/3k1n2/3p4/P5B1/1P4PP/4R1K1 w - - 2 28,c7a7 e6e1 g3e1 e8e1,834,95,76,55,crushing endgame short,https://lichess.org/4wKfUa8h#55,,
00KVb,2k2r2/pp5p/3p4/3Nb1p1/8/1P1P3P/P1Pn4/1K1R1R2 w - - 3 28,d1d2 f8f1 d2d1 f1d1,588,99,75,174,endgame hangingPiece mate mateIn2 pillsburysMate short,https://lichess.org/tzIW1ZLM#55,,
00KYC,5rk1/p6p/2r1pBp1/4P3/2b5/3p4/P4PPP/1R2R1K1 w - - 0 27,b1b7 f8f6 e5f6 d3d2 e1d1 c4e2,2272,83,83,58,advancedPawn clearance crushing endgame long master sacrifice,https://lichess.org/wxhreSsZ#53,,
00KYE,r1b2k1r/pp4p1/2pq2p1/3p4/3p4/1N6/PPP2PPP/R2Q1RK1 w - - 0 17,d1d4 d6h2,894,101,86,190,kingsideAttack mate mateIn1 middlegame oneMove,https://lichess.org/IOpSkMQi#33,Italian_Game Italian_Game_Scotch_Gambit,
00KYU,3r4/p2n2kp/1p2Bpp1/2r2N2/4q3/6QP/P5P1/5R1K b - - 1 40,g7f8 g3d6 f8e8 d6e7,1262,74,93,1815,mate mateIn2 middlegame short,https://lichess.org/UlNVmHbT/black#80,,
00Kbj,8/8/6p1/PR3p2/1P3k2/7P/r5P1/7K w - - 1 39,h3h4 f4g3 b5d5 a2a1 d5d1 a1d1,1479,79,94,15981,endgame long mate mateIn3 rookEndgame,https://lichess.org/PW8a1JvE#77,,
00Kd8,3R4/3P4/8/5p2/5kPp/8/3r1KP1/8 w - - 1 64,f2g1 f4g3 g1f1 f5g4,2133,75,80,281,advantage endgame rookEndgame short,https://lichess.org/loJK0sJF#127,,
00Keu,R7/1p3kp1/2pK3p/3p1PP1/1r1B2nP/8/1P6/8 b - - 2 39,b4d4 g5g6 f7f6 a8f8,882,94,94,1405,endgame mate mateIn2 short,https://lichess.org/hCWa2OUn/black#78,,
00KgF,4r3/p5k1/1p5P/1P2P1K1/8/5N2/8/8 b - - 0 42,g7h7 g5h5 h7g8 f3g5 e8e5 h5g6 e5b5 h6h7,2589,79,100,118,advancedPawn crushing endgame quietMove sacrifice veryLong,https://lichess.org/o4AD9loc/black#84,,
00KgR,5r1k/1pq3p1/2p2P1p/3pPQ2/1p1P4/7P/1rB4K/5R2 b - - 1 35,f8f6 f5h7,782,79,99,631,endgame mate mateIn1 oneMove,https://lichess.org/8f0kmTFT/black#70,,
00KhM,5rk1/5ppp/1R6/3Qp3/2B1P3/2q3P1/3R1PKP/1r6 b - - 0 27,b1b6 d5f7 f8f7 d2d8,1331,93,78,46,clearance endgame mate mateIn2 pin sacrifice short,https://lichess.org/o5Jg9MLX/black#54,,
00Kia,5r1k/4n1pp/1p6/pP5Q/P2pB2K/6P1/2P4P/4q3 b - - 4 37,g7g6 h5e5 h8g8 e4d5 e7d5 e5e1,1679,75,96,4531,advantage discoveredAttack endgame fork long,https://lichess.org/hH8qwFYM/black#74,,
00Kip,8/6pp/8/3k4/2p2PPP/2K5/8/8 w - - 1 50,f4f5 d5e5 h4h5 h7h6 g4g5 h6g5,2531,82,93,507,crushing endgame long pawnEndgame quietMove,https://lichess.org/hcNxh7C3#99,,
00Knu,r2q1rk1/p3bpp1/2pp1nb1/4p1Q1/8/1B3N1P/PPP3P1/R1B2RK1 b - - 0 18,f6e4 g5g6 d8b6 g1h2,1847,76,77,120,advantage defensiveMove opening pin short,https://lichess.org/ICZqsNVs/black#36,Czech_Defense Czech_Defense_Other_variations,
00Kq4,r2qk3/5p1r/p1p1p3/1p1pP1p1/P1nP2Pn/2P2NB1/2P2P2/R1QR2K1 w q - 1 21,f3g5 d8g5 c1g5 h4f3 g1g2 f3g5,1417,77,83,563,advantage attraction fork long middlegame sacrifice,https://lichess.org/o4K7aQsT#41,,
00Ksa,8/5p2/5pk1/8/4PP2/6r1/5K2/7R b - - 2 46,g3g4 f2f3 g4g5 f4g5,1857,77,86,100,crushing endgame rookEndgame short trappedPiece,https://lichess.org/WynrZVil/black#92,,
00Ksk,6B1/ppp3p1/7k/7p/6q1/8/Pb1Q1P1P/5K2 b - - 7 34,g7g5 d2d3 h6g7 d3h7 g7f6 h7f7,2355,82,88,187,crushing endgame long quietMove,https://lichess.org/zzo4tACK/black#68,,
00Kxt,r2q1r2/p3ppkp/3p2p1/1N2n2P/4P1P1/5P2/PPPQ4/R3K2R w KQ - 1 16,h5g6 e5f3 e1e2 f3d2,932,95,63,40,crushing fork middlegame short,https://lichess.org/xL5SX7q7#31,Sicilian_Defense Sicilian_Defense_Dragon_Variation,
00Kyy,8/P7/8/5k2/8/5pr1/5r2/R6K w - - 0 50,a7a8q g3h3 h1g1 f2g2 g1f1 h3h1,1246,75,84,263,endgame exposedKing long master mate mateIn3 queenRookEndgame,https://lichess.org/VrBw9rnh#99,,
00L1Y,3rkb1r/pp2pbpp/2p5/q7/3Q1B2/2P3P1/PP2PP1P/RN2K2R w KQk - 0 15,d4b4 a5d5 e1g1 e7e5 b4b7 e5f4,1847,78,84,65,advantage long middlegame,https://lichess.org/Qy94UAge#29,Queens_Pawn_Game Queens_Pawn_Game_Chigorin_Variation,
00L4x,1r4k1/4Ppbp/p5p1/2q5/p2n4/P2Q2B1/r2N1PPP/3KR2R b - - 0 27,g7h6 e7e8q b8e8 e1e8,1260,84,91,2736,advancedPawn crushing kingsideAttack middlegame promotion short,https://lichess.org/kQUg1Hn3/black#54,,
00L53,3q2k1/Qp4pp/3r4/P7/8/1P6/3p1PPP/3R2K1 w - - 0 35,a7b7 d6e6 b7b4 d8d4 b4b8 g8f7 b8b7 f7g6 g2g3 e6e1,2536,89,79,31,clearance crushing defensiveMove endgame quietMove veryLong,https://lichess.org/nSpAg1ZO#69,,
00L76,5rk1/5pp1/4p3/7R/2P5/2n2N2/5r2/2K4R b - - 2 37,g7g6 h5h8 g8g7 h1h7 g7f6 h8f8,1132,76,100,196,crushing deflection endgame long,https://lichess.org/xBILTafH/black#74,,
00L84,6k1/5pp1/7p/2p5/2P5/2rp2PP/PR3P2/5K2 w - - 0 37,b2b3 c3c1 f1g2 d3d2,1140,89,93,662,advancedPawn crushing endgame master rookEndgame short,https://lichess.org/ZX4yckwu#73,,
00LBF,3r2k1/1b2qpb1/pp4p1/3rp3/3R2P1/2P2NBP/PP2Q2K/3R4 b - - 0 33,e7d7 d4d5 b7d5 c3c4,2179,80,82,70,advantage master middlegame short,https://lichess.org/HG0KKbWc/black#66,,
00LG5,6k1/5r1p/4b1pQ/5q2/3B3P/2P5/6P1/4R1K1 w - - 7 36,e1e2 f5f1 g1h2 f1e2,1113,77,71,158,advantage endgame fork short,https://lichess.org/H1PJMeLA#71,,
00LH7,6k1/6Bp/6pP/3q1p2/p2PnQ2/2r5/P5PK/4R3 b - - 1 39,d5d6 e1e4 d6f4 e4f4,1526,78,94,5657,crushing endgame short,https://lichess.org/7mA63Gfs/black#78,,
00LI0,r2qk2r/pp1n1ppp/4pn2/3p2B1/1b1P4/2N1QN1P/PPb1BPP1/R4RK1 w kq - 0 12,c3d5 f6d5 g5d8 d5e3,1289,79,83,82,crushing hangingPiece middlegame short,https://lichess.org/sUoFIFQT#23,Caro-Kann_Defense Caro-Kann_Defense_Exchange_Variation,
00LMb,8/8/1n4kP/1P3p2/3P1K2/2p1N3/8/8 w - - 4 49,f4e5 b6c4 e3c4 c3c2,1743,77,79,66,advancedPawn crushing endgame knightEndgame sacrifice short,https://lichess.org/8fplizkC#97,,
00LNB,kr6/1pR4p/p4R2/n2r4/P3p3/4B3/6PP/6K1 b - - 0 38,d5d3 f6a6 b7a6 c7a7,1074,80,98,3165,endgame mate mateIn2 operaMate sacrifice short,https://lichess.org/MQYDGoEM/black#76,,
00LNH,1k2r3/pp2r2p/2pqbpp1/3n4/2BP1p2/5N1P/PPQB1PP1/1K1RR3 w - - 2 22,c4b3 e6f5 c2f5 g6f5,1593,75,100,2020,advantage middlegame pin short,https://lichess.org/gVcbpusg#43,,
00LO6,2r3k1/3q1pp1/1rp5/2Rn2Np/1p1N3n/1Q2P3/5PP1/2R3K1 w - - 0 33,c5d5 c6d5 c1c8 d7c8,1655,75,89,79,advantage middlegame short,https://lichess.org/X0I5NJuv#65,,
00LOy,5k2/1p3pp1/p3pb2/r7/2P2B2/1P6/1PR1K1PP/8 b - - 0 33,f6e5 b3b4 a5a1 f4e5,1476,75,94,12523,crushing endgame short,https://lichess.org/dq3UiVvj/black#66,,
00LPw,1rb4r/pp1nb1pp/5nk1/3Np3/2q1P3/2N2Q2/PPP2PPP/R1B1K2R b KQ - 4 12,f6d5 f3f5,1207,75,96,1300,mate mateIn1 middlegame oneMove,https://lichess.org/6myiaU6K/black#24,Philidor_Defense Philidor_Defense_Lion_Variation,
00LRq,1k6/1p1q4/P2p3p/1NpPpn1Q/5b2/2P3r1/1P2B1P1/R6K b - - 3 28,g3g7 a6a7 b8a8 b5c7 d7c7 h5e8 c7b8 a7b8q,2222,80,92,2250,advancedPawn discoveredCheck doubleCheck mate mateIn4 middlegame promotion queensideAttack sacrifice veryLong,https://lichess.org/i9yxFCW9/black#56,,
00LRv,5r1k/7p/p2pB3/3Pb1p1/4p2q/1P2B3/P1Q2P2/2R3K1 w - - 0 31,f2f4 h4g3 g1h1 g3f3 c2g2 f3e3,2411,93,70,70,crushing exposedKing fork long middlegame,https://lichess.org/AebpnUup#61,,
00LSv,3r3k/1p4pp/2p3q1/8/3Q4/8/PP4rP/R4R1K b - - 1 28,g2g1 d4g1 g6e4 g1g2,1695,78,93,1035,advantage endgame short,https://lichess.org/EfV2OOTd/black#56,,
00LUV,5r2/6k1/p3p2p/1p2P3/1P1p2R1/3Q3P/3r1qPK/8 b - - 1 31,g7h8 d3g6 f2g2 g4g2 d2g2 g6g2,1465,76,94,989,crushing endgame long,https://lichess.org/ULN0Y3SB/black#62,,
00LUZ,rnb1k1nr/1ppp1ppp/8/p1bPp3/4P2q/2PB4/PP3PPP/RNBQK1NR w KQkq - 3 6,g1f3 h4f2,702,104,97,342,attackingF2F7 mate mateIn1 oneMove opening,https://lichess.org/mP2vit21#11,Queens_Pawn_Game Queens_Pawn_Game_Other_variations,
00LWX,2r4k/5p2/4pNp1/6Pp/q6P/7r/2PQ4/1RKN4 w - - 2 37,d2b4 c8c2,828,77,100,508,epauletteMate mate mateIn1 middlegame oneMove,https://lichess.org/xNp6E0CA#73,,
00LWa,2r3k1/5ppp/2P5/8/5P2/P5Pn/6BP/R3R1qK w - - 6 32,e1g1 h3f2,860,76,100,229,endgame mate mateIn1 oneMove smotheredMate,https://lichess.org/5KscxHkF#63,,
00LXD,8/p7/1p2k1pp/5p2/3P1P2/4K3/PP5P/8 w - - 2 37,a2a4 g6g5 f4g5 h6g5,2318,83,26,52,advantage endgame master pawnEndgame short,https://lichess.org/aSmBXG8T#73,,
00LZf,r1b1kb1r/pppp1ppp/2n1p3/3nN3/3P2q1/4B3/PPP1BPPP/RN1Q1RK1 b kq - 9 8,d5e3 f2e3 g4g5 e5f7 g5e3 g1h1,2156,89,25,40,advantage attackingF2F7 fork long opening,https://lichess.org/sVgQxr8Q/black#16,French_Defense French_Defense_Normal_Variation,
00LZl,r2qkb1r/ppp2ppp/2n5/3pPb2/3n1B2/2NB1N2/PP3PPP/R2QK2R b KQkq - 3 9,f8b4 f3d4 c6d4 d1a4 d4c6 d3f5,2128,80,93,8234,advantage deflection fork long opening,https://lichess.org/jBb2kj01/black#18,Kings_Pawn_Game Kings_Pawn_Game_Macleod_Attack,
00LdT,r5k1/pbp2ppp/6q1/2pp4/3B3r/2P1R1P1/PP2QP1P/R5K1 b - - 1 20,c5d4 e3e8 a8e8 e2e8,587,93,80,159,kingsideAttack mate mateIn2 middlegame short,https://lichess.org/MH7zaBHa/black#40,,
00Lh9,4r3/7P/1p4Q1/1b4B1/1k4n1/8/1P2n1PK/4R3 w - - 2 41,h2h1 e2g3 h1g1 e8e1,1316,185,85,24,discoveredAttack mate mateIn2 middlegame short,https://lichess.org/pOgHjjVE#81,,
00Lhb,2n4k/p3b2p/Pp6/1PpPp3/2B1PpP1/1P6/5BK1/8 b - - 0 33,c8d6 f2c5 b6c5 b5b6 a7b6 a6a7,1783,85,89,47,advancedPawn advantage endgame long master masterVsMaster sacrifice,https://lichess.org/PN1IyrE7/black#66,,
00Lnf,r4knb/1bpp4/p1n1pq2/1p4NQ/3PP3/2N5/PPP2PP1/2KR1B2 b - - 3 15,f6h6 h5f7,960,77,100,180,master mate mateIn1 middlegame oneMove,https://lichess.org/OtbWtwR2/black#30,Modern_Defense Modern_Defense_Standard_Line,
00LoE,2k5/1p4p1/p4b2/3p4/3P4/2PQN3/PP3q2/1K6 w - - 0 37,e3d5 f2g1 b1c2 g1g2,1849,75,46,128,crushing endgame short,https://lichess.org/bDt5hp3w#73,,
00Lqo,2Q5/p5pk/1r2p3/K2pP2p/3P4/2P4R/PPq5/8 b - - 12 41,c2b2 h3h5 h7g6 c8e8,1175,151,33,17,endgame mate mateIn2 short,https://lichess.org/7t0X6qSm/black#82,,
00Lt1,r4k2/pp3p2/2pNR2p/5Qp1/1P3n2/3P4/P1PK1qPP/8 w - - 6 31,d2c3 f4d5 c3b3 f2f5 d6f5 f7e6,1597,78,94,1159,advantage discoveredAttack endgame long,https://lichess.org/CcaXmpEd#61,,
00Lvv,2k2br1/1pprn3/p4p2/4p2Q/4P2P/2NqB3/PP4PK/3R4 b - - 1 22,d3e3 h5e8 d7d8 d1d8,670,76,100,194,mate mateIn2 middlegame queensideAttack short,https://lichess.org/PdJPXqW6/black#44,,
00Lyc,4R3/1p4k1/1q1N1bpp/3B4/5p1P/p4P2/3RK1P1/8 w - - 4 42,d6e4 b6b5 d2d3 b5e8,1975,76,78,137,crushing endgame fork master short,https://lichess.org/YB9ozD4y#83,,
00M0i,r3r2k/p2n1p1R/5n2/qp3Q2/3P4/B3Pp2/P4P1P/1B5K b - - 0 23,h8g8 f5g5,1123,76,67,144,mate mateIn1 middlegame oneMove,https://lichess.org/ZWoXGjH0/black#46,,
00M1q,2r3k1/2r1q1p1/p3p1Q1/1p1p4/nP1P4/2P4R/P4PPP/2R3K1 b - - 0 30,e7f6 g6h7 g8f7 h3f3 f6f3 g2f3,1434,78,91,3162,advantage long middlegame pin,https://lichess.org/nsAQV9mj/black#60,,
00M6i,6k1/1N4pp/p7/4bp2/P1P5/1r6/6PP/2R3K1 w - - 1 33,b7c5 e5d4 g1f1 d4c5,1143,119,43,21,crushing endgame fork short,https://lichess.org/kUhFtcHh#65,,
00M7w,r1b1k2r/ppp2ppp/2n5/2bBp3/2Pq4/3P1QP1/P2B1P1P/1R2K1NR b Kkq - 2 12,f7f6 g1e2 d4f2 f3f2 c5f2 e1f2,2323,87,90,2064,crushing long opening,https://lichess.org/rhyiYyX3/black#24,Scandinavian_Defense Scandinavian_Defense_Main_Line,
00M92,3q1r1k/p3r1pp/1p1b1p2/2p1n3/3pR2N/1QPP2P1/PP1B1P1P/R5K1 b - - 3 21,e5d3 h4g6 h7g6 e4h4,1026,77,96,366,clearance kingsideAttack mate mateIn2 middlegame sacrifice short,https://lichess.org/Sa0qih4O/black#42,,
00MBF,7k/np2b1pp/p1b2p2/2P1pq2/PPQ4P/5PP1/1B5K/3BN3 b - - 0 29,c6d7 d1b3 f5h3 h2g1 d7e6 c4e6 h3e6 b3e6,2104,76,86,103,advantage middlegame quietMove veryLong,https://lichess.org/qknEpIjx/black#58,,
00MDG,3r2k1/4ppnp/pp2q1p1/2p5/4N3/3rP3/P2P1QPP/3R1RK1 b - - 1 28,e6e4 f2f7 g8h8 f7f8 d8f8 f1f8,1054,90,60,53,backRankMate long mate mateIn3 middlegame sacrifice,https://lichess.org/P6smLKim/black#56,,
00MDy,8/pp6/2p1k3/2Pp2pp/1P1P1p2/P2K1P2/6PP/8 w - - 0 42,g2g3 f4g3 h2g3 h5h4 g3h4 g5h4,1864,76,97,2732,crushing endgame long pawnEndgame,https://lichess.org/LQDmrg5w#83,,
00ME0,8/1p6/p1b5/5k1p/1PB1p2P/P3P1K1/8/8 b - - 2 35,f5e5 c4f7 c6d7 f7h5,1605,77,91,3265,bishopEndgame crushing endgame short,https://lichess.org/Z2H5mRQg/black#70,,
00MFe,3r3k/p5pp/2r2q2/2p4Q/8/8/P5PP/3R1R1K b - - 5 29,d8d1 h5e8 f6f8 e8f8,1294,80,93,2142,endgame mate mateIn2 short,https://lichess.org/d1J7UJ4D/black#58,,
00MGA,r3r1k1/6b1/p2Nn2p/1P1Qp3/6nq/2P5/1PB2PP1/R1B1R1K1 w - - 1 30,g2g3 h4h2 g1f1 h2f2,915,92,91,887,kingsideAttack mate mateIn2 middlegame short,https://lichess.org/dsGjft94#59,,
00MHi,8/8/5pp1/5k1p/5P1P/4R1P1/2r5/5K2 w - - 0 43,e3e2 c2e2 f1e2 f5g4 e2f2 g4h3,2225,81,74,219,crushing endgame long rookEndgame zugzwang,https://lichess.org/im48PGD7#85,,
00MIY,6k1/3R3p/1p5q/3P4/3QP1pN/6P1/PPr3B1/5rK1 w - - 0 25,g1f1 h6c1 d4d1 c1d1,1496,83,83,53,endgame mate mateIn2 short,https://lichess.org/SHHHsXB9#49,,
00MNf,r1b3k1/pp3Rpp/3p4/2pN4/2P4b/5Q1P/PPP3P1/4qNK1 b - - 0 21,h4f6 f7f6 g7f6 f3f6,1988,135,50,21,crushing middlegame short,https://lichess.org/S4llTtjA/black#42,,
00MQl,r1b2k1r/pp3ppp/2p5/2bp4/3N1Pnq/1B2B3/PPP3PP/RN1QR2K w - - 4 15,d4f3 c5e3 f3h4 g4f2 h1g1 f2d1,1734,75,100,658,advantage discoveredAttack fork long opening sacrifice,https://lichess.org/2FmZuSC3#29,Scotch_Game Scotch_Game_Other_variations,
00MS3,rn1qr1k1/1p2bppp/2p2B2/p2p4/3P4/2N2N2/PPP1QPPP/2KRR3 b - - 0 12,e7f6 e2e8 d8e8 e1e8,807,84,83,128,backRankMate mate mateIn2 middlegame short,https://lichess.org/Eia6KIcR/black#24,French_Defense French_Defense_Exchange_Variation,
00MTG,4r1k1/2p1qpp1/3p4/1p1P2PQ/1P5b/3R3P/2PBr3/5RK1 b - - 6 26,h4f2 f1f2 e2f2 g1f2,739,117,93,320,advantage middlegame short,https://lichess.org/iabpAKVz/black#52,,
00MTn,2rqk2r/3n4/1p2p3/p3N2p/Q1PP2p1/P2BP3/3K1Pb1/R6R w k - 0 22,h1h5 h8h5 d3g6 e8e7 a4d7 d8d7,1335,83,93,109,advantage hangingPiece long middlegame,https://lichess.org/VeIaO2t7#43,,
00MWz,8/8/2B5/4pK2/3k1pPp/5n1P/8/8 b - - 3 57,f3g1 g4g5 g1e2 g5g6,933,84,98,2441,crushing endgame quietMove short,https://lichess.org/1sHbVvW6/black#114,,
00MYL,1R6/3k1Q2/p2b1p2/2r1p3/3n4/P6P/5PP1/4qBK1 b - - 1 40,d7c6 f7b7,1100,84,94,628,mate mateIn1 middlegame oneMove,https://lichess.org/fwb6IEPk/black#80,,
00MZC,5r1k/p5p1/1pb4p/3pR3/1Q6/P1P4P/1P3qP1/R5K1 w - - 0 24,g1h1 d5d4 e5e2 c6g2,1872,76,82,77,advantage discoveredAttack endgame short,https://lichess.org/1wtShP9o#47,,
00MZr,1k5r/ppp5/2p5/3n4/5pQ1/3P1P1r/PPP2K2/5R2 w - - 2 26,f1g1 h3h2 g1g2 d5e3,2007,79,90,1441,crushing endgame short,https://lichess.org/LITlSDhw#51,,
00Mbv,2k2b1r/pp3ppp/1n6/BN2p1P1/2Q1Nn1P/8/PP3P2/2KR4 b - - 0 24,b6c4 d1d8,1551,80,94,5219,mate mateIn1 middlegame oneMove operaMate,https://lichess.org/h1QfViUk/black#48,,
00Mca,1k6/1Pp1rqp1/p1R5/6pp/Q6P/1P6/P4PBK/3r4 b - - 5 34,e7e6 a4c4 e6c6 c4f7,2366,81,90,4551,crushing endgame short,https://lichess.org/FcSCJACK/black#68,,
00MeO,r1b1kb1r/1p2np2/p1p4p/4PPp1/3PN3/8/PPP3PP/R1B2RK1 b kq - 0 15,c8f5 e4d6 e8d7 d6f5,1439,76,95,16550,advantage middlegame short,https://lichess.org/VgF6tpXG/black#30,French_Defense French_Defense_Normal_Variation,
00Mei,8/6rk/6p1/1R3b1p/2pQ1P2/2P3P1/qP4PK/8 b - - 0 36,f5d3 d4d8 a2a7 b5b8 a7b8 d8b8,2591,86,83,216,advantage endgame long master quietMove,https://lichess.org/xvCSyLc3/black#72,,
00Mf0,2kr3r/pp1b1pq1/2n1p3/2Pp4/5Np1/1QP3P1/P4PBP/R4RK1 b - - 4 19,g7h6 f1b1 h6h2 g1f1 c6a5 b3b4,2380,97,89,682,advantage long master middlegame quietMove,https://lichess.org/rkMC42R8/black#38,,
00Mgf,2RQ4/p4pp1/4p1kp/8/6PP/q3PPK1/1r6/8 b - - 0 35,a3e3 h4h5 g6h7 d8g8,1124,89,90,254,endgame mate mateIn2 short,https://lichess.org/Phr30rbU/black#70,,
00Mke,6k1/p4p2/3P4/6pp/P2Q4/5qPP/r4P1K/3R4 w - - 1 42,d6d7 a2f2 d4f2 f3f2 h2h1 f2f3,1160,75,100,430,crushing endgame long,https://lichess.org/cweMVx20#83,,
00Msq,r5k1/1pp2Bp1/5n1p/1q2N3/3P4/7P/5PP1/4Q1K1 b - - 2 30,g8f8 f7c4 b5c4 e5c4,1820,77,93,873,crushing endgame master short,https://lichess.org/2cdEjZvR/black#60,,
00MwU,3r1b1R/ppq3p1/2k3P1/3p4/1P1Q4/4PP2/P1P5/2K5 b - - 0 26,a7a6 h8f8 d8f8 d4c5 c6d7 c5f8,1709,77,91,348,advantage attraction endgame fork long sacrifice,https://lichess.org/r7d4mCDm/black#52,,
00MyT,r3q3/1ppknr2/p5pB/2pPn3/4P3/8/PPQ3BP/2K2R1R w - - 0 22,c2c5 e5d3 c1c2 d3c5,923,90,73,49,crushing fork middlegame short,https://lichess.org/IhPV4vCX#43,,
00Myw,r1b3r1/2q2p1k/1n2p2n/p2pP1NP/P1pP1QP1/1pP5/1P3PB1/R3R1K1 b - - 4 26,h7h8 f4f6 g8g7 f6h6,1523,75,100,1427,crushing fork master middlegame short,https://lichess.org/b9YfMjmI/black#52,,
00Mzs,r6r/p5pp/1p3nk1/5n2/1q6/5N2/P5PP/R2QR2K b - - 1 24,a8d8 f3e5 g6g5 e5f7,2055,126,25,14,advantage middlegame short,https://lichess.org/RWXjVv9Z/black#48,,
00N3B,r2q1rk1/1bb2ppp/p1n1p3/4P3/Np1P4/1B2NP2/1P4PP/2RQ1RK1 b - - 0 20,d8d4 d1d4 c6d4 c1c7 d4b3 c7b7,1165,77,97,4175,crushing long middlegame,https://lichess.org/knYvxXRq/black#40,,
00NAM,r5k1/pp3ppp/8/3p4/3P4/4R2P/q1P1QPPK/8 b - - 1 21,a2c4 e3e8 a8e8 e2e8,715,80,97,448,endgame mate mateIn2 short,https://lichess.org/be70QtoL/black#42,,
00NBR,8/1p2np2/1Pp1k3/p1P3p1/P2K3p/7P/4BPP1/8 b - - 1 33,e7d5 e2c4 e6d7 c4d5,2001,84,84,43,crushing endgame master short,https://lichess.org/CYEsHleN/black#66,,
00NEO,4qr2/pR1b2pk/5p1p/4pPP1/3bB3/3P3Q/P1r4P/4BR1K b - - 0 24,d7c6 h3h6 h7g8 h6g7,1863,79,93,1823,mate mateIn2 middlegame pin short,https://lichess.org/43Kqr7qG/black#48,,
00NGM,3k1rr1/pR1b3Q/2pqp3/8/N2P4/8/5PB1/R4K2 w - - 5 34,b7a7 f8f2 f1e1 d6b4 a4c3 b4c3 e1f2 c3d4 f2f1 g8f8,2465,163,75,14,crushing middlegame veryLong,https://lichess.org/Z5cYm9YQ#67,,
00NHK,r1b2rk1/1p2b1p1/pqn1p1P1/3pP3/1P1P4/P1N1P3/6P1/R2QK2R b KQ - 0 17,c6e5 h1h8 g8h8 d1h5 h8g8 h5h7,1832,76,96,4570,attraction fork long mate mateIn3 middlegame sacrifice,https://lichess.org/YWzSZGeb/black#34,French_Defense French_Defense_Advance_Variation,
00NKk,2r2rk1/pp4q1/4Q3/3p4/3P4/P1P5/1P3PPP/4R1K1 b - - 0 25,g8h8 e1e3 c8c7 e3h3,1836,76,92,391,advantage endgame quietMove short,https://lichess.org/eKEoNNem/black#50,,
00NOI,3r4/2k2p1p/pp2pp2/2p5/3nN3/6P1/PPP2PRP/2K5 w - - 2 23,e4f6 d4e2 c1b1 d8d1,964,92,60,50,backRankMate endgame mate mateIn2 short,https://lichess.org/Z7mmtXNG#45,,
00NR5,R5k1/3r2pp/3N4/1nP5/6P1/1P3P2/P2K2n1/8 b - - 1 30,d7d8 a8d8,575,84,100,230,endgame hangingPiece mate mateIn1 oneMove,https://lichess.org/nRo0kQGD/black#60,,
00NUS,4rk2/pbp2pp1/1p1b4/3P1q2/QPBPN3/1KP2P2/P5r1/R3R3 w - - 0 25,e4d6 f5c2 b3a3 c2b2,1355,77,98,8414,mate mateIn2 middlegame short,https://lichess.org/jQaVQrR6#49,,
00NUc,6k1/6pp/1PP5/4b3/3p4/Br5P/4prP1/R5RK w - - 1 30,c6c7 b3h3 g2h3 f2h2,1514,98,82,60,endgame mate mateIn2 operaMate sacrifice short,https://lichess.org/8FRZVN6d#59,,
00NVe,2B4k/p1p3pb/8/5pnr/8/2P2R2/PPP2K2/6R1 w - - 6 34,c8f5 g5f3 f5g4 f3g1,1821,86,80,34,advantage endgame short,https://lichess.org/7yU1Aehr#67,,
00NaX,4r1k1/1p2r3/p1p5/3p1p2/PP1P1q1p/2Q1P1pP/5PP1/4R1K1 w - - 0 39,e3f4 e7e1 c3e1 e8e1,428,93,78,287,endgame kingsideAttack master mate mateIn2 queenRookEndgame short,https://lichess.org/rZL4HlNU#77,,
00Nay,r2q1r2/ppp2pk1/3p1n2/4p1p1/2B1P3/2NP2Q1/PPP5/2K4R b - - 0 19,g7g6 g3h3 f8h8 h3f5 g6g7 f5g5,1809,76,95,7096,crushing deflection long middlegame quietMove,https://lichess.org/wMvkJfcA/black#38,,
00Nej,6k1/1p3pp1/pB2qb1p/2P5/1P6/6QP/4r1P1/3R3K b - - 4 33,f6e5 d1d8 g8h7 g3d3 e6g6 d3e2,1008,96,91,3132,crushing endgame fork long,https://lichess.org/P5XLEtLV/black#66,,
00Nf5,r1bq1rk1/pp2bppp/2pp1n2/8/5P2/5N2/PBPPB1PP/RN1Q1RK1 w - - 5 11,b1c3 d8b6 g1h1 b6b2 a1b1 b2a3,1491,75,95,14550,advantage fork long opening,https://lichess.org/JkE5qS7u#21,Polish_Opening Polish_Opening_Other_variations,
00Ngg,3qk2r/1p1bbppp/4pn2/1BPp1n2/3P4/4PN2/5PPP/BN1QK2R w Kk - 1 15,d1e2 d8a5 a1c3 a5b5,1471,76,89,315,advantage fork middlegame short,https://lichess.org/5oeDyMdB#29,Polish_Opening Polish_Opening_Grigorian_Variation,
00Nhl,5r1r/pR5p/k1ppb1n1/4p1Q1/N3P3/1P1P4/P1P3PP/6K1 w - - 1 23,b7h7 g6f4 g5f4 e5f4 h7h8 f8h8,2310,79,93,2825,advantage long middlegame,https://lichess.org/BEOTFmYh#45,,
00NiV,rn2qrk1/ppp2N1p/3pPpB1/3n4/6b1/8/P1QN1PPP/R4RK1 b - - 0 18,h7g6 c2g6,705,86,98,544,kingsideAttack mate mateIn1 middlegame oneMove,https://lichess.org/NvBz7kYS/black#36,Italian_Game Italian_Game_Evans_Gambit,
00Nih,8/3K4/8/5k1p/7P/8/8/8 w - - 1 62,d7e7 f5g4 e7e6 g4h4,1178,232,38,18,crushing endgame pawnEndgame short,https://lichess.org/uGsqUTBh#123,,
00NpT,r4rk1/1ppq2p1/p3Rp1p/3P4/2P2Q2/3B3P/PP4PK/8 b - - 1 25,a8e8 f4f5 e8e6 f5h7,1699,125,88,13,crushing endgame sacrifice short,https://lichess.org/alWJIjKn/black#50,,
00Nqd,8/p7/5P2/PP1bp3/4N3/K2p4/2k5/8 b - - 0 48,d3d2 e4d2 c2d2 b5b6 a7b6 a5b6,1771,75,98,881,crushing endgame long sacrifice,https://lichess.org/Mi2GPvfd/black#96,,
00Ns0,r2qr1k1/pn1p2pp/bp3p2/2p1N3/2P5/1PB3Q1/P1P3PP/R4RK1 w - - 0 18,f1f6 d8f6 a1f1 f6h6 e5g4 h6g6 c3g7 e8e4 g4f6 g8g7,2613,106,84,75,advantage hangingPiece intermezzo middlegame veryLong,https://lichess.org/ZyKw24YE#35,Bishops_Opening Bishops_Opening_Vienna_Hybrid,
00Nte,r4k2/8/2p3Bb/4p1n1/3q4/PQ6/2K2P2/1N4R1 w - - 3 30,g1g5 d4f2 b1d2 h6g5 b3f3 f2f3,1689,151,85,14,advantage intermezzo long middlegame,https://lichess.org/SO7vr4yL#59,,
00Nua,8/1p1k2r1/p1p5/2P1R3/1P1pP3/P2r4/5RPK/8 w - - 1 31,a3a4 g7h7 h2g1 d3d1 f2f1 h7h1 g1h1 d1f1,1841,83,74,51,endgame,https://lichess.org/9qW9sLHW#61,,
00O14,6k1/3P1pp1/4p3/p7/Q3R3/3q1PP1/1P3PK1/2r5 w - - 0 37,a4d4 d3f1 g2h2 f1h1,996,77,72,196,endgame mate mateIn2 short,https://lichess.org/IynnE0r9#73,,
00O2z,r6r/2pk1ppp/p1np4/1pbBpN1q/4P1b1/5N2/PPPP1PRK/R1BQ4 w - - 12 18,h2g3 h5h3,742,112,85,45,epauletteMate mate mateIn1 middlegame oneMove,https://lichess.org/1pRUZ0aS#35,Ruy_Lopez Ruy_Lopez_Morphy_Defense,
00O37,r1q1r1k1/1p3pp1/n1p4p/p1bpp2P/P3P3/2P2P2/1P1QBP2/R1BK3R b - - 3 23,c5f2 e2a6 b7a6 d2f2,1300,79,86,62,advantage discoveredAttack middlegame short,https://lichess.org/N2UAIb27/black#46,,
00O3h,5k2/R3Rp2/6p1/1p5p/1P5K/2nr4/7P/8 b - - 7 43,d3d4 h4g5 c3e4 g5h6,1136,81,91,2232,crushing defensiveMove endgame short,https://lichess.org/71bhLvdU/black#86,,
00O8m,r3r1k1/ppp2ppp/2nn1q2/8/3P4/P1P1P1P1/2Q3BP/R1B1KR2 b Q - 4 16,f6e6 d4d5 e6e5 d5c6,1376,76,87,1457,crushing fork middlegame short,https://lichess.org/G3Q51olU/black#32,Englund_Gambit_Declined Englund_Gambit_Declined_Reversed_French,
00O9Z,5QR1/5p1p/1b3qp1/p6k/P2P4/8/1P2rPPP/5RK1 w - - 7 32,g8h8 f6f2 f1f2 e2e1 f2f1 b6d4 g1h1 e1f1,1612,78,86,949,backRankMate deflection endgame fork master mate mateIn4 pin sacrifice veryLong,https://lichess.org/DKnGKRmQ#63,,
00O9a,1k3r2/q5r1/2Qp3p/N2Bp3/4P1p1/P7/1PP2PPP/R5K1 w - - 12 35,a5c4 a7f2 g1h1 f2f1 a1f1 f8f1,985,88,91,729,backRankMate long mate mateIn3 middlegame sacrifice,https://lichess.org/t6wbqTty#69,,
00O9q,5r2/5p1k/4nP2/4N1p1/8/6P1/6K1/R7 b - - 1 78,h7h6 a1h1,1291,77,87,731,endgame master mate mateIn1 oneMove,https://lichess.org/0XcQGKAN/black#156,,
00OCQ,1rr3k1/5p1p/p5pQ/4p3/4q3/B3P3/PPPR1PPP/2KR4 w - - 6 27,c2c3 c8c3 b2c3 b8b1,1174,75,98,1210,mate mateIn2 middlegame queensideAttack sacrifice short,https://lichess.org/kcUnWeDs#53,,
00OKo,r3r1k1/pbq5/1p2pp1p/2p1N3/2PP2Q1/1P1B4/P5PP/R5K1 b - - 1 24,g8f8 a1f1 c7g7 f1f6 g7f6 e5d7,2331,79,78,79,advantage exposedKing long middlegame pin sacrifice,https://lichess.org/WuHXkAoT/black#48,,
00OLF,k1r5/n1p3p1/Q2pN3/P2Pp2p/q3Pp1P/2RK4/5PP1/8 w - - 4 36,e6c7 c8c7 c3c7 a4d1 d3c3 d1c1 c3b3 c1c7,2005,77,92,685,crushing endgame sacrifice skewer veryLong,https://lichess.org/REkdb3WG#71,,
00ON5,8/k1p5/P7/3N4/3P2pp/3K2n1/6P1/8 w - - 1 47,d3e3 h4h3 e3f2 h3h2 f2g3 h2h1q,1825,76,87,143,advancedPawn crushing endgame knightEndgame long promotion,https://lichess.org/d71Ts3ff#93,,
00OOp,5rk1/1bR3q1/pQ6/8/6r1/4R2P/P7/6K1 w - - 0 28,h3g4 g7g4 e3g3 g4g3,1053,91,86,85,endgame mate mateIn2 short,https://lichess.org/N1WcEYJH#55,,
00OPc,1k1rr3/ppp1q3/8/4nQNp/8/2P4P/PP4P1/2K1R2R w - - 0 25,g5f3 e5d3 f5d3 d8d3 e1e7 e8e7,2141,76,94,1647,advantage fork long middlegame,https://lichess.org/43yrfr28#49,,
00OPi,5k2/5p1p/1p1P2p1/1B6/5P2/1P3KP1/n6P/8 w - - 0 38,f3e4 a2c3 e4d4 c3b5,586,93,97,638,advantage endgame fork master short,https://lichess.org/4K29qsm1#75,,
00OPk,6rk/7p/R2N3P/1r6/1P5K/P7/8/8 b - - 4 50,b5d5 d6f7,809,105,93,921,endgame mate mateIn1 oneMove,https://lichess.org/aDJVIeGE/black#100,,
00OQt,8/8/8/p3b3/P1B2pKp/1Pk1p2P/6P1/8 w - - 8 50,g4h4 c3d2 h4g4 e3e2 c4e2 d2e2,1709,75,88,364,advancedPawn bishopEndgame crushing endgame long,https://lichess.org/vZaFj9IE#99,,
00OR6,2r4k/5Q1p/p7/1pq5/4p2N/2P3bP/PP4P1/4R2K b - - 0 34,g3e1 f7f6 h8g8 h4f5 c5f5 f6f5,2265,79,81,120,advantage endgame long quietMove,https://lichess.org/kMLJ7GPV/black#68,,
00OXc,8/5K1p/1p4pk/8/3brp2/5R2/8/8 b - - 5 50,g6g5 f3h3,841,108,93,890,endgame master mate mateIn1 oneMove,https://lichess.org/Dp1LJyaZ/black#100,,
00OYl,3r4/5p2/k3p1p1/2B1Pr2/2P3n1/1p3NPp/4QP1P/6K1 w - - 0 34,f3h4 f5e5 e2f1 e5c5,1944,76,89,76,crushing endgame fork short,https://lichess.org/es489ddj#67,,
00Ocp,r3k3/p1pbq3/2p2p2/4p1p1/2B3p1/2P4r/P1P2PQP/3RR1K1 b q - 3 20,e7c5 g2e4 f6f5 e4e5 c5e5 e1e5,2152,135,73,20,crushing exposedKing long middlegame,https://lichess.org/fCyysDNm/black#40,,
00Oim,1r3rk1/q5pp/2R5/3P4/8/1p2NpPb/1P3P1P/2QR2K1 w - - 0 32,c1c4 a7e3 f2e3 f3f2,1247,77,94,733,advancedPawn advantage middlegame sacrifice short,https://lichess.org/p1cFe6Z8#63,,
00Oqz,5r2/7r/2kpqB1P/p1p1p2Q/P3P3/2PP4/5P1K/6R1 w - - 0 40,g1g6 f8f6 g6f6 e6f6,904,92,94,439,crushing endgame master short,https://lichess.org/OxaRmufB#79,,
00Or5,r2qkbnr/pp5p/8/4Nb2/3p4/1QN5/PP2PPPP/R3KB1R b KQkq - 1 12,d4c3 b3f7,1435,83,63,262,mate mateIn1 oneMove opening,https://lichess.org/29LGsamW/black#24,Slav_Defense Slav_Defense_Other_variations,
00OxK,3r2k1/1p3p2/p1n2P2/2P3P1/1P2p3/P2pP3/3B4/2R3K1 w - - 0 33,c1c4 c6e5 c4e4 e5f3 g1f2 f3d2,1149,75,91,167,advantage endgame exposedKing fork long,https://lichess.org/xZGqOSNB#65,,
00Oyf,8/1p6/7p/3k1pp1/1P5P/3K1P2/6P1/8 w - - 0 39,h4g5 h6g5 d3c3 d5e5 c3c4 e5f4 c4c5 f4g3,2696,89,83,199,crushing endgame pawnEndgame veryLong zugzwang,https://lichess.org/eysZBqWU#77,,
00Ozz,3kRr2/3n1B1p/2pP4/p1n5/Ppp5/8/1P3PPP/4R1K1 b - - 8 32,f8e8 e1e8,865,100,84,197,endgame mate mateIn1 oneMove operaMate,https://lichess.org/gO3w1uZJ/black#64,,
00P45,3r1r2/p1p2p1k/1p2pPpp/7P/3qBQ2/8/PPP3P1/5R1K b - - 0 27,e6e5 h5g6 f7g6 f4g4 f8f6 f1f6 d4d1 g4d1 d8d1 h1h2,2496,89,85,59,advantage endgame veryLong,https://lichess.org/HlG7NGUO/black#54,,
00P6j,r2n2k1/1bRq1rpp/1p6/3P4/p3Q3/B3P3/PP3PPP/3R2K1 b - - 0 20,d7c7 e4e8 f7f8 e8f8,1325,77,84,541,kingsideAttack mate mateIn2 middlegame short,https://lichess.org/vBpR18cI/black#40,,
00P6s,Qn3rk1/p1p3pp/1p2Pb2/8/3q4/5P2/PPP4P/R3KBNR w KQ - 0 14,a8e4 f6h4 e1e2 d4f2,1605,76,92,732,advantage middlegame short,https://lichess.org/tgzabEkd#27,Dutch_Defense Dutch_Defense_Manhattan_Gambit,
00P73,2br1k2/1p2q3/2p1p3/7Q/p6P/6P1/P4P2/4R1K1 b - - 10 36,f8g8 e1e4 e6e5 e4e5 e7f6 e5g5 g8f8 g5g6,2055,126,100,12,advantage endgame exposedKing veryLong,https://lichess.org/Hh9Zxm1w/black#72,,
00P7n,r4rk1/p1p1R1pp/2p2p2/5P2/6Q1/1P5P/q5PK/8 b - - 1 30,a2b3 g4g7,1048,211,73,15,endgame mate mateIn1 oneMove,https://lichess.org/bFrOMLOq/black#60,,
00P81,6k1/5p2/4p2p/3pPP2/1R5P/7r/2B5/2b2K2 b - - 0 46,h3c3 b4b8 g8h7 f5e6 c3c2 e6e7,2122,77,93,7950,advancedPawn crushing discoveredAttack discoveredCheck endgame long sacrifice,https://lichess.org/SIETCqbJ/black#92,,
00PF3,2kr3r/Qpp2ppp/3b1n2/8/3N4/4P1Pq/PP1B1P1P/2R2RK1 w - - 4 18,d4b5 f6g4 b5d6 d8d6 c1c7 c8c7,1408,76,88,278,advantage long middlegame,https://lichess.org/c2JUCAZJ#35,Queens_Gambit_Declined Queens_Gambit_Declined_Baltic_Defense,
00PGi,3r1q1k/pppb2pp/2np4/6N1/5B2/1Q4P1/PP4PP/4R2K b - - 11 24,b7b6 g5f7 f8f7 b3f7,1081,91,93,1099,crushing fork middlegame short,https://lichess.org/qzZ4hC7X/black#48,,
00PHg,R7/P4p2/5k1p/q5n1/5R2/7P/5PK1/8 b - - 2 46,f6e5 a8e8 e5f4 a7a8q a5a8 e8a8,1367,79,94,2201,advancedPawn advantage clearance endgame long promotion,https://lichess.org/u5o6sm6r/black#92,,
00PIO,2k1r2r/1p2P3/p1b1p3/3p1npp/5q2/1N3N1Q/PP3PPP/2R2RK1 w - - 1 22,f3d4 f5d4 b3d4 f4d4 h3e6 c8c7,2332,82,87,789,crushing long middlegame,https://lichess.org/QcmS4aBG#43,,
00PUc,3r3k/pp4bp/3Bn1p1/7n/8/8/PP3P1K/R4RN1 w - - 1 27,a1d1 d8d6 d1d6 g7e5 h2h1 e5d6,1536,75,96,3603,advantage attraction exposedKing fork long middlegame sacrifice,https://lichess.org/F6OhRxfl#53,,
00PZo,7r/8/3b4/3p4/5PR1/2kN4/4KP2/8 w - - 1 67,f4f5 h8e8 e2f3 c3d3,1175,76,100,477,advantage deflection endgame short,https://lichess.org/XUilKWZg#133,,
00Pbs,3r1rk1/Q3qppp/8/1ppb4/2Pn1B1n/2N3P1/PP3P2/R2R1K2 w - - 0 21,a7e7 d5g2 f1e1 h4f3,2105,76,66,207,mate mateIn2 middlegame short,https://lichess.org/fA2DSaPB#41,,
00Pc8,rnb2r2/pp4k1/2p3pp/4Np2/2BP4/8/PP4PP/2KRR3 b - - 0 18,b8d7 e5d7 c8d7 e1e7 g7f6 e7d7,1111,75,100,538,advantage clearance fork long middlegame,https://lichess.org/2yTBJXpZ/black#36,Caro-Kann_Defense Caro-Kann_Defense_Hillbilly_Attack,
00PgQ,3r4/P1R5/7P/4p3/8/4p3/2p1K3/1k6 w - - 1 55,e2e3 c2c1q c7c1 b1c1 e3e4 d8e8,2208,76,87,173,advancedPawn crushing defensiveMove endgame long master promotion,https://lichess.org/6ByRjehu#109,,
00Pgk,r2q1rk1/pbp1bp2/1p2pn1Q/5nN1/8/P1NB4/1PP3PP/R4RK1 w - - 2 17,d3f5 d8d4 g1h1 e6f5,2393,85,85,161,advantage intermezzo middlegame short,https://lichess.org/pe4L6fzJ#33,French_Defense French_Defense_Henneberger_Variation,
00Pms,r1b1kr2/p1p2pQp/1p2pP2/8/8/1P4P1/P2KNP1P/R1B4q b q - 0 17,c8a6 g7f8 e8f8 c1a3 f8e8 a1h1,2127,88,86,38,advantage attraction discoveredAttack long middlegame sacrifice,https://lichess.org/UXAS6vpF/black#34,French_Defense French_Defense_Other_variations,
00Pr6,r1b2rk1/p4ppp/2p5/6q1/2p3P1/3P1Q1P/PPP5/1K2RR2 b - - 0 17,c4d3 f3f7 f8f7 e1e8 f7f8 f1f8,1487,78,94,2167,kingsideAttack long mate mateIn3 middlegame sacrifice,https://lichess.org/CtrEbVZV/black#34,Kings_Knight_Opening Kings_Knight_Opening_Normal_Variation,
00PrK,r7/7R/P3k3/4p2p/3b2p1/3K4/8/5R2 b - - 7 55,a8a6 h7h6 e6d5 h6a6,968,81,91,185,crushing endgame short skewer,https://lichess.org/N9FWAV9a/black#110,,
00Pu5,6k1/1b3pbp/6p1/1Nr3q1/1Q1p4/P7/5PPP/4RBK1 b - - 0 27,c5c1 e1e8 g7f8 b4f8,1383,215,0,15,master mate mateIn2 middlegame short,https://lichess.org/x04vixVv/black#54,,
00PvP,8/6B1/7p/1p4p1/1Pp3P1/5P1k/4K2b/8 b - - 18 51,h6h5 g4h5 h3h4 h5h6 h4h5 h6h7,821,95,74,121,advancedPawn bishopEndgame crushing endgame long,https://lichess.org/M7zTwdgr/black#102,,
00PvX,8/n7/P7/3k4/PK6/7P/5PP1/8 w - - 0 53,b4a5 d5c5 f2f3 a7c6,1670,76,86,245,endgame knightEndgame mate mateIn2 short,https://lichess.org/tH6dRFcZ#105,,
00Pw1,5r1k/2p3Rp/3p4/p2Pn3/1p2B3/1P6/PKP2r1P/6R1 b - - 1 28,f2e2 g7h7,1077,77,98,1599,endgame master mate mateIn1 oneMove operaMate,https://lichess.org/WAkWH6IK/black#56,,
00Q4m,5r2/1b3k2/1q4p1/p3Pp1p/2pn1P1P/4Q1P1/P6K/R1R2B2 w - - 2 34,f1g2 d4f3 e3f3 b7f3,1130,76,100,799,advantage middlegame short,https://lichess.org/LOKLTnN2#67,,
00Q4v,8/2p1b3/q1Pp2k1/3Pp3/4Pr2/1Q3PK1/3N2P1/7R w - - 1 47,h1e1 e7h4 g3h2 h4e1,1228,81,74,65,crushing endgame short skewer,https://lichess.org/gHKVgDSR#93,,
00Q8H,8/5b2/3k3p/6p1/3P1pP1/2N2K1P/8/8 w - - 6 48,h3h4 f7d5 f3f2 g5h4,1689,75,61,85,crushing endgame short,https://lichess.org/hnFaWMYG#95,,
00QBx,rn1qk2r/pb3ppp/5n2/2b5/7N/2N1p1P1/PP1PPP1P/R1BQKB1R w KQkq - 0 9,h4g2 e3f2,1170,79,90,453,advancedPawn attackingF2F7 mate mateIn1 oneMove opening,https://lichess.org/85qqz7lO#17,English_Opening English_Opening_Kings_English_Variation,
00QCD,3r1rk1/1Q3ppp/1q2pb2/8/1P1N4/4P1P1/3B1PBP/R5K1 b - - 0 23,b6b7 g2b7 f6d4 e3d4,1041,79,94,243,advantage middlegame short,https://lichess.org/AFf6cmqa/black#46,,
00QCe,1k5r/n2r2pp/5p2/ppN5/5P2/8/2R3PP/1R4K1 b - - 3 28,d7c7 c5a6 b8b7 a6c7,1427,80,89,1320,crushing endgame fork short,https://lichess.org/fovXj5D1/black#56,,
00QF0,5rk1/4pb2/3p1ppQ/p7/P3P2N/1P5P/2r2qPK/3R2R1 b - - 5 30,g6g5 h4f5 f2f4 h2h1 f4f5 e4f5,1500,500,100,16,crushing long middlegame,https://lichess.org/BgZEcPb4/black#60,,
00QHM,6k1/pp3rpp/4Nb2/4p3/1B1r4/6PK/PP5P/2R5 b - - 0 28,d4b4 c1c8 f6d8 c8d8 f7f8 d8f8,904,99,95,232,endgame long mate mateIn3,https://lichess.org/VyUHT6ng/black#56,,
00QN3,r1b1B2k/pp4pp/2pb4/4q3/8/8/PPP3PP/R2Q1R1K w - - 1 17,g2g3 e5e4 d1f3 e4e8,1880,77,87,203,advantage fork middlegame short,https://lichess.org/uMpuXTye#33,Blackmar-Diemer_Gambit_Accepted Blackmar-Diemer_Gambit_Accepted_Euwe_Defense,
00QOa,6rk/1pp1R1p1/6Bp/2b4P/8/pP3PK1/P1P5/8 w - - 5 32,e7c7 c5d6 f3f4 d6c7,834,113,95,544,crushing endgame fork short,https://lichess.org/afclLtrR#63,,
00QOp,4r3/pp2rkp1/2p5/P2p2pP/R4bP1/2NQ4/1PP2P2/3Kq2R w - - 3 25,h1e1 e7e1,425,90,100,294,mate mateIn1 middlegame oneMove pillsburysMate,https://lichess.org/7puRAwZg#49,,
00QQS,2r3k1/1p1q1ppp/4p3/Q7/3P4/P1B5/1Pr2PPP/R5K1 b - - 0 22,d7d4 c3d4 c2c1 a5e1,1685,140,43,21,advantage endgame hangingPiece short,https://lichess.org/tG606j71/black#44,,
00QVZ,8/7p/4K3/6p1/2k3P1/8/5P2/8 b - - 0 43,c4d4 e6f5 h7h6 f5g6 d4e4 g6h6,1468,76,81,530,crushing endgame long master pawnEndgame,https://lichess.org/gVqoHhuS/black#86,,
00QW1,8/3r1ppp/4p3/k3P3/pR2R2P/2P5/2Kr1PP1/8 w - - 4 31,c2c1 d2d1 c1b2 d7d2 b2a3 d1a1,975,81,96,301,endgame exposedKing long mate mateIn3 rookEndgame,https://lichess.org/I3LnvYRW#61,,
00QY3,2k3r1/pp5p/4p3/2p2p2/2P5/P4P1q/1PQ1RR1b/7K w - - 0 32,f2h2 h3f1,1048,76,88,285,endgame master mate mateIn1 oneMove,https://lichess.org/Ip4qQXo1#63,,
00QZ3,r1bq3r/ppppnkpp/2n5/b5N1/4P3/B1P5/P4PPP/RN1QK2R b KQ - 1 9,f7f8 d1f3 f8e8 f3f7,1207,79,92,1683,mate mateIn2 opening short,https://lichess.org/PiCJ1gmH/black#18,Scotch_Game Scotch_Game_Scotch_Gambit,
00QZV,r1bk4/pppp3p/2n5/2b1prN1/8/1B6/PPPP2PP/RNB2RK1 w - - 1 14,g1h1 f5f1,597,88,33,118,backRankMate hangingPiece mate mateIn1 middlegame oneMove,https://lichess.org/0CTltFgg#27,Italian_Game Italian_Game_Two_Knights_Defense,
00QjF,8/8/1pr1p1kp/pbPp2pN/3Pp1P1/1P2K3/P6P/2R5 b - - 0 29,e6e5 c5b6 c6c1 b6b7 c1e1 e3d2,2097,76,86,705,advancedPawn crushing endgame long master sacrifice,https://lichess.org/oPvDBkpv/black#58,,
00QkV,5k1r/p3Rpbp/3N2p1/4nbB1/2P5/3rP3/q4PPP/3Q1RK1 b - - 2 16,f7f6 e7e8,1094,75,100,887,mate mateIn1 middlegame oneMove,https://lichess.org/R69epPjY/black#32,Grunfeld_Defense Grunfeld_Defense_Three_Knights_Variation,
00Qlc,8/5R2/P7/2p1r3/2Pp2k1/3K4/5p2/8 b - - 1 54,e5f5 f7f5 g4f5 d3e2 f2f1q e2f1,1678,79,93,1352,crushing endgame long rookEndgame,https://lichess.org/CvcBVbVr/black#108,,
00Qm5,r2q1rk1/p3b1pp/2p5/4ppB1/4p1nP/2N5/PPP1QPP1/3R1RK1 b - - 8 15,d8c7 e2c4 g8h8 c3d5 c6d5 c4c7,1896,77,93,8943,crushing long middlegame,https://lichess.org/8fF68Ntt/black#30,Queens_Pawn_Game Queens_Pawn_Game_Morris_Countergambit,
00QnO,1k1r1r2/pp4p1/6q1/2Qp4/5bP1/2P4p/PPN3NP/R4R1K w - - 0 30,g2f4 g6e4 h1g1 f8f4,1467,78,92,3219,crushing fork intermezzo middlegame short,https://lichess.org/9GENZopF#59,,
00Qo8,8/8/RP4p1/1r1N1pkp/P1n1p3/6P1/6P1/4K3 b - - 0 49,b5d5 b6b7 d5d8 a6a8,1037,81,94,275,endgame,https://lichess.org/Sxlq7BKB/black#98,,
00Qog,1r3rk1/pP2qppp/1b3n2/1Q2p3/4P3/2NP1bP1/PP2NP1P/R1B2RK1 w - - 1 15,c1g5 e7e6 e2f4 e5f4,2049,78,92,3658,crushing middlegame short,https://lichess.org/5wfin3S4#29,English_Opening English_Opening_Carls-Bremen_System,
00Qpu,3r1b1r/2pn4/1p1p3p/2kP2qn/Q3Pp2/4Bp2/1P4PP/4R1K1 b - - 3 26,f4e3 e1c1,1301,78,87,738,mate mateIn1 middlegame oneMove,https://lichess.org/GLsIyi7p/black#52,,
00QqI,r6r/pQ2nkpp/4b3/2p1q3/4p3/2N5/PP1B1PPP/R4RK1 w - - 1 15,c3e4 e6d5 e4g5 e5g5 d2g5 d5b7,1653,74,82,112,advantage long middlegame,https://lichess.org/71TDmfZz#29,Scotch_Game Scotch_Game_Scotch_Gambit,
00Qqp,6k1/8/p3P1p1/8/8/2P3PP/1r5r/R3RK2 w - - 0 46,e6e7 h2h1,1592,75,99,2302,endgame mate mateIn1 oneMove rookEndgame,https://lichess.org/KZM4JRxc#91,,
00QyM,8/3k4/1pp3p1/4Pp1p/2PK1P1P/pP6/P7/8 b - - 1 35,d7e6 b3b4 e6e7 b4b5 c6b5 c4b5,2138,86,91,1578,crushing endgame long pawnEndgame quietMove zugzwang,https://lichess.org/DcRRuwOx/black#70,,
00R0l,rnbqkb1r/pp3p1p/6pP/P1ppp3/6n1/3P1P2/1PP1P1P1/RNBQKBNR b KQkq - 0 7,g4h6 c1h6 f8h6 h1h6,1235,79,88,1543,advantage opening short,https://lichess.org/y06s0jL8/black#14,Ware_Opening Ware_Opening_Other_variations,
00R0m,8/4k2p/Q1p1p3/p2pP1r1/q7/P6P/1P3PK1/2R2R2 w - - 1 28,g2f3 a4e4,1353,99,38,36,endgame mate mateIn1 oneMove,https://lichess.org/qcC85YJl#55,,
00R2A,2kr1b1R/p5p1/8/3P1p2/8/4B3/PPPK1P2/8 w - - 1 25,c2c4 f8b4 d2d3 d8h8,856,75,99,1641,crushing discoveredAttack endgame short,https://lichess.org/ZjzT3REI#49,,
00R4l,r1b5/p4pkp/3p2p1/2pPr3/2P5/1P1B4/R4PPP/R5K1 w - - 0 24,a2a7 a8a7 a1a7 e5e1 d3f1 c8f5,1563,76,84,1560,advantage defensiveMove endgame long,https://lichess.org/IQW9ts1W#47,,
00R8C,r4q1k/2bn2p1/2p3pp/1pP5/1P1B2P1/1Q1P1r1P/5PB1/4RRK1 w - - 0 27,g2f3 f8f4 d4g7 h8h7 e1e5 d7e5 g7e5 c7e5 f1e1 f4f3,2411,98,82,46,crushing fork master middlegame veryLong,https://lichess.org/ZILz4GAu#53,,
00R9D,8/1k6/1pn1R3/8/Pp4p1/4P3/5PK1/8 w - - 0 51,e6e4 b4b3 e4g4 b3b2,1098,141,82,10,advancedPawn crushing endgame short,https://lichess.org/3ZXSyu03#101,,
00RFz,r1b2rk1/3p1p1p/p1n1p1p1/1p1nq1B1/4N3/3B1Q2/P1P2PPP/R3R1K1 b - - 1 17,e5g7 e4f6 d5f6 g5f6,1176,248,100,28,advantage kingsideAttack middlegame short,https://lichess.org/xZ1Y4JZn/black#34,Sicilian_Defense Sicilian_Defense_Kan_Variation,
00ROK,5k2/p1p2R2/1r2rp2/3p1Q2/2qP2R1/2P4P/6PK/4q3 b - - 0 33,f8f7 f5h7 f7f8 g4g8,1363,80,89,781,endgame mate mateIn2 short,https://lichess.org/EXabGwlP/black#66,,
00RPk,8/2p5/5ppp/1PkP4/p4PPP/P1K5/8/8 b - - 0 39,c5b5 c3d4 c7c5 d5c6 b5c6 d4c4,2644,86,92,1799,advantage defensiveMove enPassant endgame long pawnEndgame,https://lichess.org/vOFXdfEu/black#78,,
00RWr,6k1/5pp1/n3p2p/1q1pN3/8/4PB1P/Q4PPK/2r5 b - - 3 36,a6c5 a2a8 g8h7 e5f7 b5b2 a8h8 h7g6 h8g8 g6f6 f3h5,2843,106,88,715,crushing defensiveMove deflection endgame veryLong,https://lichess.org/20uXWTrv/black#72,,
00RXz,1k1r4/pp1b4/2pq1p1p/6p1/8/1Q4P1/PP3PBP/3R2K1 b - - 0 27,d6e6 b3e6 d7e6 d1d8,1214,76,80,255,advantage endgame queensideAttack short,https://lichess.org/KgK5s7Qu/black#54,,
00RYH,1k5r/ppp1R2p/3r1p2/5Q2/3p4/2qP4/2P2PPP/2K1R3 b - - 5 26,d6a6 e7e8 h8e8 e1e8,1029,83,89,122,backRankMate endgame mate mateIn2 short,https://lichess.org/qGI2u50w/black#52,,
00RbX,3r2k1/2q1bppp/b3n3/p2N4/2p1P3/P3QN2/1PP2PPP/4R1K1 b - - 1 22,e7c5 d5c7 c5e3 c7e6 e3f2 g1f2,1616,77,79,113,advantage long middlegame,https://lichess.org/vo7nrvYf/black#44,,
00Rcs,3k4/ppp2p1r/4p2P/5n2/3Pp1N1/2P2K2/P1P3P1/7R w - - 0 30,f3e4 f5g3 e4f4 g3h1,856,89,95,2256,crushing endgame fork short,https://lichess.org/6z8dEdCK#59,,
00Rep,8/8/b1k5/p1N5/2p5/1P4P1/P6P/6K1 w - - 1 51,c5a6 c4c3 b3b4 c3c2,1451,76,94,705,advancedPawn crushing endgame knightEndgame short,https://lichess.org/jXFjUSJk#101,,
00RiT,8/pp1k1p2/4p3/2ppPr1r/5PpP/2P3P1/P1P5/2K1RR2 b - f3 0 22,g4f3 g3g4 f5e5 g4h5,1089,77,100,118,advantage endgame fork rookEndgame short,https://lichess.org/u5bDliJE/black#44,,
00Rk3,8/1p2rppk/5q1p/Q4R2/2P5/PP5P/5PP1/5rK1 w - - 0 32,g1f1 f6a1 a5e1 e7e1,946,76,100,419,endgame mate mateIn2 short,https://lichess.org/9ceeRcuK#63,,
00Rlv,r3k1nr/p1q3pp/1pb1p3/2b2p2/8/N1BQ1P2/PPP3PP/2KR3R b kq - 3 14,a8d8 d3d8 c7d8 d1d8,612,96,79,141,advantage middlegame short,https://lichess.org/DoFZ2KjY/black#28,Duras_Gambit Duras_Gambit_Other_variations,
00Rmm,2rr2k1/5ppp/p7/1p1nP3/1B1P1PP1/PK5P/4R3/3R4 w - - 4 30,e2c2 c8c2 b3c2 d5e3 c2d3 e3d1,1492,77,94,2252,advantage attraction endgame fork long,https://lichess.org/MjgWCyPg#59,,
00RoG,2kr2nr/pp2nppp/2pp4/2b2PP1/4NPq1/3B1R2/PPP4P/R2QB2K w - - 5 18,h2h3 g4g1,1015,96,94,705,mate mateIn1 oneMove opening,https://lichess.org/rOjlXCXv#35,Scotch_Game Scotch_Game_Other_variations,
00RtC,r4k2/ppp3p1/3p3r/2q5/2NnP3/2Q2PBp/PP3R1P/5RK1 w - - 4 25,b2b4 d4e2 g1h1 c5f2 c3g7 f8g7,1948,82,86,55,advantage deflection discoveredAttack long middlegame pin,https://lichess.org/cgruxBCC#49,,
00Ru6,3r1r2/p5kp/1p4pP/2p5/2PbBQ2/2q5/P1P1K3/5R2 b - - 0 34,g7h8 f4f8 d8f8 f1f8,974,84,80,72,mate mateIn2 middlegame short,https://lichess.org/SA1K2pZD/black#68,,
00Rue,r2qkb1r/pp1nppp1/2p2n1p/3p1b2/3P4/BP2PN2/P1P2PPP/RN1QKB1R w KQkq - 2 7,c2c4 f5b1 a1b1 d8a5 b3b4 a5a3,1880,73,95,18906,advantage fork long opening,https://lichess.org/tgFzBrLu#13,Nimzo-Larsen_Attack Nimzo-Larsen_Attack_Classical_Variation,
00RvC,3r2k1/pp4q1/6P1/7Q/8/bP5P/P5P1/5R1K w - - 1 30,f1f7 g7a1 h1h2 a3d6 g2g3 d6g3 h2g2 d8d2,2340,78,80,305,crushing endgame veryLong,https://lichess.org/zj6fSS7Y#59,,
00Rvy,r6k/6bp/p7/2Q5/8/5P2/4bKPP/8 b - - 2 37,e2d3 c5d5 a8f8 d5d3,1296,84,9,71,advantage endgame fork short,https://lichess.org/AFL6C8p8/black#74,,
00S5q,r4rk1/pbp1n1pp/1p1p4/3Pp1N1/2B4P/2PQ4/PP3qP1/R2K3R b - - 1 17,f2g2 d3h7,857,133,90,26,kingsideAttack mate mateIn1 middlegame oneMove,https://lichess.org/CwLT7XOm/black#34,Dutch_Defense Dutch_Defense_Raphael_Variation,
00S6g,r6r/p3kpbp/2Q1pnp1/q7/P2P1P2/1PP5/6PP/R1B2RK1 b - - 0 16,f6d5 f4f5 g6f5 f1f5 f7f6 c1a3 e7f7 c6d7 f7g6 f5f3,2755,96,65,106,advantage middlegame veryLong,https://lichess.org/jFCmK1qh/black#32,Queens_Pawn_Game Queens_Pawn_Game_Other_variations,
00S6j,3rr1k1/pp1q1pp1/1n1P1b1p/1Np5/8/1Q3N1P/PP3PP1/3R1RK1 b - - 2 20,a7a6 b5c7 d7c6 c7e8,1366,142,73,17,crushing master middlegame short,https://lichess.org/btjYBomF/black#40,,
00SCA,8/2Q5/2p2nk1/8/2r2K2/8/8/8 w - - 4 71,f4e5 c4e4 e5d6 f6e8 d6d7 e8c7,1359,76,96,4952,crushing endgame fork long,https://lichess.org/JVchiAe8#141,,
00SIE,2k3nr/ppp2ppp/2n5/8/8/1Q2P3/q2r1PPP/1R2KB1R b K - 1 15,d2f2 b3b7 c8d7 b1d1,1188,78,89,272,crushing fork middlegame short,https://lichess.org/sgBLVx00/black#30,Englund_Gambit Englund_Gambit_Hartlaub-Charlick_Gambit,
00SIq,r3r1k1/1Q3ppp/8/pP6/2q5/7P/3R2P1/5R1K w - - 0 30,f1f7 c4f7 b7f7 g8f7,1903,75,83,247,crushing endgame short,https://lichess.org/WCK83FsZ#59,,
00SLR,rnbqk1nr/ppppbppp/4p3/8/5P2/5N2/PPPPP1PP/RNBQKB1R w KQkq - 2 3,g2g4 e7h4 f3h4 d8h4,677,105,87,595,mate mateIn2 opening short,https://lichess.org/jqepvLa0#5,Bird_Opening Bird_Opening_Other_variations,
00SMl,r4rk1/ppp2pn1/2np4/q2N4/3PP3/5P2/PPP5/1K1R1B1R b - - 2 18,c6b4 d5f6,899,98,94,1026,mate mateIn1 middlegame oneMove,https://lichess.org/vYCG7ony/black#36,Kings_Gambit_Accepted Kings_Gambit_Accepted_Cunningham_Defense,
00SOy,6k1/6b1/p1r1p2p/1pN4r/3P3q/2P2Q2/P4PP1/1R2R1K1 w - - 2 31,f3c6 h4h1,877,103,97,607,mate mateIn1 middlegame oneMove,https://lichess.org/nkJegacG#61,,
00SPy,4r3/5pk1/pp3p2/7q/1P3P1p/P6P/4R1P1/3Q1R1K b - - 0 34,e8e2 f4f5 g7h6 d1d8,2755,115,88,184,advantage endgame quietMove short,https://lichess.org/b7nzWOyx/black#68,,
00STy,8/1R5R/4kpp1/4p3/4P2K/5P1P/r7/6r1 b - - 10 40,a2h2 b7b6,1508,82,83,666,endgame master mate mateIn1 oneMove rookEndgame,https://lichess.org/yc8Ey5PU/black#80,,
00SU7,2rqr1k1/B2b1ppp/5n2/8/3Q4/3B4/P1P2PPP/R3R1K1 w - - 3 22,d4h4 e8e1 a1e1 d8a5 e1a1 a5a7,1590,76,94,6493,advantage fork long middlegame,https://lichess.org/qmkkzrOG#43,,
00SUF,1n6/1P6/5pp1/8/2k3PP/4P3/3K4/8 b - - 0 51,c4c5 h4h5 g6h5 g4h5 c5d6 h5h6,1343,79,64,866,crushing endgame knightEndgame long master,https://lichess.org/zGMp3vwR/black#102,,
00SWh,rn5Q/ppk1np2/3B4/6N1/6b1/8/PPP1q3/2KR4 b - - 0 18,c7b6 h8d4 b6c6 d4c3 c6d7 d1e1,2778,112,88,835,crushing exposedKing long middlegame,https://lichess.org/SIKtKv2M/black#36,Kings_Gambit_Accepted Kings_Gambit_Accepted_Bishops_Gambit,
00Se9,5rk1/pp1n2r1/3p2N1/2pQ4/2P5/4P1P1/qP2KPP1/7R b - - 1 24,g7f7 g6e7 g8g7 d5g5,1791,75,95,5650,mate mateIn2 middlegame pin short,https://lichess.org/cMwUzce9/black#48,,
00SeK,7k/pp5p/4r1pP/5pP1/3Q1n2/P1P5/KP6/5q2 b - - 1 35,h8g8 d4g7,995,179,89,29,endgame mate mateIn1 oneMove,https://lichess.org/GRpzFRNZ/black#70,,
00SfT,r4rk1/pb2ppb1/1q6/6PQ/8/2NP1N2/PPnK1PP1/R6R b - - 1 16,c2a1 h5h7,1068,86,93,968,mate mateIn1 middlegame oneMove,https://lichess.org/5y0Ha2gI/black#32,Scandinavian_Defense Scandinavian_Defense_Modern_Variation,
00SgB,b3rrk1/qn2R3/1p3ppp/1P1p4/1Q1PnB2/P3P3/4BPPP/5RK1 b - - 0 28,e8e7 b4e7 f8f7 e7e8 g8g7 f4h6,1184,76,94,1558,advantage exposedKing kingsideAttack long middlegame,https://lichess.org/twcqryGo/black#56,,
00SiY,8/8/3p2N1/3Pp1n1/4Pp1p/3k1P1P/6K1/8 w - - 8 57,g6h4 d3e2 h4f5 g5f3,2111,80,91,2583,crushing endgame knightEndgame master short zugzwang,https://lichess.org/nqOd6mWK#113,,
00SlL,r5k1/2p1qp1p/2b1p1pQ/pp5P/3P2P1/3P1r2/PP2N3/2KR3R b - - 0 23,f3d3 d1d3 c6h1 h5g6 f7g6 h6h1,2330,93,91,722,advantage discoveredAttack long middlegame,https://lichess.org/ktai3EiG/black#46,,
00Sr6,4r2k/pQ5p/1p3p2/8/2p2P2/P6q/8/3R1RK1 w - - 0 37,b7f3 e8g8 g1f2 h3h2,1520,96,81,42,advantage endgame master short,https://lichess.org/jfGXGyER#73,,
00SsI,6R1/p4p1p/2p1pp1k/8/2N5/4b1R1/4K1PP/2q5 b - - 1 29,e3g5 g3h3 g5h4 h3h4,1154,77,94,819,endgame mate mateIn2 short,https://lichess.org/WfTPI1ZC/black#58,,
00Svg,8/p7/1p4k1/2pN2p1/4Pp2/P1P4r/1P3KR1/8 w - - 6 50,f2e2 f4f3 e2f2 f3g2,1182,78,64,102,advancedPawn advantage endgame fork master short,https://lichess.org/hCcakyYf#99,,
00SyL,1rb2rk1/4bppp/p1n1p3/1p1qP3/7N/P5P1/1PQ2PBP/R1B2RK1 b - - 1 15,d5c5 c2c5 e7c5 g2c6,1252,76,92,6113,capturingDefender crushing opening short,https://lichess.org/f988q4eE/black#30,Sicilian_Defense Sicilian_Defense_Old_Sicilian,
00Sz9,1r4k1/p4ppp/4p3/p5n1/4P3/1P1N1PPq/QB3b1P/R5K1 w - - 0 30,d3f2 g5f3 g1h1 h3h2,1008,82,90,819,kingsideAttack mate mateIn2 middlegame short,https://lichess.org/mJ2prRw1#59,,
00T2k,2k5/p3qp2/bpp1p1p1/4P2r/P4n1p/5P2/BPQ2B1P/1K1R4 b - - 0 30,h5e5 c2c6 c8b8 d1d7 e7d7 c6d7,1583,77,92,1477,advantage long middlegame queensideAttack,https://lichess.org/e3qC1Wvi/black#60,,
00T4i,2r4k/q2b1Q1p/2p2P2/1p2p3/4P3/p2P3R/4N1rK/R7 w - - 0 38,h2g2 d7h3 g2h3 a7f7,1544,77,91,346,crushing discoveredAttack middlegame short,https://lichess.org/02qALj5P#75,,
00T85,8/8/8/8/8/4K3/1k3Q2/1q6 b - - 5 53,b2c1 f2d2,1039,92,93,1530,endgame master mate mateIn1 oneMove queenEndgame,https://lichess.org/j3dOR5SJ/black#106,,
00TAb,6k1/5pp1/p1N1b3/1n5p/1B4P1/P4P1P/2K5/8 b - - 2 42,e6d5 c6e7 g8h7 e7d5,715,94,95,388,advantage endgame fork master short,https://lichess.org/vPUJ0Lkg/black#84,,
00TEQ,r3k1nr/1bq2ppp/p2p4/1p2p1NQ/3nP3/1BN4P/PP3PP1/R2R2K1 b kq - 2 15,g8f6 h5f7 c7f7 g5f7,2164,94,90,1124,advantage attackingF2F7 middlegame short,https://lichess.org/1ix6qpqS/black#30,Sicilian_Defense Sicilian_Defense_Smith-Morra_Gambit_Accepted,
00TFd,1R6/8/p1P3k1/6pp/1P6/6PK/r6P/8 w - - 1 40,c6c7 g5g4 h3h4 a2h2,1031,82,94,182,deflection endgame mate mateIn2 rookEndgame short,https://lichess.org/olkVoMlg#79,,
00TJN,r3r1k1/pp3pB1/2q3pp/3R1b2/8/P4Q2/BP3PPP/1R4K1 b - - 0 23,f5b1 f3f7 g8f7 d5d7,1800,75,100,1045,attraction doubleCheck kingsideAttack mate mateIn2 middlegame sacrifice short,https://lichess.org/G6iE2Sej/black#46,,
00TLz,8/p3Q2p/6p1/4p1k1/5q2/8/Pr4PP/6K1 b - - 1 36,f4f6 h2h4 g5f5 g2g4 f5g4 e7f6,1477,76,83,549,advantage deflection endgame long,https://lichess.org/iQZPp2A2/black#72,,
00TOX,b7/p1k1pp2/1pn2qp1/8/4B3/1PNR4/P1P2PP1/5K2 b - - 1 26,a7a6 c3d5 c7b8 d5f6,802,76,86,209,crushing endgame fork short,https://lichess.org/bAOdaE0p/black#52,,
00TOt,5bk1/5ppp/8/Q7/3p4/8/P1K1q2P/2R5 w - - 2 33,a5d2 d4d3 c2c3 f8b4,1379,78,87,1480,crushing endgame short,https://lichess.org/azv2NWmg#65,,
00TQf,4r1k1/p1R1n2p/4N3/5rK1/8/6PP/P3R3/8 w - - 3 46,g5g4 h7h5 g4h4 e7g6,1204,77,93,2020,endgame mate mateIn2 short,https://lichess.org/aPLWBAFg#91,,
00TRo,5q1k/2r3p1/1p2p2b/3p2NQ/3P4/1p6/5R2/6K1 b - - 1 38,f8b4 h5e8 b4f8 f2f8,1671,76,93,4035,endgame mate mateIn2 short,https://lichess.org/h4dPcMj5/black#76,,
00TTm,r4b1r/pppqpkpp/6B1/7Q/2PP4/2N1P2P/PP4P1/R5K1 b - - 0 15,f7g8 g6f7,821,76,100,484,mate mateIn1 middlegame oneMove,https://lichess.org/KVkwZhJj/black#30,Scandinavian_Defense Scandinavian_Defense_Modern_Variation,
00TU2,1k1r4/1p3Qp1/p2q3p/3N4/1b6/8/PP3PPP/2R3K1 w - - 4 22,d5b4 d6d1 c1d1 d8d1,623,99,89,1354,backRankMate endgame mate mateIn2 sacrifice short,https://lichess.org/p32396Rd#43,,
00TV2,6k1/p1Q2p1p/4p1p1/3p4/1r6/7P/Pq3PP1/5RK1 b - - 2 26,b2a2 c7c8 g8g7 c8c3 d5d4 c3b4,1729,74,89,669,advantage endgame fork long master,https://lichess.org/6qHoYzpM/black#52,,
00TXF,3R4/6pk/4rp1p/p1N1P3/1p3P2/1Pb4P/6P1/6K1 b - - 1 33,e6c6 e5e6 c6e6 c5e6,1736,74,91,192,crushing endgame short,https://lichess.org/l8slGC2i/black#66,,
00Ta0,4k3/1R6/6p1/4Np1p/7P/2r3PK/5b2/8 w - - 11 47,e5g6 c3g3 h3h2 g3g6,1178,75,93,2359,crushing endgame fork short,https://lichess.org/kDwb7v3y#93,,
00Tdk,r6r/4kppp/2pNpnq1/p1P1n3/8/B3P3/PP2QPPP/3R1RK1 w - - 7 20,e2d2 e5f3 g1h1 f3d2,1041,92,94,1820,crushing middlegame pin short,https://lichess.org/UgDWX5rx#39,,
00Tge,8/5k2/8/1p1p2pN/1PpP1nP1/2P1KP2/8/8 b - - 10 58,f4h5 g4h5 f7g7 f3f4,1111,96,95,2612,crushing endgame short,https://lichess.org/Jri9vZwO/black#116,,
00TiV,8/1kp5/4n3/3pN3/r2P3R/2K4P/8/8 w - - 5 48,e5f3 a4a3 c3c2 a3f3,1135,82,93,1205,crushing endgame short skewer,https://lichess.org/Wm6c0Vk6#95,,
00Tkj,2r2k1Q/p4pp1/1p2p1n1/4P1B1/q7/2r4R/P4PP1/4R1K1 b - - 3 28,g6h8 h3h8,880,97,87,41,master mate mateIn1 middlegame oneMove pillsburysMate,https://lichess.org/tO9BeoLJ/black#56,,
00Tll,5r1k/1pp3p1/7p/pP1N4/P3P3/2PP3P/3BnbPK/R7 w - - 2 27,d5c7 f2g3 h2h1 g3c7,1544,76,92,1515,advantage endgame fork short,https://lichess.org/rnssRcMM#53,,
00Tmr,2r2rQk/6pp/p6N/1p1p4/2pq4/P6P/1P3PP1/4R1K1 b - - 9 36,f8g8 h6f7,972,83,94,345,endgame mate mateIn1 oneMove smotheredMate,https://lichess.org/d74dVX2e/black#72,,
00TuA,8/6p1/8/pp2k1p1/2p2p2/2P1KPPP/PP6/8 w - - 0 37,e3f2 f4g3 f2g3 e5f5,2173,92,91,1360,crushing defensiveMove endgame pawnEndgame short,https://lichess.org/qtped91w#73,,
00Ty2,r5k1/ppp4p/2n3r1/3P4/4P3/B1P5/P1Q1K3/6N1 w - - 1 31,d5c6 g6g2 e2d3 a8d8 d3c4 g2c2,2075,82,91,246,advantage endgame exposedKing fork long,https://lichess.org/UL4sB8OJ#61,,
00Ty5,3q1r1k/1b3ppp/p3p3/7N/1p1bp3/4B1Q1/PPr2PPP/R3R1K1 b - - 1 23,d4e3 g3g7,1161,82,41,105,kingsideAttack mate mateIn1 middlegame oneMove,https://lichess.org/UzadMAHf/black#46,,
00Tya,r4rk1/6pp/1p1Bp3/p7/P1PP4/4nqP1/2QR3P/4R1K1 w - - 1 25,c2a2 f3f1 e1f1 f8f1,1167,76,96,2323,kingsideAttack mate mateIn2 middlegame sacrifice short,https://lichess.org/uhMJDCas#49,,
00U2C,8/8/6RP/2p5/p1k1pP2/4P3/np1K4/8 w - - 0 48,g6b6 a2b4 b6b4 c4b4 d2c2 b4a3 h6h7 a3a2,2213,86,90,1651,crushing defensiveMove endgame master quietMove veryLong,https://lichess.org/ZQ9GNX6h#95,,
00UB0,1r2n3/p1p3bk/Pp1p2pp/1PqP1p2/5P2/1Q1P1N2/6BP/5R1K b - - 0 29,e8f6 d3d4 c5d5 f3g5,1626,92,62,78,crushing middlegame short,https://lichess.org/gMbTs2F4/black#58,,
00UEs,8/3R3p/5kp1/8/2Bnp3/1P5P/P6r/4K3 b - - 1 40,f6e5 d7d5 e5f4 d5d4,1513,77,88,891,advantage deflection endgame master short,https://lichess.org/Owc0qiXL/black#80,,
00UF4,rnbQ1b1r/pp2n2p/2p2k2/1q2p1p1/3P4/5N2/P1P2PPP/R1B1K2R b KQ - 0 13,f8g7 c1g5 f6f7 d8e7,1563,77,98,5358,crushing middlegame short,https://lichess.org/xkouJg1l/black#26,Scandinavian_Defense Scandinavian_Defense_Main_Line,
00UGu,7R/6rP/8/8/8/5p2/7K/5k2 w - - 5 67,h2h3 f3f2 h3h4 g7e7,2580,94,85,129,advancedPawn crushing endgame master rookEndgame short,https://lichess.org/pBD1nBPz#133,,
00UHZ,3n2k1/6p1/pp3p1p/8/2r1NR1P/6P1/1PP5/1K6 b - - 1 32,d8e6 e4f6 g7f6 f4c4,1071,79,89,3457,advantage discoveredAttack endgame short,https://lichess.org/bQ4MdAO1/black#64,,
00UHs,r4rk1/ppp3pp/4p3/2P4P/1nNP2q1/P3QP2/1Pb2K2/R4B1R b - - 0 22,c2e4 c4e5 b4d5 e5g4 d5e3 f2e3,2219,81,91,594,crushing long middlegame,https://lichess.org/wLdDSwHk/black#44,,
00UI2,2r3nr/p5pp/b3kp2/3p4/4p3/BP3P2/P1PN2PP/2KR3R b - - 0 18,f6f5 f3e4 f5e4 d2e4 d5e4 d1d6 e6f7 d6a6,1947,75,94,6359,clearance crushing fork middlegame sacrifice veryLong,https://lichess.org/eellQ95m/black#36,Nimzo-Larsen_Attack Nimzo-Larsen_Attack_English_Variation,
00UIZ,4k2r/rp1qb3/2p2nQ1/p2p2N1/3P2pP/P3P1P1/1P3P2/1K1R3R b - - 6 26,e8d8 g5f7 d8c7 f7h8,1036,151,38,31,advantage fork middlegame short,https://lichess.org/0ljJUBQ9/black#52,,
00UJF,2kr2r1/3q1p2/pp1b1n1p/2pP4/2Pp1B2/PQ1P3P/4B1PK/R4R2 w - - 2 21,f4d6 d7d6 h2g1 g8g2 g1g2 d8g8 e2g4 f6g4,1950,78,92,615,attraction crushing middlegame veryLong,https://lichess.org/IIkRogjy#41,,
00UJP,1r2q1k1/R1p4p/3pNp2/3P4/1p3pbb/1BP5/1P3PPK/Q4R2 w - - 2 28,a7c7 h4g3 h2g1 e8h5 c7g7 g8h8 f2g3 f4g3 f1f3 h5h2,2180,87,89,664,crushing middlegame sacrifice veryLong,https://lichess.org/qkY18hUD#55,,
00UOA,6k1/5p1p/4pbp1/p2p4/2rP1P2/P3B1P1/1P2R1KP/8 b - - 0 30,f6d4 b2b3 c4c2 e2c2,1657,75,84,212,advantage endgame short,https://lichess.org/DUwr5LiX/black#60,,
00UQj,6r1/pp1qbpk1/8/2pPp1r1/2P1Pp2/P1N2Qp1/3B2K1/R6R w - - 0 31,h1h3 d7h3 g2h3 g3g2,2375,91,89,1627,advancedPawn crushing master middlegame sacrifice short,https://lichess.org/uZNJ299M#61,,
00UTH,3r3r/q4pk1/p4N2/1p2PQp1/P4n2/3p1P1P/1P4P1/3RR1K1 w - - 0 32,g1h2 h8h3 f5h3 f4h3,1830,74,82,129,crushing middlegame short,https://lichess.org/X5eq2VgN#63,,
00UZP,5r1k/ppQ3p1/6qp/5r2/3Pp1b1/2P5/P2B1PPP/R4R1K w - - 5 22,c7b7 f5f2 f1f2 f8f2,1745,75,87,490,crushing middlegame short,https://lichess.org/4HQMl1VG#43,,
00Ueq,r1b2rk1/pp4b1/n1pqp1Q1/4p3/2P2PP1/P2B4/1P6/R1B1K2R b KQ - 1 19,f8f6 h1h8 g8h8 g6h7,1843,74,98,1877,attraction kingsideAttack master mate mateIn2 middlegame pin sacrifice short,https://lichess.org/CWZLKGkj/black#38,,
00UgJ,1r1q1rk1/1b4b1/4p1pp/3pP3/p2B2P1/3B3Q/PPP5/2KR3R w - - 0 23,d3g6 d8g5 c1b1 g5g6,915,101,95,1879,advantage fork middlegame short,https://lichess.org/9kzSQDr4#45,,
00Ui0,r5k1/5pp1/2p5/P1N4p/2Pp1n2/1P3P2/5P1P/3R2K1 w - - 1 26,d1d4 f4e2 g1f1 e2d4,694,96,91,1941,crushing endgame fork short,https://lichess.org/R2pJ0rIG#51,,
00UkB,8/8/n1R4p/P5p1/r4p1k/7P/5PK1/8 b - - 5 50,a4a5 c6h6,572,97,96,198,endgame mate mateIn1 oneMove,https://lichess.org/A2DzkmFy/black#100,,
00Uo9,4Q3/5ppk/2p2b1p/1pq1pP2/2r1B3/5P1P/6P1/5R1K b - - 3 33,c5e7 e8e7 f6e7 f5f6 c4e4 f6e7,1198,75,98,814,advancedPawn crushing discoveredAttack discoveredCheck endgame long,https://lichess.org/A7Ui9kzO/black#66,,
00Upm,r5r1/1p5k/p2b1Pn1/2p1p1P1/P1PpP3/2P5/1P3KB1/R4R2 b - - 2 29,a8f8 f1h1 g6h4 h1h4,953,77,83,330,advantage middlegame short,https://lichess.org/6s5P4SQT/black#58,,
00UqU,2k4r/q5p1/p2rpn1p/8/1RQP4/2P1P3/1P4PP/R5K1 b - - 0 25,a7c7 a1a6 c7c4 b4c4 c8d7 a6a7,2039,76,98,459,advantage exposedKing long middlegame queensideAttack,https://lichess.org/TjspGxP2/black#50,,
00Us6,3r1rk1/p3R2p/2p2p2/1pPq4/1n1P1P2/6P1/1B2Q2P/2K1R3 b - - 3 32,d5b3 e2g4 g8h8 g4g7,1240,77,94,531,kingsideAttack mate mateIn2 middlegame short,https://lichess.org/rMo69Gbe/black#64,,
00UwP,5rk1/p4pp1/3qb2p/1B1p4/1r1P4/Q3PN2/P4PPP/2R3K1 b - - 5 19,b4b1 a3d6 b1c1 b5f1,1184,76,100,632,advantage master middlegame short,https://lichess.org/Py4RR2HF/black#38,,
00Uwn,3r1rk1/p1p2pbp/1p4p1/7n/4P3/1P2BP1q/P1B3QP/3R1R1K b - - 6 23,h3h4 e3g5 h5g3 g2g3,1663,76,93,2933,advantage fork middlegame short,https://lichess.org/Nqhta4GU/black#46,,
00UyQ,4r1k1/p1p2pp1/1p5p/2Q1P3/5r1q/5R2/P3B1PP/R5K1 w - - 0 22,c5c7 f4f3 g2f3 h4d4 g1g2 d4a1,1656,74,95,4415,advantage clearance fork long middlegame,https://lichess.org/kxyI8Okp#43,,
00V0G,8/6P1/5k1K/8/8/3p4/PR6/6r1 w - - 1 49,b2d2 g1h1 d2h2 h1h2,1122,81,91,721,endgame mate mateIn2 rookEndgame short,https://lichess.org/UYjzL2st#97,,
00V4d,b2r2k1/p2rqpp1/n2Npb1p/2Q1N3/1P6/P5P1/3RPPBP/3R2K1 w - - 3 23,c5b5 d7d6 e5g6 f7g6 d2d6 d8d6 d1d6 e7d6,2123,79,77,64,advantage middlegame veryLong,https://lichess.org/zfHTkXMN#45,,
00V59,rnb2rk1/5ppp/p2q4/1p1P4/2p3n1/2N2N2/PP2BPPP/R2Q1RK1 w - - 0 14,f3d4 d6h2,523,91,78,212,kingsideAttack mate mateIn1 oneMove opening,https://lichess.org/EaO3DqDl#27,Indian_Defense Indian_Defense_Anti-Nimzo-Indian,
00V8g,8/4k3/8/1K1n4/P7/8/1P6/8 b - - 0 57,d5c7 b5c6 e7d8 c6b7 d8d7 a4a5,2366,83,78,90,crushing defensiveMove endgame knightEndgame long,https://lichess.org/iPi2LNEj/black#114,,
00VC1,1k2r3/p2r1R2/2Q5/1p5p/P1P3p1/8/6PP/7K w - - 2 44,c6d7 e8e1 f7f1 e1f1,421,119,71,498,backRankMate endgame mate mateIn2 queenRookEndgame short,https://lichess.org/EjJXrCqs#87,,
00VDN,3r4/3r2k1/p7/3p2p1/3R2Pp/1P2PK2/P2R4/8 w - - 0 38,e3e4 d5e4 f3e3 d7d4,1541,78,73,60,crushing discoveredAttack endgame master rookEndgame short,https://lichess.org/Tex5WhjM#75,,
00VDp,r3k2r/pp2qpp1/2b1pn2/6Np/2p4P/2N1RP2/PPPQ2P1/2KR4 b kq - 1 17,a8d8 d2d8 e7d8 d1d8 e8d8 g5f7,1433,84,78,72,attraction crushing long middlegame,https://lichess.org/iH1hq0T1/black#34,Zukertort_Opening Zukertort_Opening_Other_variations,
00VEX,4r1k1/3b1pp1/1B3q1p/r7/P1p1Q3/2P4P/5PP1/R4RK1 w - - 1 27,b6d4 e8e4 d4f6 g7f6,1314,77,80,269,crushing middlegame short,https://lichess.org/8qPPWVm7#53,,
00VEe,3r4/4k3/3pn3/p3r1p1/PpB3K1/1P4P1/3R4/7R b - - 3 47,d8f8 h1h7 f8f7 h7f7 e7f7 d2d6,1694,76,90,318,crushing endgame long master masterVsMaster,https://lichess.org/igcJqKC1/black#94,,
00VFK,8/6pk/7p/Q7/6P1/3q3K/1P5P/8 w - - 1 45,h3h4 g7g5 a5g5 h6g5,1058,98,93,998,crushing endgame master queenEndgame short,https://lichess.org/cuisbvqQ#89,,
00VGt,3K4/8/2P5/6pp/1n6/5PkP/R5P1/8 w - - 3 61,a2a5 b4c6 d8d7 c6a5,1061,109,93,476,crushing endgame fork short,https://lichess.org/kgtHwkuS#121,,
00VIe,8/8/8/P6p/8/2RnkN2/r7/3K4 w - - 1 60,f3e1 a2d2,1667,83,94,22390,endgame mate mateIn1 oneMove vukovicMate,https://lichess.org/ugqyRWZm#119,,
00VJF,2rr2k1/1pq2pp1/1B2pnp1/1Q1p4/8/2P2B2/PP4Pb/3RR2K b - - 1 32,c7d7 b5d7 f6d7 b6d8,1272,80,87,357,advantage middlegame short,https://lichess.org/x96V69hr/black#64,,
00VNr,5rk1/npp3p1/p3pr1p/2b5/3NR3/4B2P/PPP2PP1/R5K1 w - - 5 22,e4e6 c5d4 e6f6 d4f6 e3a7 b7b6,1962,74,93,2704,crushing defensiveMove long middlegame,https://lichess.org/fNuigLTb#43,,
00VQ7,r2q1r1k/pppn2pp/2n1B3/6b1/5B2/2N2Q2/PPP3PP/2KR1R2 w - - 1 15,f4g5 d8g5 c1b1 f8f3,1546,81,86,57,crushing middlegame short,https://lichess.org/mstWBf97#29,Kings_Gambit_Accepted Kings_Gambit_Accepted_Fischer_Defense,
00VRm,3r2k1/pQ3pp1/1p2p2p/8/2P5/1P6/P3qPPP/5RK1 w - - 0 22,b7a7 d8d1 a7a8 g8h7 a8e4 e2e4,1461,80,80,81,crushing endgame long master,https://lichess.org/9VSX0Fck#43,,
00VSe,6nr/1pN2ppp/p2Qbk2/2B1p3/3nq3/8/PP2BPPP/5K1R w - - 8 19,c5d4 e4b1 e2d1 b1d1,978,79,95,571,mate mateIn2 middlegame short,https://lichess.org/xBVkshTD#37,Sicilian_Defense Sicilian_Defense_Lowenthal_Variation,
00VXe,rn1q1knr/pbpp4/1p2ppQ1/6N1/1bPP3p/2N3B1/PP2PPPP/R3KB1R b KQ - 0 10,f6g5 g3e5 h8h7 g6h7,1542,78,86,89,advantage middlegame short,https://lichess.org/3VBJUDYD/black#20,English_Defense English_Defense_Other_variations,
00Vdx,2k3rr/ppp2p1p/2np1B2/8/4P3/2NB1b2/PPP2PPP/R4RK1 w - - 1 13,f6h8 g8g2 g1h1 g2g4,1453,77,85,596,discoveredAttack discoveredCheck kingsideAttack mate mateIn2 middlegame morphysMate short,https://lichess.org/z9NeMacX#25,Kings_Pawn_Game Kings_Pawn_Game_Busch-Gass_Gambit,
00VhV,5k2/5P2/4K3/4p3/ppp1P3/2P1P3/PP4P1/8 w - - 2 50,g2g4 a4a3 c3b4 a3b2,1642,75,90,459,advancedPawn crushing endgame pawnEndgame short,https://lichess.org/ZIHizXwv#99,,
00ViT,6k1/5pp1/4p2p/1p1bPP2/1P1P1KP1/1r6/3B1R1P/8 w - - 0 37,f5f6 g7g5,1392,110,71,94,endgame mate mateIn1 oneMove,https://lichess.org/GZhSC72T#73,,
00VlM,1k6/1p2rp1p/1p4b1/1N1B4/2P2p2/3p3P/P2Rr3/2K2R2 w - - 4 34,f1f4 e2e1 c1b2 e7e2 b2c3 e1c1 c3d4 e2d2,2348,78,93,1334,advantage clearance deflection exposedKing middlegame veryLong,https://lichess.org/bUns6omN#67,,
00VoA,r3r1k1/2pqbppp/ppn2n2/3p4/NP1P2b1/P3P1P1/1BQ1NPBP/2R1K2R b K - 1 14,g4f5 c2c6 d7c6 c1c6,1442,77,89,1564,advantage middlegame short,https://lichess.org/K5lY640W/black#28,Anderssens_Opening Anderssens_Opening_Other_variations,
00Voj,r1bk1b1r/2q5/p1n1p1Bp/1p1pP3/3p4/P3B3/1PP2QPP/R4RK1 b - - 1 17,d4e3 f2f6 d8d7 f6h8 c8b7 f1f8 a8f8 h8f8,2166,116,79,32,advantage discoveredAttack fork middlegame veryLong,https://lichess.org/GUVOp1gT/black#34,French_Defense French_Defense_Steinitz_Variation,
00Vqp,8/5ppp/4p3/p6k/6R1/4P2P/3q1PP1/2R3K1 w - - 2 33,c1c7 d2d1 g1h2 d1d6 g2g3 d6c7,1559,75,86,238,crushing endgame fork long queenRookEndgame,https://lichess.org/XBjzqhJt#65,,
00Vt0,1k4r1/pp3p2/3qp3/2N5/1P1bp3/P3P3/5P2/2RR1K2 b - - 1 27,d6e5 c5d7 b8a8 d7e5,885,115,93,809,advantage endgame fork short,https://lichess.org/Slko3RVs/black#54,,
00Vv9,5r1k/pp4pp/5r2/4Q3/3P4/4NpN1/Pq5P/2R2R1K w - - 0 29,e3d5 b2g2,914,75,100,180,mate mateIn1 middlegame oneMove,https://lichess.org/xX3emLRb#57,,
00W3Q,3r1k2/5p2/Np3P1p/1P2pR2/2p1N3/b1P1n3/P5PP/6K1 w - - 0 32,f5e5 d8d1 g1f2 e3g4 f2e2 d1d3,2157,92,83,64,advantage endgame fork long master masterVsMaster,https://lichess.org/aznxTSjS#63,,
00W5B,1r4k1/p5pp/5p2/2Rb4/1P4P1/P2r4/3P3P/3B1RK1 b - - 3 34,d3d2 c5d5 d2d5 d1b3 g8f8 b3d5,1402,76,82,271,advantage attraction endgame long pin sacrifice,https://lichess.org/6Gi4gAvw/black#68,,
00WAp,r5k1/4p2p/p5p1/1p1b2Q1/2p5/P4qN1/1P3P2/R2R2Kr w - - 2 28,g3h1 f3h1,1004,77,100,540,mate mateIn1 middlegame oneMove,https://lichess.org/dTOmcRL9#55,,
00WDP,1r2kb1r/p4ppp/Q1n5/2qpP1Bb/8/5N1P/P2N1PP1/R4RK1 b k - 2 16,b8b6 a6c8 c6d8 c8d8,1181,77,90,514,mate mateIn2 middlegame short,https://lichess.org/8oXY3LOe/black#32,Bishops_Opening Bishops_Opening_Ponziani_Gambit,
00WG3,8/pk1r1Rp1/1p2p2p/4P1bP/3rN3/8/PP6/1K3R2 b - - 4 33,d4d1 f1d1 d7f7 e4d6 b7c7 d6f7,1044,77,89,226,crushing endgame fork long pin,https://lichess.org/Pwj0MKtJ/black#66,,
00WJN,5Q2/7K/8/8/4p2P/3kq3/8/8 b - - 1 53,e3g3 f8a3 d3d2 a3g3,1324,78,85,656,crushing endgame queenEndgame short skewer,https://lichess.org/27eUCFoJ/black#106,,
00WNb,8/8/1KpB4/Pb6/1P5p/5k2/8/8 b - - 3 55,f3g2 a5a6 g2f3 a6a7,1051,78,83,241,advancedPawn bishopEndgame crushing endgame master short,https://lichess.org/y1pq4fXt/black#110,,
00WTN,8/7R/B2k4/2pnp3/P7/3KP3/1r6/8 w - - 1 43,a6c4 e5e4 d3e4 d5f6,1994,75,95,7745,attraction crushing endgame master short,https://lichess.org/BRK2G49n#85,,
00WUu,r3k1nr/pp3ppp/1q2b3/8/1n1p4/6P1/PB1QPPBP/R3K1NR w KQkq - 0 13,b2d4 b6d4 d2d4 b4c2 e1f1 c2d4,1505,77,89,1113,attraction crushing fork long opening sacrifice,https://lichess.org/lxJ3tlcz#25,Queens_Gambit_Declined Queens_Gambit_Declined_Tarrasch_Defense,
00WVK,k7/7R/p1P5/4K3/1P6/r6p/8/8 b - - 2 51,a3b3 h7h8 a8a7 c6c7,1926,75,88,376,advancedPawn crushing endgame master rookEndgame short,https://lichess.org/CMbwiChz/black#102,,
00WZO,8/1R2B3/5p2/1k2bP1p/p6r/5K2/8/8 b - - 7 45,b5c4 b7b4 c4d5 b4h4,1108,75,100,834,crushing endgame short skewer,https://lichess.org/zw93HvDI/black#90,,
00WbE,5rk1/2pp1q1p/n5p1/pp1PP3/3PB1PP/P2Q1p2/5P2/R5K1 w - - 0 25,d3b5 f7f4 b5d7 f4e4,1657,76,79,56,crushing endgame short,https://lichess.org/kCb1myun#49,,
00WcO,r1b1kb1r/ppp4p/3p1q1p/1B1Qp3/4P3/2N5/PPP2PPP/R3K2R b KQkq - 1 10,c7c6 b5c6 b7c6 d5c6,981,78,58,272,crushing middlegame short,https://lichess.org/azvNmdyf/black#20,Italian_Game Italian_Game_Other_variations,
00Wfh,r2q2k1/1p2b1p1/p1np1r1p/2BR4/4p3/7P/PP1Q1PPN/3R2K1 b - - 1 19,d8a5 d2a5 c6a5 c5d4,2298,82,55,43,advantage master middlegame short,https://lichess.org/LDXI3geE/black#38,Sicilian_Defense Sicilian_Defense_Smith-Morra_Gambit,
00Wfu,3qr1k1/p4p1p/6p1/3pQ3/8/1P3P2/P5PP/3R2K1 w - - 2 26,e5d5 e8e1 d1e1 d8d5,1351,103,80,34,advantage deflection endgame master short,https://lichess.org/gxWHwrUj#51,,
00Wi9,8/8/3n1P2/2k5/2pp1K2/P7/8/3B4 w - - 2 63,f4e5 d4d3 f6f7 d6f7,1729,76,95,5486,crushing endgame master short,https://lichess.org/kGGKKGh6#125,,
00WiB,3q1rk1/4pp1p/p4Pp1/4p1P1/b1PpP2Q/3n3P/Pr2N1B1/R4RK1 b - - 1 22,b2e2 h4h6 e7f6 g5f6 d8f6 f1f6,1335,79,93,1271,advantage long master middlegame,https://lichess.org/DU4WJjPm/black#44,,
00WiX,1Q6/5kpp/1p2p3/p1p1r3/2Pn4/6P1/P4P1P/6K1 w - - 0 32,b8e5 d4f3 g1f1 f3e5,978,76,98,454,crushing endgame fork short,https://lichess.org/8Rt0e7k1#63,,
00WiZ,3r1rk1/p3R2p/bp1P2p1/2P5/7Q/P2q1P1P/6P1/2R3K1 b - - 5 34,b6c5 h4h7,573,79,100,221,mate mateIn1 middlegame oneMove,https://lichess.org/tGch7j6L/black#68,,
00WlQ,2r1r1k1/pp3pp1/4bb1p/2qp4/Q7/1PNRPN2/P4PPP/3R2K1 w - - 0 19,c3d5 e6d5 a4e8 c8e8,1756,76,95,3244,crushing middlegame short,https://lichess.org/ykiI26Nj#37,Queens_Gambit_Declined Queens_Gambit_Declined_Exchange_Variation,
00WoW,8/4kppR/r1p1p2p/p3P2P/4P1P1/1pP1KP2/6B1/8 w - - 0 29,e3d2 a5a4 g2f1 a4a3 f1a6 a3a2,2158,79,91,1296,advancedPawn advantage endgame long master quietMove sacrifice,https://lichess.org/cuQl3aZ8#57,,
00Wp4,3r1k2/p4p2/1p4p1/1Pn4p/4BP1P/6P1/P2p3K/3R4 b - - 1 44,c5d3 d1d2 d8d4 e4d3,1196,78,91,450,advantage endgame master short,https://lichess.org/qyB8QR8D/black#88,,
00WqT,r4r2/1ppb1p2/p2p2pk/5P2/4P3/2PBB1R1/PKP2P1q/8 b - - 4 26,h6h5 d3e2 h5h4 e3g5,1592,77,97,22793,mate mateIn2 middlegame short,https://lichess.org/HcfiWViE/black#52,,
00Wqc,4k3/5p2/3P4/p5p1/6Pp/1P1K3n/P7/2B5 w - - 0 33,d3e3 h3f4 e3f3 h4h3,1632,122,90,11,crushing endgame master quietMove short,https://lichess.org/dR2Wb2zs#65,,
00WsE,r2qkb1r/1Q1npppp/p2pb3/8/4P3/5N2/PPP2PPP/R1B1KB1R w KQkq - 1 9,f1a6 d8a5 b2b4 a5a6 b7a6 a8a6,1448,80,86,71,advantage long opening,https://lichess.org/rbi2PN9x#17,Sicilian_Defense Sicilian_Defense_Modern_Variations,
00WtH,8/2R2pk1/4p1pp/3p4/3Pq2P/1r2P1P1/5P1K/5Q2 w - - 2 45,f1c1 b3b1 c1b1 e4b1,1402,77,94,639,crushing endgame short,https://lichess.org/Xixh3rxR#89,,
00Wyh,2r5/8/8/pNp1r2p/3kNppP/1P1P4/2R2K2/8 b - - 2 42,d4d3 c2d2 d3e4 b5d6,1718,78,94,13101,endgame mate mateIn2 sacrifice short,https://lichess.org/2mLJufzX/black#84,,
00WzB,8/8/8/P1K1p3/5k1p/5b1B/5P2/8 w - - 3 46,h3f1 f3a8 c5d6 e5e4 f1g2 f4g4 a5a6 h4h3 g2h1 e4e3 h1a8 e3f2 a8f3 g4g3 a6a7 f2f1q a7a8q f1f3,2702,120,90,2394,advancedPawn bishopEndgame crushing endgame promotion quietMove veryLong,https://lichess.org/VEqrGfJg#91,,
00WzS,r2qk2r/2pn1p1n/pp1p2bp/3Pp1bB/PPP1P3/2N1B3/3N2PP/R2Q1RK1 w kq - 3 17,h5g6 g5e3 g1h1 f7g6,1447,77,89,499,advantage hangingPiece intermezzo middlegame short,https://lichess.org/pGUj7Dyu#33,St_George_Defense St_George_Defense_Other_variations,
00X0Q,6R1/8/8/8/1KP5/3r4/PP3kp1/8 w - - 3 52,c4c5 d3g3 g8g3 f2g3 c5c6 g2g1q,1425,79,91,1550,advancedPawn crushing endgame long promotion rookEndgame,https://lichess.org/aWPHCaqm#103,,
00X1l,5r1k/Q6p/1pb3p1/4q3/4p3/1BP2p1P/PP4P1/5RK1 b - - 0 30,f3g2 f1f8,848,100,83,371,endgame hangingPiece mate mateIn1 oneMove,https://lichess.org/IPGWdtue/black#60,,
00X2S,2kr4/1p4pp/p1p1b3/Q3Bq2/8/4PB2/1PP2PPP/1K6 b - - 2 24,g7g5 a5c7,1134,244,30,18,endgame mate mateIn1 oneMove,https://lichess.org/4JI17kTq/black#48,,
00X2j,8/5KP1/R1k5/8/2pp4/8/8/6r1 b - - 1 50,c6c5 a6g6 g1g6 f7g6 d4d3 g7g8q,1549,75,95,14117,advancedPawn crushing endgame long promotion rookEndgame,https://lichess.org/GY1HtJCo/black#100,,
00X5a,3N3k/pQ5p/4p1p1/3q4/8/2b1P1P1/P3RPKP/4n3 w - - 1 28,g2h3 d5h5,1366,86,91,890,endgame master mate mateIn1 oneMove,https://lichess.org/lNuqw2ZK#55,,
00X5w,r2q1r1k/1ppbb1pn/p1n4p/3Qpp2/B3P3/2P2N1P/PP3PP1/R1B1RNK1 w - - 2 14,f3e5 c6e5 a4d7 e5d7,1250,78,93,4476,advantage middlegame short,https://lichess.org/tzCvvvDs#27,Ruy_Lopez Ruy_Lopez_Morphy_Defense,
00X66,4r1k1/6pp/1R3p2/P7/1P1p4/2b3BP/5PP1/5K2 w - - 2 31,g3f4 e8e1,405,109,95,305,endgame mate mateIn1 oneMove operaMate,https://lichess.org/9WU44YEe#61,,
00XAG,1r1r2k1/p3ppb1/b3q1pp/2p5/2N5/1Q1RB3/P4PPP/2R1N1K1 b - - 0 21,b8b3 d3d8 g8h7 a2b3,1901,200,29,30,advantage hangingPiece intermezzo master middlegame short,https://lichess.org/cfhyIaNG/black#42,,
00XBD,8/2p5/3p4/ppk5/2P5/PP1PK3/8/8 w - - 0 39,e3e4 b5c4 d3c4 a5a4 b3b4 c5c4,2284,89,87,67,crushing endgame long pawnEndgame,https://lichess.org/AzPDizNg#77,,
00XCT,6Q1/7K/2k5/3r4/8/8/8/8 w - - 5 82,h7h8 d5h5 g8h7 h5h7,996,77,100,475,endgame equality queenRookEndgame short,https://lichess.org/I94rnuWS#163,,
00XGg,2k4r/ppp2ppr/2n5/3b1N2/3p1bP1/5NP1/PPP1QP2/R3R1K1 w - - 1 20,g1g2 h7h2 g2f1 h2h1 f3g1 h1g1 f1g1 h8h1,1804,75,90,165,attraction mate mateIn4 middlegame operaMate pin sacrifice veryLong,https://lichess.org/HyzlukP8#39,,
00XL2,2kr3r/ppp3pp/6q1/3Pnp2/1PP1p3/7P/P2QNPP1/R4RK1 w - - 1 17,d2d4 e5f3 g1h1 f3d4,998,77,100,653,crushing middlegame pin short,https://lichess.org/WEWuNMx5#33,Scandinavian_Defense Scandinavian_Defense_Modern_Variation,
00XNY,2r5/p4p1k/1p1pq3/2p2p2/7R/2Q4P/1P3PP1/6K1 b - - 1 34,h7g8 c3h8,505,97,79,123,endgame mate mateIn1 oneMove,https://lichess.org/eG661aPJ/black#68,,
00XPO,r2q1r1k/1pp3p1/1b2b2p/3n4/pP6/P1P2N1P/1BB2PP1/R2QK2R w KQ - 0 20,d1d3 e6f5 e1c1 f5d3,1765,74,93,815,crushing middlegame short,https://lichess.org/ybuM6OK3#39,,
00XPh,2br3k/5p1p/ppn2Np1/2b1q1P1/2P1p2N/P7/1PQ1B1K1/R4R2 w - - 6 27,c2c1 c5d6 c1f4 e5f4 f1f4 d6f4,2426,76,81,382,crushing long middlegame,https://lichess.org/8CP4mZnr#53,,
00XQ8,k4r2/pp6/2p3Q1/3p2P1/4r2P/8/PPP2q2/2KR3R w - - 1 30,h1f1 f2e3 c1b1 f8f1 g6g8 e4e8,1514,77,93,1179,advantage discoveredAttack endgame long,https://lichess.org/bjvSXgAE#59,,
00XTV,8/2k4p/p2p2p1/2pP1p2/2P4P/3K4/P2R1PP1/4r3 w - - 0 28,d2e2 e1e2 d3e2 c7b6 e2f3 b6a5 a2a3 a5a4,1595,77,94,11057,crushing endgame master rookEndgame veryLong,https://lichess.org/6kM7Fimp#55,,
00XXM,3r1br1/Qpqk1p2/p1p1p2p/3nP3/8/2P1NP1N/PP6/1K1R3R b - - 3 25,f8e7 c3c4 b7b6 a7c7 d7c7 c4d5,1735,73,95,14752,advantage long middlegame pin,https://lichess.org/Pd55n9kL/black#50,,
00XZR,8/2p5/p1n5/1pP1p2k/1P1p4/P2P3P/5P2/R4KRq b - - 9 34,h1h3 f1e2 e5e4 g1h1 e4d3 e2d2,1641,77,93,1197,crushing defensiveMove endgame long pin,https://lichess.org/cvl7Zq2b/black#68,,
00XbN,6k1/R4p1p/6P1/3p4/8/2b5/1r2rBPP/5RK1 b - - 0 26,e2f2 g6f7 g8f8 a7a8,2109,75,92,2174,advancedPawn advantage endgame short,https://lichess.org/RsJhaWfC/black#52,,
00Xdc,r1br1N1k/ppp2BbQ/2n2n1p/q7/3P4/2N5/PPP2PPP/R1B2RK1 b - - 6 15,f6h7 f8g6,943,82,87,294,mate mateIn1 oneMove opening,https://lichess.org/31CwrbPF/black#30,Scandinavian_Defense Scandinavian_Defense_Main_Line,
00Xfn,rn4k1/pp1q1r2/2pp2B1/3P4/2PB2b1/8/P2K1PP1/7R b - - 1 21,c6d5 h1h8,1381,86,75,328,mate mateIn1 middlegame oneMove operaMate,https://lichess.org/UcRGVasb/black#42,,
00Xiu,8/pp3Q1p/1n2B1pk/8/6Pq/7P/PPP2P2/2K5 w - - 10 31,f2f4 h4e1,604,86,79,151,endgame mate mateIn1 oneMove,https://lichess.org/cVckB6RZ#61,,
00Xn1,3r2k1/5pp1/2p3np/2b5/1p2P1b1/1BN3B1/1PP3PP/4KR2 w - - 0 21,c3a4 d8d1,556,84,100,351,master mate mateIn1 middlegame oneMove operaMate pillsburysMate,https://lichess.org/GK88IOTY#41,,
00XoP,6r1/p6k/1p4rp/3q1Q2/8/P7/4Rp1P/5R1K w - - 0 37,f5d5 g6g1 f1g1 f2g1q,678,94,76,80,advancedPawn endgame mate mateIn2 promotion queenRookEndgame short,https://lichess.org/KLJMqvTZ#73,,
00Xop,r2q1rk1/2p2nbp/1B1p2p1/4p1N1/4P1P1/1bN4P/PP1Q1P2/2KR3R w - - 0 18,b6c7 d8c7 a2b3 f7g5,2466,91,87,1379,crushing hangingPiece master middlegame short,https://lichess.org/Bw3qJ0LJ#35,Queens_Pawn_Game Queens_Pawn_Game_Other_variations,
00Xp9,r2r2k1/p4ppp/1p6/N1p1n3/4n3/P3P3/1P2BPPP/1R1R2K1 w - - 0 20,a5c4 e5c4 e2c4 e4d2,1969,93,89,34,crushing master middlegame short,https://lichess.org/y5EZvhc9#39,,
00XqB,2Q5/pp3p1k/3q1P1p/6p1/P2p2K1/1P1P3P/2P3P1/8 w - - 5 37,c8b7 d6f4 g4h5 f4h4,1029,81,84,137,endgame mate mateIn2 queenEndgame short,https://lichess.org/ZgeDRTNM#73,,
00Xr8,6k1/pp1n3p/2p1bppb/2q1p3/2P1P3/1PQN1PPP/PB4BK/8 b - - 5 25,c5e3 b2c1 e3d4 c3d4 e5d4 c1h6,1472,77,93,592,crushing long middlegame,https://lichess.org/mvexWrte/black#50,,
00Y1c,5rk1/Q4p2/5p1p/2q5/8/8/P1r2PPP/3RR1K1 w - - 4 23,a7d7 c5f2 g1h1 f2g2,784,115,96,522,endgame mate mateIn2 short,https://lichess.org/T4YH4yAb#45,,
00Y5Q,rnbq1rk1/pp2b2p/4p2p/3p1p1Q/2pP4/P1N5/1PP1PPPP/2KR1BNR w - - 0 11,h5h6 e7g5 h6g5 d8g5,908,113,94,1033,crushing fork opening short,https://lichess.org/56Atk60f#21,Richter-Veresov_Attack Richter-Veresov_Attack_Other_variations,
00Y6y,5k2/5pp1/8/1p2N3/1P6/7P/3nR1P1/2r3K1 w - - 1 48,g1h2 d2f1 h2g1 f1g3 g1f2 g3e2,1193,77,92,531,advantage discoveredAttack discoveredCheck endgame long,https://lichess.org/Rv29Dipi#95,,
00YCP,2k3nr/1ppr2pp/p3pp2/2b5/5P2/1N2nN2/PP4PP/1RB1R1K1 b - - 3 15,c5a7 c1e3 a7e3 e1e3,904,81,89,343,advantage middlegame short,https://lichess.org/UMVnTZ8x/black#30,Englund_Gambit Englund_Gambit_Other_variations,
00YHj,5k2/1p6/8/4p2B/1R2Pp1p/3r1KpP/8/8 w - - 1 50,f3e2 d3e3 e2f1 f4f3 h5f3 e3f3,2140,85,91,8912,crushing endgame long,https://lichess.org/BqUcvzk5#99,,
00YJz,8/ppp3p1/2nb1kB1/3r3R/4Q3/4PPq1/PP3K2/R1B5 w - - 3 24,f2f1 d5d1 f1e2 g3e1,1076,79,88,305,mate mateIn2 middlegame short,https://lichess.org/e8K57VIG#47,,
00YYk,2kr2r1/1p1q3p/p1nb4/2p1p3/2N1R3/3P1QP1/PPP5/R1B3K1 b - - 4 22,d8f8 f3f8 g8f8 c4b6 c8c7 b6d7,2061,75,86,904,advantage fork long middlegame sacrifice,https://lichess.org/zIkElcfI/black#44,,
00YbG,8/7p/3k2p1/p5P1/P2K4/8/8/8 b - - 4 47,d6c6 d4c4 c6d6 c4b5,1855,77,68,77,crushing endgame pawnEndgame short zugzwang,https://lichess.org/onsKQucl/black#94,,
00YbZ,b6k/8/6p1/4q2p/1Q3r1P/P1N3R1/1PP3PK/8 w - - 3 35,b4b6 f4h4 h2g1 e5e1,1344,83,94,5377,endgame mate mateIn2 pin short,https://lichess.org/gzVgXweE#69,,
00Ybq,2rr4/4kp2/p3p2q/1p3nNP/3PQP2/P1N5/1P3K2/6R1 b - - 0 34,d8d4 e4b7 d4d7 b7c8,1192,77,91,2090,crushing fork master middlegame short,https://lichess.org/TunHPHtZ/black#68,,
00Ycz,5k2/5r1p/pp2pQ2/8/8/1P6/P1q2PPP/4R1K1 w - - 1 32,f6e6 c2f2 g1h1 f2f1 e1f1 f7f1,1043,77,100,270,backRankMate endgame long mate mateIn3 sacrifice,https://lichess.org/9BdeH5eE#63,,
00Ydr,r2qkb1r/p2p2pb/1p1PpN2/2p1Pp2/2P2P1P/4K3/PP2B1P1/3Q3R b kq - 2 21,g7f6 e2h5 h7g6 h5g6,1075,90,80,38,mate mateIn2 middlegame short,https://lichess.org/3hQsr2bX/black#42,,
00YeV,r2qr1k1/ppp2ppp/2nbp3/5b2/3P4/2P1BN2/P1PQBPPP/3R1RK1 b - - 7 11,d8f6 e3g5 f6g6 f3h4 h7h6 h4g6,1394,76,80,169,crushing long middlegame trappedPiece,https://lichess.org/wqxB0iyn/black#22,Scandinavian_Defense Scandinavian_Defense_Marshall_Variation,
00Yey,r3kb1r/4ppp1/3q2p1/p2p4/Pp1Pn3/6N1/1PP1QPPP/R1B1R1K1 w kq - 4 17,g3e4 d6h2 g1f1 h2h1,945,109,94,274,kingsideAttack mate mateIn2 middlegame short,https://lichess.org/arVbaWDk#33,Caro-Kann_Defense Caro-Kann_Defense_Two_Knights_Attack,
00Yfi,1Q6/5p1k/4b1pp/4RB2/3p2KP/6P1/P3q3/5r2 w - - 2 45,e5e2 e6f5,947,87,94,132,endgame mate mateIn1 morphysMate oneMove,https://lichess.org/V9WbzUqF#89,,
00Yfr,5k2/1R4p1/p2bpr1p/3rN3/3P4/8/P1R2pPP/5K2 b - - 1 34,d6e5 c2c8 d5d8 c8d8,973,75,100,166,endgame mate mateIn2 short,https://lichess.org/XhVkXtku/black#68,,
00Ygn,5rk1/p3Rp1p/5pp1/np1q4/r2P4/2P2N2/PQ3PPP/2R3K1 w - - 4 22,e7a7 a5c4 a7a4 c4b2,1495,75,90,675,crushing master middlegame short,https://lichess.org/B6LsArpZ#43,,
00YhS,7K/8/8/5p2/4kP2/8/6P1/8 w - - 1 62,g2g3 e4f3 h8g7 f3g3 g7f6 g3f4,979,107,68,48,crushing endgame long pawnEndgame,https://lichess.org/JnQJMMAX#123,,
00YhY,8/8/5kp1/R7/4p1P1/5p1P/2r2P2/6K1 w - - 0 52,h3h4 c2c1 g1h2 e4e3,1687,76,94,580,crushing endgame rookEndgame short,https://lichess.org/umv3Et1a#103,,
00YjD,8/8/2p5/5k2/3R2p1/1P1P2K1/2r5/8 w - - 0 38,d4c4 c2c4 d3c4 c6c5 b3b4 c5b4,1958,76,100,638,crushing endgame long quietMove rookEndgame,https://lichess.org/LDzUjuLQ#75,,
00Yjy,6k1/5p1p/B2bp2q/5p2/6rP/1P4P1/1Q3P2/5R1K w - - 3 34,f1d1 g4h4 g3h4 h6h4 h1g2 h4g4 g2f1 g4d1,1932,75,76,96,crushing endgame exposedKing fork sacrifice veryLong,https://lichess.org/f0Kyo2Fh#67,,
00YqR,5k2/p1p4p/1pPpBp2/2qP3b/8/2PQ4/P6P/7K w - - 0 33,d3h7 h5f3,938,86,92,599,endgame master mate mateIn1 oneMove,https://lichess.org/5b6k1W51#65,,
00Yqb,8/6k1/4p1pq/1p1pPp2/p2P1n2/2P1QN2/PP3PPP/5K2 w - - 4 39,g2g3 h6h3 f1e1 f4g2 e1d2 g2e3,1161,87,100,109,crushing endgame fork long,https://lichess.org/G6kGzZ13#77,,
00Yqw,1Qbk1b1r/4rpp1/p1BP3p/8/3q4/6P1/1PP3PP/1K5R b - - 0 33,e7d7 c6d7 d4c5 d7c8,1880,75,67,56,crushing middlegame pin short,https://lichess.org/bJncxL9v/black#66,,
00Ytk,2k5/pp2PR2/2p4p/2Pp4/3Nb3/2K1P2r/PP6/8 b - - 0 33,h3e3 c3d2 e3d3 d2e2 c8d7 d4e6,2297,88,85,47,crushing defensiveMove endgame long,https://lichess.org/1sccsBa6/black#66,,
00Yuf,5rk1/n1q2ppp/1p1bpn2/1B1p1b2/NP1P4/P3PN2/3B1PPP/3Q1RK1 w - - 0 19,b5e2 f5c2 d1a1 c2a4,1945,72,95,17477,advantage interference middlegame short,https://lichess.org/1vvu6Sdh#37,Slav_Defense Slav_Defense_Quiet_Variation,
00Yy4,r7/pp4kp/6p1/2P2q1n/1PBb1p2/P4P2/3B2PP/2Q1R1K1 w - - 1 28,g1h1 h5g3 h2g3 f5h5,1049,78,90,310,clearance kingsideAttack mate mateIn2 middlegame sacrifice short,https://lichess.org/7Q7JGp9o#55,,
00Z8S,8/5p2/4p1k1/4P3/8/1R4Pn/1P2Kp2/5N1r w - - 2 46,b3f3 h3g1 e2f2 g1f3,1309,144,50,22,crushing endgame fork short,https://lichess.org/9gYe3YHy#91,,
00ZAn,rnbqk1nr/ppp1b1pp/3p4/4p3/2B1P3/5N2/PPPP2PP/RNBQK2R w KQkq - 0 6,f3e5 d6e5 d1h5 g7g6 h5e5 g8f6,1794,75,88,155,advantage hangingPiece long opening,https://lichess.org/uS929Njx#11,Kings_Gambit Kings_Gambit_Other_variations,
00ZDZ,8/pp4k1/2p3p1/3nRr2/3P1Pp1/2P3K1/PP6/5R2 w - - 3 36,g3g4 f5e5 d4e5 d5e3 g4f3 e3f1,1651,76,95,8162,advantage endgame fork long,https://lichess.org/G2FHAUMb#71,,
00ZEW,r1b5/pppqNkp1/3p3p/6rn/1PP2p1N/P5P1/4Q2P/4RRK1 b - - 3 22,g5e5 e2h5 e5h5 f1f4 f7e8 e7g6,2206,91,90,1839,advantage discoveredAttack discoveredCheck long middlegame pin sacrifice,https://lichess.org/cjMxj5uZ/black#44,,
00ZEc,1r3bk1/5p2/3P1qRP/r1n1p3/ppB5/P2Q1P2/1PP5/1K6 b - - 0 35,g8h7 g6g7 h7h6 d3h7,1693,73,96,21042,discoveredCheck doubleCheck mate mateIn2 middlegame short,https://lichess.org/7IfLNNVB/black#70,,
00ZK8,r1bq1b1r/pp3kpp/3p1n2/3Q4/2n1P3/5N2/PP3PPP/RNB1K2R b KQ - 1 10,c8e6 f3g5 f7g6 d5e6,2346,81,84,349,advantage deflection opening short,https://lichess.org/NOQlRyAF/black#20,Sicilian_Defense Sicilian_Defense_Old_Sicilian,
00ZKw,rn1q1r1k/ppp5/1b2ppQ1/6B1/8/2P5/PP4PP/RN3R1K w - - 2 18,f1f6 d8d1 f6f1 f8f1,957,94,54,43,backRankMate mate mateIn2 middlegame short,https://lichess.org/eyMv5HY5#35,Kings_Gambit_Accepted Kings_Gambit_Accepted_Kings_Knights_Gambit,
00ZN7,3q2k1/8/Q2p2p1/3P1p1p/1p2P1nP/1Pp5/2P3P1/5R1K w - - 0 36,e4f5 d8h4 h1g1 h4h2,864,84,98,857,endgame mate mateIn2 short,https://lichess.org/U0LXbVT4#71,,
00ZPK,5r2/R2R1pk1/P7/5pp1/8/1KP5/5r2/8 b - - 0 44,g5g4 d7f7 f8f7 a7f7 g7f7 a6a7,965,101,94,1123,advancedPawn advantage endgame long master rookEndgame sacrifice,https://lichess.org/Y6yYxIcG/black#88,,
00ZR6,8/1pr2pk1/3R1np1/6p1/p5Pn/1B2P2P/P3qP2/3R2KQ w - - 0 41,d6d2 h4f3 h1f3 e2f3,969,81,50,67,crushing fork master masterVsMaster middlegame short,https://lichess.org/CNWztPWJ#81,,
00ZSZ,3r4/6pp/pNnNpk2/1p6/3pR3/8/PPP2PPK/8 w - - 4 32,e4f4 f6e5 d6f7 e5f4 f7d8 c6d8,1057,83,95,1119,advantage defensiveMove endgame long,https://lichess.org/66DBsV70#63,,
00ZSd,2R5/5pk1/pb4p1/1p1q4/3P1P1p/P3r2P/1PQ3P1/3R2K1 w - - 6 45,g1h1 e3h3 h1g1 b6d4 d1d4 d5d4,1290,76,98,2623,crushing endgame long pin,https://lichess.org/D5o6GOOI#89,,
00ZSu,8/2R5/1r2k1pp/1P6/K3pp2/7P/5PP1/8 b - - 0 43,e4e3 f2e3 f4e3 c7c3,2132,88,91,175,advantage endgame rookEndgame short,https://lichess.org/mQNWFJqN/black#86,,
00ZWD,6k1/4bpp1/1q2p3/p2pP1N1/3P3P/1P1Q2K1/5P2/8 b - - 0 33,b6b4 d3h7 g8f8 h7h8,762,108,94,344,endgame mate mateIn2 short,https://lichess.org/2rMTqooF/black#66,,
00ZWf,r1b2bnr/ppQp3p/2n2q1k/6pP/2B1P3/3P4/PPP2PP1/RNB1K2R w KQ - 1 11,c2c3 f8d6 c7d6 f6d6,1398,75,96,17238,crushing middlegame short trappedPiece,https://lichess.org/bFAkQOCQ#21,Kings_Pawn_Game Kings_Pawn_Game_Damiano_Defense,
00ZcN,2rr1k1Q/1q2p1b1/p1b1P1p1/np3pP1/3P1B2/1P1B1N2/P2N4/2R1K2R b K - 0 27,g7h8 h1h8 f8g7 f4e5,1198,78,77,274,mate mateIn2 middlegame short,https://lichess.org/ElT6mnAJ/black#54,,
00ZeT,1Q1k4/4r3/2q4p/2p1pp1P/2Bb4/1P6/P6K/4R3 b - - 4 43,d8d7 c4b5 c6b5 b8b5,1385,76,95,32159,crushing endgame pin short,https://lichess.org/c6iAy1Zc/black#86,,
00Zh6,r1bqkn1r/ppb1n1pp/2p1pB2/4N3/3PN3/3B4/PPPQ1PPP/R3K2R b KQkq - 0 12,g7f6 e4f6,950,80,89,133,mate mateIn1 middlegame oneMove,https://lichess.org/SWXElkIy/black#24,French_Defense French_Defense_Normal_Variation,
00Zit,r3kb1r/ppp2pp1/3p4/1P2p3/2P3pn/2N1P2q/PB1P1P1N/R2Q1RK1 w kq - 0 15,d1g4 h4f3 h2f3 h3g4,1259,79,91,602,deflection kingsideAttack mate mateIn2 middlegame short,https://lichess.org/3L9d0QhX#29,Polish_Opening Polish_Opening_Czech_Defense,
00Zks,8/P1R4p/5pk1/4q1p1/5P2/6KP/5QP1/7r b - - 0 51,e5c7 a7a8q c7c3 a8f3,1800,76,82,88,advancedPawn advantage defensiveMove endgame promotion short,https://lichess.org/CPhnVb98/black#102,,
00ZsF,r1bqk2r/bpp5/p5n1/3P4/4P3/6BP/PP4BK/R2Q1R2 b kq - 2 20,c8h3 g2h3 d8d7 f1f5,1645,143,88,34,advantage defensiveMove middlegame short,https://lichess.org/s4b05ozr/black#40,,
00ZvN,8/8/8/4kppp/8/4KPPP/8/8 b - - 0 35,f5f4 g3f4 g5f4 e3d3 e5f6 h3h4,2183,74,92,2083,crushing defensiveMove endgame long pawnEndgame,https://lichess.org/IxlFLAaM/black#70,,
00Zwc,r2k1r2/pp1nRR2/2pP1N1p/8/3P3p/8/PPP3P1/6K1 b - - 0 24,f8f7 e7e8,1328,83,93,845,endgame mate mateIn1 oneMove,https://lichess.org/Wo9Y7MdP/black#48,,
00Zx9,r1b1k1nr/ppp2ppp/3p2q1/4R1B1/2B2P2/7P/P5P1/1N1Q2K1 b kq - 0 14,d6e5 d1d8,859,90,96,536,mate mateIn1 middlegame oneMove,https://lichess.org/s1lQFfLx/black#28,Scotch_Game Scotch_Game_Haxo_Gambit,
00a98,4r1k1/p4p2/1p3q1p/1P6/3b2p1/P3B1P1/Q1P2PKP/4R3 w - - 0 32,e3d4 f6f3 g2f1 f3h1,1490,81,91,46,endgame mate mateIn2 short,https://lichess.org/pgdIGRB3#63,,
00aBq,r2r2k1/pp3ppp/1qn2b2/3R4/4QB2/1P3N2/P4PPP/4R1K1 b - - 0 18,d8d5 e4e8 a8e8 e1e8,894,89,88,329,backRankMate mate mateIn2 middlegame sacrifice short,https://lichess.org/0AybhVJm/black#36,Queens_Pawn_Game Queens_Pawn_Game_London_System,
00aCb,r2q1rk1/pp2bpp1/2p1b2p/3nP3/3PN3/1P1Q3P/P4BP1/1BR2RK1 b - - 4 25,d5f4 e4f6 g7f6 d3h7,1148,75,97,1083,clearance kingsideAttack mate mateIn2 middlegame sacrifice short,https://lichess.org/teDm3wIz/black#50,,
00aDl,r5k1/1p3p2/2p1ppp1/3p4/2nP4/1QB2B1P/rPP2PP1/qNKR3R w - - 3 22,f3e2 a1b1 c1b1 a2a1,1358,71,95,35148,attraction mate mateIn2 middlegame queensideAttack sacrifice short,https://lichess.org/pc79SSEd#43,,
00aEe,rn3rk1/p4p1p/1p4p1/2p5/3n2PP/2Q4N/qPP3B1/2KR3R w - - 2 19,g2a8 d4e2 c1d2 e2c3,1425,103,75,38,crushing fork middlegame short,https://lichess.org/sWKGI4XE#37,French_Defense French_Defense_Paulsen_Variation,
00aG8,1r3k2/p4ppp/2rN4/8/P2P4/8/2P2PPP/3Q2K1 w - - 3 23,d6f5 c6b6 g1f1 b6b1 d1b1 b8b1,1656,76,96,1700,advantage endgame long pin quietMove,https://lichess.org/pXBkYLxJ#45,,
00aL1,8/5pr1/1Q4k1/p2pp3/5Rp1/6P1/5PKP/3q4 b - - 1 33,g6h7 f4f5 d1f3 f5f3,2013,78,66,70,advantage endgame short,https://lichess.org/UKybXdi1/black#66,,
00aME,r1b2rk1/2qnbppp/3p1n2/1pp5/4PP2/1PNQ1N2/P3B1PP/1RB2RK1 w - - 0 14,d3b5 c8a6 b5a6 a8a6,1343,76,88,659,advantage middlegame short,https://lichess.org/16LXTr5C#27,Center_Game Center_Game_Other_variations,
00aNB,8/8/pp3k1K/2p4P/P7/2P5/8/8 w - - 0 44,h6h7 c5c4 h7g8 f6g5 g8f7 b6b5 a4b5 a6b5 f7e6 b5b4,2270,138,39,24,crushing endgame pawnEndgame quietMove veryLong,https://lichess.org/yR9wiOTR#87,,
00aOF,3r2k1/pp5p/5pbQ/q2p4/6PP/1Br2P2/P1P5/4RRK1 w - - 0 24,e1e7 a5c5 f1f2 c5e7,1245,84,93,122,advantage fork middlegame short,https://lichess.org/9tRSkE9Q#47,,
00aU5,8/8/8/p3k2p/P1K4P/8/8/8 b - - 5 47,e5f4 c4b5 f4e5 b5a5,773,80,100,147,crushing endgame master pawnEndgame short,https://lichess.org/ScOVYXve/black#94,,
00aYp,2rq1rk1/p1n1bp2/1p2p1pN/3nP2p/3P3P/P2Q1N2/1P4P1/RBB3K1 b - - 1 21,g8g7 h6f7 f8f7 d3g6,1737,77,69,89,crushing master middlegame short,https://lichess.org/AaaUgm4I/black#42,,
00aZ3,8/6k1/1n6/1K2p1p1/P5P1/1B3r2/1PP5/8 b - - 1 36,b6d5 b3d5 f3f4 a4a5 e5e4 a5a6 e4e3 a6a7,2055,84,88,748,advancedPawn crushing endgame hangingPiece quietMove veryLong,https://lichess.org/0yMvFk5C/black#72,,
00aZP,r1b1k2r/p1p2ppp/1pN2n2/2n1b3/2B1P3/P1N5/1PP2PPP/R1BR2K1 b kq - 0 13,e5c3 d1d8,797,87,96,502,mate mateIn1 oneMove opening,https://lichess.org/7lR4XDLK/black#26,Italian_Game Italian_Game_Other_variations,
00aa9,6k1/7p/6p1/5p2/5PP1/7P/1p6/1K6 w - - 0 42,b1b2 f5g4 h3g4 h7h5 g4h5 g6h5,1953,78,93,1362,crushing endgame long pawnEndgame,https://lichess.org/AEsi0Sed#83,,
00abm,r1b1k2r/ppp2p2/2nppq1p/3P2p1/1bP3P1/2N2N2/PP2PPP1/2RQKB1R b Kkq - 0 11,c6e5 d1a4 e8f8 a4b4,1429,76,70,205,crushing fork middlegame short,https://lichess.org/6xRIE4k2/black#22,English_Opening English_Opening_Anglo-Indian_Defense,
00ad3,2kr3r/ppp2p2/2nb1n1p/4q1p1/Q7/N1P1B3/PP2NPPP/R4RK1 w - - 2 13,a3c4 e5h2,626,80,100,125,kingsideAttack mate mateIn1 middlegame oneMove,https://lichess.org/3V6Uwh23#25,Scandinavian_Defense Scandinavian_Defense_Portuguese_Gambit,
00afi,3r2k1/1p5p/pbbqpr2/3PR3/P5p1/2B2N1P/1PQ2P1P/3R3K b - - 0 26,f6f3 e5g5 g8f8 c2h7 d6h2 h1h2 f3h3 h7h3,2022,77,94,3523,crushing deflection middlegame veryLong,https://lichess.org/VcPyc8y8/black#52,,
00agR,8/5pp1/p4n1p/1p2k3/8/1PK1P3/P1B2P1P/8 w - - 2 31,h2h3 f6e4 c2e4 e5e4,1807,76,93,4846,crushing endgame short,https://lichess.org/MUIpGzM3#61,,
00all,6k1/5ppp/4p1b1/1N1pP3/1P1n4/r7/5PPP/2R2BK1 b - - 0 25,d4b5 c1c8,535,99,96,339,backRankMate endgame mate mateIn1 oneMove,https://lichess.org/84IXBueE/black#50,,
00ao5,r3B2k/pp4pp/2n5/q1p3b1/2Q5/5b2/PPP2PPP/R4RK1 b - - 0 17,f3g2 c4f7 g2d5 f7d5 a8e8 d5g5,2076,76,82,53,advantage long middlegame,https://lichess.org/iidCjnWQ/black#34,Scandinavian_Defense Scandinavian_Defense_Main_Line,
00asK,2r3k1/R4ppp/8/4P3/4Q3/1qn3B1/5PPP/2R3K1 w - - 0 30,c1c3 b3d1 e4e1 d1e1,1455,83,40,104,endgame mate mateIn2 short,https://lichess.org/hlWKSG6i#59,,
00au3,4B3/8/1p1k1p1p/5Pp1/p1P3P1/1nK4P/1P6/8 b - - 9 48,d6c5 e8a4 b3c1 b2b4,1240,87,91,506,crushing endgame master masterVsMaster short,https://lichess.org/yPpeNCSO/black#96,,
00awK,r5k1/2p2Qpp/p7/4b3/8/8/1PP1KR2/2q5 b - - 0 24,g8h8 f7f8 a8f8 f2f8,586,82,100,426,backRankMate endgame mate mateIn2 sacrifice short,https://lichess.org/D9JaNyrl/black#48,,
00awL,4q1r1/k2r1Rp1/ppp4p/2Qp4/3P4/2P1P3/PP4P1/2K2R2 w - - 0 35,c5c6 d7f7 f1f7 e8f7,1739,74,88,166,crushing endgame short,https://lichess.org/TPaROV8B#69,,
00ax2,r1b2q1k/1pp3p1/1b1p3p/1p5Q/P1P1Bp2/3P4/6PP/5R1K b - - 1 23,f8f6 h5e8 f6f8 e8f8,634,80,100,218,kingsideAttack mate mateIn2 middlegame short,https://lichess.org/zZGnME4m/black#46,,
00axT,3R4/8/8/5p2/8/3p3P/1k2rPP1/3K4 b - - 25 48,e2f2 d8d3 f2g2 d3d2 g2d2 d1d2,1736,76,100,1759,crushing endgame long master rookEndgame,https://lichess.org/g4Wa6pYc/black#96,,
00b3n,7R/1P3pk1/5rpp/8/8/4P1PK/4qPQP/8 w - - 7 41,b7b8q e2h5,993,76,100,395,endgame mate mateIn1 oneMove,https://lichess.org/hrUTLnEO#81,,
00b58,4k2r/1bq2pb1/4p3/1p4p1/2pn4/R4N2/1P2BPPP/3Q1RK1 w k - 2 17,f3d4 c7h2,899,87,95,215,kingsideAttack mate mateIn1 middlegame oneMove,https://lichess.org/DvqCBvCz#33,Queens_Gambit_Declined Queens_Gambit_Declined_Three_Knights,
00b6f,6k1/8/5B2/1R3pK1/6p1/6P1/P4P1q/8 w - - 0 41,g5f5 h2h5 f6g5 h5f7 f5g4 f7c4,1749,87,77,51,crushing endgame long,https://lichess.org/8DcVY76B#81,,
00b7t,r2qr1k1/pb3pp1/1p4n1/3p4/1P2p2p/P1P1N1P1/2Q1PPBP/3R1RK1 w - - 0 20,g2e4 e8e4 c2e4 d5e4 d1d8 a8d8,1356,77,95,12378,advantage long middlegame,https://lichess.org/USUzRjja#39,,
00bFH,4r1k1/1q3ppp/3B1n2/p2P4/8/Pp3Q1P/5PPN/1R4K1 w - - 0 27,f3b3 e8e1 b1e1 b7b3,1885,82,100,114,deflection equality middlegame short,https://lichess.org/E8lzVecv#53,,
00bGp,1qrr2k1/5p2/p6p/6p1/4R3/1P3Q2/P5P1/4R2K b - - 0 30,b8b7 e4e8 d8e8 e1e8 c8e8 f3b7,1808,75,82,74,crushing endgame long,https://lichess.org/vua9OyDd/black#60,,
00bGq,1k3r2/ppp2r1p/1b1pQP1p/8/3P3P/2P3R1/Pq4P1/5R1K b - - 0 22,b2b5 e6f7 b5f1 h1h2 f8c8 f7e6,2693,117,87,172,advantage long middlegame,https://lichess.org/GVwrEInE/black#44,,
00bJi,7k/1p2R3/p3N3/3p4/2n5/2P5/PPK4r/8 w - - 3 36,c2d3 h2d2,1458,79,89,2147,endgame hookMate mate mateIn1 oneMove,https://lichess.org/7QIgY2UO#71,,
00bPT,2k2Q2/pp2pp2/3p1n2/2pP4/2P1P3/2q2PK1/8/5B2 b - - 1 33,c8d7 f1h3 d7c7 f8e7,1878,76,92,317,advantage deflection endgame short,https://lichess.org/SC9ZvmmO/black#66,,
00bQA,r7/6k1/2b1R1n1/1p3nR1/1P1p3p/3P1PpP/2N3P1/6K1 b - - 0 40,f5e7 e6e7 g7f6 g5g6 f6e7 g6c6 e7d7 c6c5,2225,78,87,606,crushing exposedKing master middlegame pin skewer veryLong,https://lichess.org/1NlzMdB5/black#80,,
00bQR,2r4r/pp1k1ppp/1q2p3/3pP3/Pb1n4/1P1Q4/3B1PPP/RN3RK1 b - - 5 15,c8c2 a4a5 b6c5 d2b4 c5b4 a1a4,2502,88,85,145,advantage long middlegame,https://lichess.org/1RHiWlzj/black#30,French_Defense French_Defense_Advance_Variation,
00bSy,1kr1r3/1pp4p/p2b2p1/3N1p2/P7/3P1Q1P/2R2PP1/2R1q1K1 w - - 7 27,c1e1 e8e1,544,95,83,372,kingsideAttack master mate mateIn1 middlegame oneMove pillsburysMate,https://lichess.org/s7Pa0Pux#53,,
00bTb,7R/kppq2r1/p3p3/3p4/P2P4/BPr5/1KP5/5Q2 b - - 1 33,c3g3 f1f8 g7g8 h8g8 g3g8 f8g8,1974,206,76,9,advantage endgame long,https://lichess.org/3tgXxOlJ/black#66,,
00bTs,2r4k/6bP/8/3p4/pp1qn3/3N1Q2/PPP3R1/1K5R w - - 5 35,g2g7 e4d2 b1a1 d2f3,1096,88,94,1009,advantage fork master middlegame short,https://lichess.org/PDAfQk7l#69,,
00bWA,2r1r1k1/3qbppp/pB6/3ppP2/2p1Q3/P6P/BPP3P1/R4RK1 w - - 0 22,e4e5 e7c5 e5d4 c5d4,1021,85,90,368,crushing middlegame short,https://lichess.org/JvdmqrAX#43,,
00bZ2,4b1k1/1r2P2p/p1p3pP/6q1/3Q4/PB6/1PP3P1/1K6 b - - 0 36,b7b3 d4g7,1106,84,85,178,endgame mate mateIn1 oneMove,https://lichess.org/PL5NKKII/black#72,,
00baZ,r7/8/p1k5/1p1p1pn1/3R3p/2P1P2P/5P2/R5K1 w - - 0 31,d4h4 g5f3 g1g2 f3h4,821,88,88,401,crushing endgame fork short,https://lichess.org/tNXaI1nN#61,,
00baa,1r1qr1k1/p1p2ppp/1p1b1n2/8/3Q4/1PN3P1/PBP1PPKP/R3R3 w - - 1 15,c3d5 d6e5 d5f6 d8f6 d4c4 e5b2,2001,77,94,997,advantage long middlegame skewer,https://lichess.org/6toE70as#29,Zukertort_Opening Zukertort_Opening_Vos_Gambit,
00beo,r4rk1/pb1p2pp/1p2p1q1/2b5/2P5/P1N1B2P/1P2BPP1/R2Q1RK1 w - - 5 18,d1d7 g6g2,972,83,93,484,kingsideAttack mate mateIn1 middlegame oneMove,https://lichess.org/9trsyHbZ#35,English_Opening English_Opening_Mikenas-Carls,
00bgO,8/8/1p1nk3/p2N4/2P1p3/PP2K3/8/8 b - - 4 46,e6d7 d5b6 d7c6 b6a4,2375,79,76,144,crushing defensiveMove endgame knightEndgame master short,https://lichess.org/kVsJ1quC/black#92,,
00bhw,8/2pR3p/1p1b3k/p2B2pP/P1P2rP1/5P2/4r3/5R1K b - - 0 31,f4d4 d5e4 d4e4 f3e4,2255,83,90,691,crushing endgame short,https://lichess.org/CVsMMWzy/black#62,,
00blC,5r2/1Pk5/8/K7/8/1P3B2/8/8 w - - 1 47,f3d5 f8f5 b7b8b c7b8 a5b5 f5d5,1027,81,84,53,crushing endgame long pin,https://lichess.org/IdlWudUv#93,,
00bmj,r2q1k1r/p1p2ppp/1p6/8/3n2b1/1Q3NP1/PP1N1PP1/3RKB1R w K - 2 15,b3b4 c7c5 b4c4 d8e7 f1e2 b6b5 c4d3 g4f5 d3d4 c5d4,2494,84,44,114,advantage defensiveMove opening pin veryLong,https://lichess.org/FrYWZCWt#29,Queens_Pawn_Game Queens_Pawn_Game_London_System,
00bnX,4rr1k/ppp3pp/3b1p2/7Q/5q2/1PBB3P/P1P3P1/5RK1 b - - 13 26,f4g5 h5h7,722,77,100,122,kingsideAttack mate mateIn1 middlegame oneMove,https://lichess.org/cOFXbSU6/black#52,,
00bns,5nk1/1pp2ppp/p5q1/4PN2/2P2Q2/1P1rBP1P/r4P1K/4R3 b - - 5 30,f8e6 f5e7 g8f8 e7g6,959,131,68,42,crushing fork master middlegame pin short,https://lichess.org/qMrSgl2S/black#60,,
00bnu,2r2rk1/2QR1p1p/p3p1p1/1p4q1/5P2/P1N5/BPP3bP/2K4R w - - 1 20,c7c8 g5f4 c1b1 f8c8,1587,77,88,3259,advantage intermezzo middlegame short,https://lichess.org/zPFxVXT4#39,,
00bou,r1b1k1nr/pppp1ppp/3b4/3N2B1/3p4/8/PP1KBPPP/4R2R b kq - 3 11,f7f6 e2h5 e8f8 e1e8,1444,77,75,197,discoveredCheck doubleCheck mate mateIn2 middlegame operaMate short,https://lichess.org/MIYxu2Dz/black#22,Kings_Pawn_Game Kings_Pawn_Game_McConnell_Defense,
00bpH,8/5p2/pq5p/1p5k/6B1/6P1/P6P/2Q4K b - - 0 36,h5g4 c1f4 g4h5 f4f5,1817,76,61,574,endgame mate mateIn2 queenEndgame short,https://lichess.org/vVLXcQQI/black#72,,
00bqJ,r7/1pp4k/p2p3p/3Ppq2/2P2bb1/1N2R3/PP1Q4/1K1N2R1 w - - 8 27,d2c2 f5c2 b1c2 g4d1 g1d1 f4e3,1819,76,95,3626,advantage attraction long middlegame queensideAttack,https://lichess.org/FMvI8Grp#53,,
00bri,2r4k/p4p1p/b4p2/8/4P2P/1Pqr1QP1/P4PB1/2RR2K1 b - - 1 25,c3c1 f3f6 h8g8 d1c1,1782,83,80,76,advantage fork intermezzo middlegame short,https://lichess.org/KPxWYsgw/black#50,,
00bvs,8/6p1/4pk2/P2n1p1Q/2pP1Pr1/2P5/2qB1RbP/R5K1 w - - 0 33,f2g2 g4g2 g1g2 d5f4 g2g1 f4h5,2179,77,86,156,attraction crushing long middlegame pin,https://lichess.org/AcCssS9H#65,,
00byq,2r3k1/2r1bppp/3ppn2/qp6/3BP3/1Q4P1/PP3PBP/1RR3K1 w - - 5 21,d4e3 c7c1 b1c1 c8c1 e3c1 a5e1 g2f1 e1c1,1141,94,93,593,advantage fork middlegame pin veryLong,https://lichess.org/gofuvC2L#41,,
00bzC,r1r3k1/2p3p1/p2p3p/Pp1Pp3/4P3/3P1p1q/R1Q2P1N/4R1K1 w - - 0 28,g1h1 h3g2,849,78,82,70,mate mateIn1 middlegame oneMove,https://lichess.org/VwQi9pgI#55,,
00bzy,4k1r1/p1p5/2P4p/3rNp2/1b1BnP1p/4PR1P/P6K/1R6 b - - 1 27,e4d2 b1b4 d2f3 e5f3,1465,84,86,66,advantage middlegame short,https://lichess.org/hR3zgrkT/black#54,,
00c0D,rnb1k2r/ppB2p2/8/3p2p1/3Q2np/2N2NK1/PPP1B1PP/R6R w kq - 0 14,g3h3 g4f2,763,92,79,113,discoveredCheck doubleCheck mate mateIn1 middlegame oneMove,https://lichess.org/JCwpco4I#27,Queens_Pawn_Game Queens_Pawn_Game_Zukertort_Variation,
00c6X,r5rk/pp3p2/5p1p/q2n1N1Q/8/8/P4PPP/R2R2K1 b - - 5 21,d5f4 h5h6,1116,145,33,24,mate mateIn1 middlegame oneMove,https://lichess.org/BuauQ5Hv/black#42,,
00c89,2r2rk1/6pp/p1q5/1pn2p2/1B1pPP2/3Pn1QB/1PP2R1P/6RK b - - 3 24,f8f6 g3g7,400,100,55,321,kingsideAttack master mate mateIn1 middlegame oneMove,https://lichess.org/qy4azPDa/black#48,,
00cJo,2r3k1/5ppp/8/8/1P2p3/3bQpP1/1q1P1K1P/R1R5 b - - 1 30,c8c1 a1a8 c1c8 a8c8,901,79,100,330,backRankMate endgame mate mateIn2 short,https://lichess.org/al1h6dlT/black#60,,
00cRN,8/4rkb1/R5R1/5P1p/P6P/4p1P1/1r6/4K3 b - - 0 44,e3e2 g6g7 f7g7 f5f6 g7f7 f6e7,1716,75,79,398,advancedPawn advantage attraction endgame exposedKing fork long sacrifice,https://lichess.org/mwg2d74x/black#88,,
00cSF,r1b3k1/pp3p1p/6q1/2pp1r2/8/P1P1PQ1P/1P3PP1/RN3R1K w - - 7 19,f3g3 g6g3 f2g3 f5f1,811,87,86,153,crushing kingsideAttack middlegame short,https://lichess.org/57UdP92X#37,,
00cZ4,8/2R5/6pk/p3p2p/4Nq2/5n1P/P2R2P1/7K w - - 0 41,d2f2 f4h2,1056,80,87,207,endgame master mate mateIn1 oneMove,https://lichess.org/uEKnkWhW#81,,
00cZE,4k3/5p2/3r4/pRp3Pp/2P1p3/6P1/1KP4P/8 w - - 0 31,b5c5 e4e3 g5g6 e8f8 c5a5 e3e2,2591,89,75,58,advancedPawn crushing endgame long rookEndgame,https://lichess.org/GXkr4U3u#61,,
00ccX,r4rk1/1p1b1pbp/p1pp2p1/8/2PNq3/1P2P2P/PB1Q1PP1/R2R2K1 w - - 0 19,d2d3 e4d3 d1d3 c6c5 b2c3 c5d4,1639,77,92,2572,crushing long middlegame,https://lichess.org/8wwce0l0#37,Nimzo-Larsen_Attack Nimzo-Larsen_Attack_Indian_Variation,
00cl7,r5k1/ppp1p1b1/4N1Q1/3pq1Bp/7P/8/PPPN1rP1/2KR4 w - - 1 17,d2f3 e5b2,941,78,100,651,mate mateIn1 middlegame oneMove queensideAttack,https://lichess.org/xfdgilVH#33,Pirc_Defense Pirc_Defense_Other_variations,
00coU,6k1/R7/5K2/1r6/5r2/p4N2/8/5R2 w - - 3 50,f6e7 f4f7 e7d6 f7a7,1526,75,100,1202,crushing endgame short skewer,https://lichess.org/msAMDBoS#99,,
00csH,2bqkb1r/4p1p1/p6p/1pNPpp2/2r3n1/P1N1B3/1P2QPPP/R4RK1 b k - 3 18,g4e3 e2h5 g7g6 h5g6,1536,76,86,478,mate mateIn2 middlegame short,https://lichess.org/cVFszzwF/black#36,Sicilian_Defense Sicilian_Defense_OKelly_Variation,
00ct0,4rrk1/pp4pp/2p1b3/4q3/4Bb2/1PPQ4/P4PP1/R1B2R1K w - - 3 22,c1f4 f8f4 e4h7 g8h8 h1g1 f4h4 f2f4 e5c5,2232,77,86,182,crushing middlegame veryLong,https://lichess.org/LbmI3g6K#43,,
00cud,8/5p2/6p1/1p1N1k2/1PbK4/2P3P1/8/8 b - - 0 48,c4f1 d5e3 f5e6 e3f1,959,80,97,2035,crushing endgame fork master short,https://lichess.org/XdT6vR6T/black#96,,
00cxG,2r5/3RQ2p/6pk/8/5q1P/1P6/2K5/8 w - - 16 42,c2b2 f4c1 b2a2 c8c2,2031,91,60,78,endgame mate mateIn2 short,https://lichess.org/qctk0UXT#83,,
00cxg,r2qk2r/1p2bpp1/p2pp3/8/4b2P/4B3/PPPQB3/2K3RR b kq - 1 17,g7g6 d2d4 e4h1 d4h8 e8d7 h8d8,1900,75,95,2627,advantage fork long middlegame,https://lichess.org/gegRTD5O/black#34,Sicilian_Defense Sicilian_Defense_Najdorf_Variation,
00cy1,2rknb2/3q1pp1/p1pP3r/1pQ1P2p/5P2/1P4P1/PB4K1/3R4 b - - 0 27,h5h4 c5b6 e8c7 d6c7,1229,76,96,1086,advancedPawn advantage master middlegame pin short,https://lichess.org/TsSnBR0S/black#54,,
00d1o,r2qk1nr/pbpp1pbp/1p2p1p1/3Pn3/2P1P3/3B1N2/PP3PPP/RNBQ1RK1 w kq - 0 8,c1g5 e5f3 d1f3 d8g5,1062,80,86,821,crushing kingsideAttack opening short,https://lichess.org/Twrqm0Jp#15,English_Defense English_Defense_Other_variations,
00d4c,3r3k/p1p3p1/1p3q1p/4b3/2P1p3/1P2B1P1/P3QPKP/1R6 w - - 0 29,b1d1 f6f3 e2f3 e4f3 g2f3 d8d1,1614,75,92,620,advantage endgame long master,https://lichess.org/LptJDQcB#57,,
00d5g,2b2rk1/pp4p1/2p5/4r3/2B5/1P6/P4pK1/5R2 b - - 4 32,g8h8 f1h1 c8h3 h1h3 e5h5 h3h5,1090,84,85,618,endgame long mate mateIn3 pillsburysMate,https://lichess.org/Vf4zaDk5/black#64,,
00d6g,r4n2/1p4pk/2p1R3/p2p1nPp/7P/3P1P1B/PP6/2K4R b - - 0 23,f8e6 h3f5 g7g6 f5e6,960,91,100,76,advantage endgame fork hangingPiece short,https://lichess.org/Fsjwwt2F/black#46,,
00d8a,r1b1k2r/1p3p2/p1pqp3/2b2Ppp/4P1n1/2NB3P/PPP3P1/R2QBR1K w kq - 1 15,d1f3 d6h2,994,85,90,436,master mate mateIn1 middlegame oneMove,https://lichess.org/nWjnzIeC#29,Sicilian_Defense Sicilian_Defense_Kan_Variation,
00d9q,1r1q1r2/Q2k3p/2pp1npb/2p2P2/8/2N5/PP3PPP/4RRK1 b - - 0 19,d8c7 e1e7 d7e7 a7c7,1138,82,94,939,attraction crushing deflection master middlegame short,https://lichess.org/kbUk4cWh/black#38,,
00dCs,rn1q2k1/pbp1nrpp/1p2Q3/8/3P4/B1P1P3/P3NPPP/R4RK1 b - - 2 14,b7d5 a3e7 d8d7 e6d7,1271,75,91,999,advantage middlegame short,https://lichess.org/sdm8JiCZ/black#28,Queens_Gambit_Accepted Queens_Gambit_Accepted_Old_Variation,
00dEJ,1br2rk1/ppqn2pp/4p3/1P6/P3B3/8/1B3PPP/R2Q1RK1 w - - 1 18,a1c1 c7h2,937,78,100,349,kingsideAttack mate mateIn1 middlegame oneMove,https://lichess.org/LD5Lwa2j#35,Polish_Opening Polish_Opening_Other_variations,
00dOP,r2q1k1r/pbp1bppp/1p2pn2/1B2N3/3P1Q2/8/PPP2PPP/R1B2RK1 b - - 5 12,f6d5 f4f7,481,110,91,802,mate mateIn1 oneMove opening,https://lichess.org/RvqmzkCr/black#24,French_Defense French_Defense_Tarrasch_Variation,
00dRh,1q5k/1b2Q1pp/pb3p2/1p6/1P2P3/PB3n2/5P1P/3RR1K1 w - - 0 25,g1g2 b8h2 g2f3 h2f2,1843,75,92,1488,crushing middlegame short,https://lichess.org/QvxqC3Zg#49,,
00dTO,5q2/5rk1/3p1np1/p1p5/1pP2NP1/3PNp1P/PP5K/3Q4 b - - 1 30,f6d7 f4e6 g7g8 e6f8,856,101,95,2209,crushing endgame fork short,https://lichess.org/AQ7wJCy0/black#60,,
00dTd,3r4/ppp1Q3/1b2kP2/8/4qp2/P1Pr4/1P3P2/1K2N3 b - - 5 31,e6d5 e7d8 d5c6 e1d3,1976,86,90,1051,advantage endgame hangingPiece short,https://lichess.org/UVi7iEcB/black#62,,
00dUW,4k2r/1pb3pp/p4p2/2P1p2b/1PBn4/P3N1P1/3B1P1P/5RK1 w k - 3 23,e3d5 d4f3 g1g2 f3d2,1250,79,85,196,crushing fork middlegame short,https://lichess.org/RnKoYsGf#45,,
00dWq,2r1kb2/5p1p/p3p3/1p2P1Q1/1Pq5/P1p3P1/2P4P/2KR1R2 w - - 0 28,g5f4 f8h6 c1b1 h6f4,2120,74,93,4384,advantage endgame pin short,https://lichess.org/sRKDDbRV#55,,
00dYE,7R/pp1n1p2/1kp1p3/3p4/5P2/2N1q3/PPP4Q/2K5 w - - 6 28,c1b1 e3e1 c3d1 e1d1,650,92,100,241,endgame mate mateIn2 short,https://lichess.org/4IFRxlwK#55,,
00dnp,8/Q7/7r/8/6K1/1r2k1p1/6P1/8 b - - 2 64,e3e2 a7a2 e2e3 a2b3,1311,80,94,22973,crushing endgame fork master queenRookEndgame short,https://lichess.org/hMbf0KPM/black#128,,
00dpQ,6k1/5ppp/8/4rP2/1r4P1/2RK3P/8/7B b - - 0 47,b4b5 c3c8 e5e8 c8e8,570,108,81,556,backRankMate endgame mate mateIn2 short,https://lichess.org/8DGDxXX7/black#94,,
00dqP,r1b2rk1/5p1p/p3pP2/1p1p4/5q1n/1P5P/P1P1QPB1/1K1R2R1 b - - 2 21,f4f6 g2d5 h4g6 d5a8,1797,74,94,6888,advantage discoveredAttack discoveredCheck middlegame short,https://lichess.org/6NRhzen2/black#42,,
00dt1,Q7/8/3B4/2p5/Krkn4/8/8/8 w - - 1 54,a4a3 d4b5 a3a2 b5c3 a2a1 b4b1,2224,79,95,17617,arabianMate endgame exposedKing fork long master mate mateIn3,https://lichess.org/AQkAsoMX#107,,
00dwJ,2r5/2r3k1/p1q1b1pp/3pn3/3R4/4P1N1/PQ4PP/R5K1 b - - 7 32,c6c1 a1c1 c7c1 g3f1,1852,76,95,6367,advantage defensiveMove middlegame short,https://lichess.org/jAiL6A2t/black#64,,
00dyB,2rq1r2/4pBkp/pn1P1bp1/1p2N3/3PR3/P4Q2/1P3PPP/3R2K1 w - - 1 25,f7e6 f6e5 d6e7 d8e7 f3e3 e7e6,1865,75,83,215,advantage long master middlegame,https://lichess.org/DAndMjSb#49,,
00dzT,6k1/1Q4p1/p1p4p/3pP3/P3bq2/2N4P/1P4PK/5B2 w - - 1 26,h2h1 f4f1 h1h2 f1g2,857,76,100,533,endgame hangingPiece mate mateIn2 short,https://lichess.org/Kxd5ijdt#51,,
00dzs,3k1b1r/1p1n1ppp/1B6/1p6/8/5K2/PPr2PPP/3RR3 b - - 1 19,d8c8 e1e8,835,105,91,288,mate mateIn1 middlegame oneMove pillsburysMate,https://lichess.org/zvBG4Lv4/black#38,,
00e5u,2r2r2/1p2k1p1/p5p1/P1P3N1/3bPBpP/3K2P1/2P5/7R b - - 0 29,f8d8 f4d6 d8d6 c5d6 e7d6 d3d4,1471,80,90,69,crushing endgame exposedKing long master,https://lichess.org/n153s8Fx/black#58,,
00e63,r4r1k/pp4pp/1qpp1b2/4p3/N3P3/3Q4/PPP2PPP/3RR1K1 b - - 3 16,b6d4 d3b3 b7b5 d1d4,1755,77,81,59,advantage discoveredAttack middlegame short trappedPiece,https://lichess.org/9lp8nVz7/black#32,Scotch_Game Scotch_Game_Other_variations,
00e6J,r5k1/pb2r1p1/1p2pQ2/2b1N3/5P2/PP5P/4p2K/3R2R1 w - - 0 33,d1e1 c5g1 e1g1 e2e1q f6e6 e7e6,1623,76,91,238,advancedPawn advantage long middlegame promotion,https://lichess.org/S92jnNLj#65,,
00e6Q,5r2/pppk2pp/3p1r2/8/3PPn2/2P2PQq/PP2B2P/R3KR2 b Q - 2 21,h3g3 h2g3 f4e2 e1e2,1540,74,91,213,advantage middlegame short,https://lichess.org/21HTWoxt/black#42,,
00e7H,8/7p/p1p4k/1p1p4/3Qpq2/2P2NpP/PP4K1/8 w - - 0 44,f3d2 c6c5 d4c5 f4d2,1919,75,94,14297,advantage deflection endgame master masterVsMaster short,https://lichess.org/DTE43D0V#87,,
00e88,r3kb1r/pp1q1p1p/8/2np2p1/5N2/6P1/PPQPPP1P/R1B2RK1 w kq - 0 16,c2c3 d5d4 f4h5 d4c3,2062,78,89,58,advantage middlegame short,https://lichess.org/5yy8lf1s#31,English_Opening English_Opening_Anglo-Indian_Defense,
00eAX,6k1/ppprN1pp/8/8/2r5/2P5/P5PP/3R1RK1 b - - 5 26,d7e7 d1d8 e7e8 d8e8,696,96,98,894,endgame mate mateIn2 rookEndgame short,https://lichess.org/MrdsMkpV/black#52,,
00eB8,4rb2/2p1q2k/p1Pp2p1/1p1Q3p/7P/2P2R2/PP4P1/1K6 b - - 1 34,f8h6 f3f7 h6g7 f7e7,974,84,96,2769,advantage endgame fork short,https://lichess.org/KYL3UuaC/black#68,,
00eC6,2kr4/1p3p2/1P6/Q1ppP3/3NnPqp/8/P5KP/2R1R3 w - - 1 29,g2h1 e4f2,988,128,83,21,cornerMate master mate mateIn1 middlegame oneMove,https://lichess.org/Z0Kq2Ar8#57,,
00eCY,8/6p1/5p1p/R5kP/2b3P1/1r3PK1/8/8 b - - 4 61,c4d5 a5d5 f6f5 d5f5,774,84,88,497,endgame hangingPiece mate mateIn2 short,https://lichess.org/LXHmo9rD/black#122,,
00eF9,8/8/Rp1r4/2p5/P1P1kp2/1P6/4K3/8 w - - 2 57,a4a5 f4f3 e2f2 d6d2,1217,83,92,70,crushing endgame master rookEndgame short,https://lichess.org/JdY4zfQY#113,,
00eGd,7R/8/p2kp3/2r4p/p4K2/6PP/P7/8 b - - 3 39,d6d5 h8h5 e6e5 h5e5,1263,78,93,2788,crushing endgame rookEndgame short,https://lichess.org/uwded1rg/black#78,,
00eGy,8/6k1/pp2p3/3pPpp1/PPpP1n2/2P3KP/2R5/8 w - - 2 39,h3h4 f4h5 g3f2 g5g4,2236,77,81,135,advantage defensiveMove endgame master short,https://lichess.org/6A7qLhc2#77,,
00eLW,8/8/3q3k/5Q2/4p3/4P2P/5pK1/8 w - - 0 42,f5f4 d6f4 e3f4 e4e3,1073,80,88,1251,crushing endgame queenEndgame short,https://lichess.org/jhaADLF2#83,,
00eNa,rnb1k2r/p1p2ppp/1p3n2/2b1N1B1/3qP3/3P4/PPP3PP/RN1QKB1R w KQkq - 1 8,e5f3 d4f2,1045,80,93,618,mate mateIn1 oneMove opening,https://lichess.org/P6b1EEqI#15,Kings_Pawn_Game Kings_Pawn_Game_Leonardis_Variation,
00eNe,4r1k1/p1p2ppp/2p1r3/3q4/P2b4/1P1PB3/2Q2PPP/2R1R1K1 w - - 0 21,e3d4 e6e1 c1e1 e8e1,910,78,100,375,kingsideAttack mate mateIn2 middlegame short,https://lichess.org/uH5mJi23#41,,
00eOw,r2r2k1/pp3pp1/5q1p/4p3/3p4/2N1P3/PPQ2P1R/2K4R w - - 0 25,e3d4 e5d4 c1b1 d4c3,1651,75,87,111,crushing middlegame short,https://lichess.org/QAjxFUBC#49,,
00eQx,5r1k/R5bp/6p1/p2Bq3/p3P3/6PK/7P/4Q3 w - - 7 39,a7a5 e5h5 h3g2 h5f3,1148,79,95,1110,crushing endgame short,https://lichess.org/fhgCrd1k#77,,
00eRZ,5rk1/8/p5pp/1p1b1p2/6n1/PP2p1RP/1B3PP1/1B4K1 w - - 0 33,h3g4 f5f4 g3e3 f4e3,1826,187,100,5,advantage endgame master short,https://lichess.org/Poh0D6SQ#65,,
00eSU,5r2/p2R4/1p3pk1/PQ4p1/4p1q1/4P1P1/6PK/8 w - - 3 34,a5b6 f8h8 h2g1 g4g3,1996,77,88,172,crushing deflection endgame short,https://lichess.org/RCXs5UcQ#67,,
00eTD,r1bq1r2/2p2p1k/pb1p1pnp/1p2p2Q/1P2P2N/P1PP1N2/B4PPP/R4RK1 w - - 6 17,a2f7 g6f4 f7g6 h7g7 h4f5 c8f5,1977,78,91,937,advantage defensiveMove long middlegame,https://lichess.org/KMvmskSd#33,Italian_Game Italian_Game_Giuoco_Pianissimo,
00eWz,4r1k1/p5bp/1q4p1/2pPrp2/1pP2N2/6PP/P4QB1/1R3RK1 w - - 2 25,f4e6 e5e6 d5e6 g7d4,1652,76,92,5286,advantage clearance master middlegame pin sacrifice short,https://lichess.org/T1YYoy2O#49,,
00eXL,8/8/3RP3/p1Pn4/1pN1k2p/8/rP1K4/8 b - - 0 40,a5a4 d6d5 e4d5 e6e7,1669,75,84,140,advancedPawn advantage endgame sacrifice short,https://lichess.org/MBrW6WzK/black#80,,
00eYd,rq3rk1/1p3ppp/p2p2n1/3Bp3/4P1R1/P3QPR1/1P3P2/7K b - - 0 24,b8c7 g4g6 h7g6 e3g5 c7d8 g5g6,2768,86,97,246,advantage long master middlegame pin sacrifice,https://lichess.org/6LoVaUuw/black#48,,
00eae,2r3kr/1pq1b1p1/p1n1p1P1/3p1pB1/3P3p/P3Q3/1PP1N3/1K4RR b - - 4 26,e7g5 e3e6 g8f8 g1g5,1851,80,93,651,crushing intermezzo kingsideAttack master middlegame short,https://lichess.org/MLbXS3BJ/black#52,,
00eak,4r1k1/5pp1/5n1p/P5r1/7q/1QP1p1PP/1P3P2/R3RBK1 w - - 0 27,g1h2 f6g4 h2g2 g4f2,1937,78,92,2126,crushing middlegame pin short,https://lichess.org/FQ3hbxjY#53,,
00eiu,r5k1/1b1pn1p1/1p5p/pq1PN2B/4P3/P6Q/6PP/R4r1K w - - 0 26,a1f1 b5f1,455,92,100,175,kingsideAttack mate mateIn1 middlegame oneMove,https://lichess.org/FN8YasJv#51,,
00eix,2r1r1k1/pb2qpbp/1p1p1np1/4P3/3B1P2/1P3BP1/PQ1N3P/1R2R1K1 b - - 0 21,b7f3 e5f6 e7e1 b1e1 e8e1 g1f2,1471,79,85,1485,crushing fork long middlegame,https://lichess.org/g5Z6vAB2/black#42,,
00ems,2r1r1k1/1bpn1ppp/p4n2/1p6/1P4q1/P3PN2/1BB1QPPP/3R1RK1 w - - 6 18,f3d4 g4g2,960,81,96,1438,kingsideAttack mate mateIn1 middlegame oneMove,https://lichess.org/mQNb8OeH#35,Horwitz_Defense Horwitz_Defense_Other_variations,
00euQ,r1b1k1nr/pppp1ppp/5q2/2b1n3/4P3/2N2N2/PPPP2PP/R1BQKB1R w KQkq - 0 6,f3e5 f6f2,1087,84,77,839,mate mateIn1 oneMove opening,https://lichess.org/srPCKrEj#11,Vienna_Gambit_with_Max_Lange_Defense Vienna_Gambit_with_Max_Lange_Defense_Other_variations,
00f0m,7k/5r2/3p2p1/3Nb1qp/4P3/1P3Q1P/r5P1/5R1K w - - 0 37,f3f7 g5g2,644,78,100,104,endgame mate mateIn1 oneMove,https://lichess.org/oc2S1Yze#73,,
00f1D,r1bq2kr/1p2b1pp/p2pN3/4p3/2B1P3/5Q2/PP3PPP/2RR2K1 b - - 0 17,c8e6 c4e6,805,95,91,218,kingsideAttack mate mateIn1 middlegame oneMove,https://lichess.org/cl0wv5xF/black#34,Sicilian_Defense Sicilian_Defense_Smith-Morra_Gambit,
00f1Y,1r6/p2n1pkp/4p1p1/2Np4/1r6/1P1K1P1P/P3R1P1/2R5 b - - 5 36,b8c8 c5e6 f7e6 c1c8,1164,75,100,561,advantage discoveredAttack endgame short,https://lichess.org/5k1h2DTZ/black#72,,
00f2T,4r2k/p7/3p4/2pPbr1p/2P1RR2/2B3qP/P3Q3/7K w - - 1 33,f4f5 g3h3 h1g1 e8g8,1841,76,93,625,crushing fork middlegame short,https://lichess.org/XytFAWBD#65,,
00f79,3r1rk1/1p2q1pp/p1b2n2/2p1p3/P1P1N2P/1P2QNP1/2PR1P2/2K4R w - - 2 19,e4f6 e7f6 h1d1 e5e4 c1b1 e4f3 d2d8 f8d8 d1d8 f6d8,2461,105,0,19,crushing middlegame veryLong,https://lichess.org/g0EmQqUx#37,Sicilian_Defense Sicilian_Defense_Modern_Variations,
00f7K,r3k3/ppP2pp1/8/3Nn3/1bP3p1/4P1Pq/PP2N1K1/R1BQ1R2 w q - 3 18,g2f2 h3h2,1009,81,92,82,mate mateIn1 middlegame oneMove,https://lichess.org/OMZKvMxP#35,English_Opening English_Opening_Carls-Bremen_System,
00f99,6k1/p4p2/1p5R/3r2p1/1P2b1P1/P3B2P/5P2/6K1 w - - 1 35,h6h5 d5d1 g1h2 d1h1 h2g3 h1g1,1094,80,82,76,advantage endgame long,https://lichess.org/2eLSy15i#69,,
00f9k,1b1r2k1/4pp1p/p1N3p1/1p6/8/PP2BN1P/6P1/6K1 b - - 0 27,d8c8 c6e7 g8f8 e7c8,853,91,86,78,crushing endgame fork short,https://lichess.org/IGibUvcX/black#54,,
00f9v,5rk1/2p3p1/1p1p4/3Pp2p/1PP1N1q1/3Qr2N/6PP/6K1 w - - 0 29,d3e3 g4d1 e3e1 d1e1,908,76,100,357,endgame mate mateIn2 short,https://lichess.org/WHRVbLDr#57,,
00fA6,2r3k1/p4p1p/Pn2p1p1/2rpP1P1/5P2/4B1P1/2P4R/R6K b - - 2 28,c5c2 h2c2 c8c2 e3b6 a7b6 a6a7,1830,77,83,72,advancedPawn crushing endgame long,https://lichess.org/eOhm3Aud/black#56,,
00fDM,3rrbk1/2p3R1/1p2q2Q/3p4/1P6/2B4P/6P1/3R2K1 b - - 0 33,f8g7 h6g7,928,77,99,891,mate mateIn1 middlegame oneMove,https://lichess.org/sx01PyS8/black#66,,
00fJC,1r6/6p1/5p1p/r1kp4/Pp3q2/2pR3P/2Q2PP1/3R2K1 b - - 4 39,b8d8 d3c3 b4c3 c2c3 c5d6 c3a5,1700,80,93,603,advantage endgame fork long sacrifice,https://lichess.org/PmojFttS/black#78,,
00fK0,r2q1r2/pp3pk1/2np1Np1/2pN1b2/2B4Q/3P4/PPP3PP/R5K1 b - - 1 17,f5e6 h4h7,639,95,95,324,mate mateIn1 middlegame oneMove,https://lichess.org/PSCBXZwl/black#34,Sicilian_Defense Sicilian_Defense_Closed,
00fN2,r2qkb1r/pp2nppp/4p3/1N1pP3/8/4BQ1P/PP3PP1/R4RK1 b kq - 4 14,a7a6 b5d6 d8d6 e5d6,1007,77,89,237,advantage middlegame short,https://lichess.org/cdN4TcuY/black#28,Caro-Kann_Defense Caro-Kann_Defense_Advance_Variation,
00fN7,N1bk4/pp1p1R2/5bB1/4p3/4n3/8/PB2r3/2K5 b - - 5 24,e2f2 f7f8 d8e7 f8e8 e7d6 g6e4 f2b2 c1b2,2361,82,77,78,advantage fork middlegame veryLong,https://lichess.org/hpYXRUS4/black#48,,
00fSz,rn1qk2r/ppp2ppp/3p2b1/2bP4/2P1n1P1/P1N1pP1P/1P2P1B1/R1BQK1NR w KQkq - 1 10,f3e4 d8h4 e1f1 h4f2,936,77,100,171,mate mateIn2 opening short,https://lichess.org/eA8X6sp6#19,Englund_Gambit_Declined Englund_Gambit_Declined_Other_variations,
00fTw,r2qk2r/4bpp1/4pn1p/pp1pPb2/2p2P1B/P1P1P3/1P2B1PP/RN1Q1RK1 b kq - 0 13,f5b1 e5f6 e7f6 h4f6,1621,75,83,214,advantage middlegame short,https://lichess.org/Y5xbRkWE/black#26,Bird_Opening Bird_Opening_Dutch_Variation,
00fVJ,8/5pkp/PQ4p1/4p3/RP1pP3/8/2rq1PPP/5BK1 w - - 0 36,b6b5 d2f2 g1h1 c2c1,1364,215,82,22,crushing endgame short,https://lichess.org/Y0F35PWK#71,,
00fXd,8/Q5b1/p2kp3/1p2qpN1/1P6/P7/4nPP1/5K2 b - - 5 46,d6d5 a7c5,1341,78,94,2997,endgame master mate mateIn1 oneMove,https://lichess.org/PkmRzeiI/black#92,,
00fXf,6k1/5p2/3bbq2/p2p2pp/N2Pn3/P3PN1P/4BPP1/2Q3K1 w - - 0 31,a4c5 d6c5 d4c5 g5g4,2311,76,91,954,advantage master middlegame short,https://lichess.org/1Sr4mXWb#61,,
00fZM,5rk1/1q3r1p/3p2RQ/3p4/3B4/2P2P2/P5PP/6K1 b - - 0 30,h7g6 h6h8,989,81,96,2552,endgame mate mateIn1 oneMove,https://lichess.org/F6b275RM/black#60,,
00fba,3r2k1/p3qp1p/6p1/P7/3r4/2Q4P/n4PP1/1RR2BK1 w - - 2 31,c3c7 d4d7 c7c5 a2c1 c5e7 d7e7,1870,75,94,8437,crushing long master middlegame,https://lichess.org/PuG50RPy#61,,
00fgg,4r1k1/p4ppp/8/8/8/8/PP1b1PPP/K2R4 w - - 0 21,d1d2 e8e1 d2d1 e1d1,584,95,65,202,backRankMate endgame mate mateIn2 rookEndgame short,https://lichess.org/AjVJZKD1#41,,
00fjN,r4rk1/pp3p1p/2p3p1/q3bb2/3Pn3/1Q1BPN2/PP2KPPP/2R4R w - - 0 18,f3e5 a5d2 e2f3 d2f2,1173,85,94,469,mate mateIn2 middlegame short,https://lichess.org/D5JhZSwX#35,Indian_Defense Indian_Defense_Other_variations,
00fky,5rk1/ppqb1p1p/2p2Bp1/3p4/8/2P2Q2/PP3PPP/4R1K1 b - - 0 19,f8e8 e1e8 d7e8 f3e3 c7d6 e3e8,1851,76,93,1630,advantage endgame kingsideAttack long,https://lichess.org/XuK4pm8q/black#38,,
00fld,3R4/5kpp/8/p2p1p2/r2P4/2p1P2P/2Rn1PP1/6K1 w - - 0 44,d8d5 a4a1 g1h2 d2f1,1126,229,47,6,crushing endgame short,https://lichess.org/RmV6CwE1#87,,
00fmc,1r1r2k1/2p3b1/p1q4p/3pP1pb/P2B1p2/1B3P2/1P4PP/R2QR1K1 w - - 7 29,e5e6 g7d4 d1d4 b8b3,1506,77,93,1871,advantage middlegame short,https://lichess.org/KIWMqJFV#57,,
00fpf,7r/pkp5/1pN1Q1rb/3p1n1q/3P4/2P3PN/PP4BP/5RK1 w - - 1 25,e6d5 h6e3 f1f2 h5d1,2165,77,25,293,advantage kingsideAttack middlegame pin short,https://lichess.org/AXqrgWpj#49,,
00fpk,rq2kb1r/1b1p1pp1/p3pn2/1p5p/4P1n1/1NN1BB2/PPP1QPPP/R4RK1 w kq - 2 14,h2h3 b8h2,903,80,92,175,mate mateIn1 middlegame oneMove,https://lichess.org/jWy4FrZ0#27,Sicilian_Defense Sicilian_Defense_Taimanov_Variation,
00ft3,8/p7/2R3p1/4Nnk1/2P4p/7K/Pr6/8 b - - 3 50,g5f4 e5d3 f4g5 d3b2,1267,80,86,828,crushing endgame fork short,https://lichess.org/CFT5b92o/black#100,,
00fvL,rn2qr1k/p2n2pp/1p6/2bRp1B1/2B3Q1/7P/PPP2PP1/1K1R4 b - - 1 17,d7f6 g5f6 g7f6 d5d8 e8d8 d1d8,1425,77,82,500,advantage long middlegame,https://lichess.org/wK09nmRh/black#34,Caro-Kann_Defense Caro-Kann_Defense_Two_Knights_Attack,
00fwM,Qn1qk2r/p4ppp/2p5/2bn4/4pPb1/2N5/PPPP2PP/R1B1KBNR w KQk - 1 9,h2h3 d8h4 g2g3 h4g3,1152,76,94,4405,mate mateIn2 opening short,https://lichess.org/REHlrlvo#17,Kings_Gambit_Declined Kings_Gambit_Declined_Falkbeer_Countergambit,
00fxc,4r2k/1pQ2p2/p4N1p/5P2/1P6/P1Pn1K2/4r3/6R1 w - - 1 36,c7f7 e8e3 f3g4 d3e5 g4h5 e2h2,2305,77,96,2499,endgame exposedKing fork long mate mateIn3,https://lichess.org/cFwPoNNu#71,,
00g2W,6k1/1q4p1/p2P2B1/8/5Q1P/6P1/P6K/4r3 w - - 5 36,f4f2 b7h1,726,94,47,40,endgame master mate mateIn1 oneMove,https://lichess.org/QG0oodxm#71,,
00g5H,2r3k1/p4pp1/1p5p/1Q6/8/5P2/qP4PP/3R2K1 b - - 3 30,a2c4 d1d8 c8d8 b5c4 d8d1 g1f2,1374,74,97,3509,advantage deflection endgame long,https://lichess.org/pzEZtfM3/black#60,,
00g5t,5rk1/p1p3p1/bp2p2p/5p2/2qPB3/2P5/2Q2PPP/R4RK1 w - - 0 24,a1a4 c4f1,1244,104,76,49,kingsideAttack mate mateIn1 middlegame oneMove,https://lichess.org/aVCFv31r#47,,
00g9R,8/p4k2/2p3PP/2P2K2/8/2b5/P7/8 b - - 0 42,f7g8 f5e6 c3d2 h6h7,1829,77,93,894,advancedPawn bishopEndgame crushing endgame master short,https://lichess.org/dGdDx4Ku/black#84,,
00gEe,8/pp4bk/2q2npp/2P1Bp2/5P1P/1Q2p1P1/P3Pn2/3R1RK1 w - - 1 30,b3e3 f2h3 g1h2 f6g4 h2h3 g4e3,2334,97,90,630,crushing exposedKing fork long master middlegame,https://lichess.org/THqBcNDR#59,,
00gH0,3r2k1/6pp/8/5Q2/2pP4/2Pq2P1/5RKP/8 b - - 2 35,d3c3 f5f7 g8h8 f7f8 d8f8 f2f8,1349,88,83,825,backRankMate endgame long mate mateIn3 sacrifice,https://lichess.org/vnNaoc4v/black#70,,
00gJf,7r/2N2p1p/p2p4/1p6/6b1/8/P3kB1P/2RR3K w - - 2 35,f2d4 g4f3 h1g1 h8g8 d4g7 g8g7,1068,131,54,16,endgame long mate mateIn3 pillsburysMate,https://lichess.org/Tbult76w#69,,
00gNl,6k1/5R2/pp4p1/2p4p/7P/1P1r4/P3r1PK/5R2 b - - 0 38,d3d2 f7f8 g8h7 f1f7 h7h6 f8h8,914,81,97,1539,endgame exposedKing long mate mateIn3 rookEndgame,https://lichess.org/JhG6365X/black#76,,
00gPT,2r1r3/5R2/p7/6P1/5P2/PB3bR1/1PP2k1P/2K5 w - - 1 35,g5g6 e8e1 c1d2 e1d1,1784,75,89,153,endgame mate mateIn2 operaMate short,https://lichess.org/197y5kFN#69,,
00gS7,8/1r3pkp/1b4p1/2Rp4/7P/1qP3P1/1P2QP2/2B3K1 w - - 5 33,e2e5 f7f6 c1h6 g7h6 e5f4 h6g7,1659,74,84,112,advantage defensiveMove endgame long,https://lichess.org/kCNSStnU#65,,
00gbj,8/8/8/3k2K1/6nP/6P1/8/8 b - - 4 57,g4e5 g5f5 e5c4 h4h5 c4d6 f5g6,2476,95,87,368,crushing defensiveMove endgame knightEndgame long quietMove,https://lichess.org/TwMT1En7/black#114,,
00gcQ,8/p4p1k/1p4p1/3pQr2/3P3p/5qP1/PPB2P1K/5R2 w - - 6 35,c2d1 h4g3 h2g1 g3f2 g1h2 f3d3 d1e2 d3d2 e5f5 g6f5,2607,115,90,302,advancedPawn advantage endgame veryLong,https://lichess.org/CHTbPYuY#69,,
00gcY,3r2k1/5ppp/b3p3/3q4/3r4/p2PQP1P/3R1NPK/R7 w - - 0 35,a1a3 d5d6 h2h1 d6a3,1479,79,82,76,crushing fork middlegame short,https://lichess.org/m6ztJedJ#69,,
00ggZ,2r2r1k/1pP3pp/p3b3/P7/1P5Q/4q1P1/6PK/RB6 b - - 4 37,c8c7 h4h7,780,85,86,89,mate mateIn1 middlegame oneMove,https://lichess.org/gCG08rHD/black#74,,
00ghH,5r1k/6p1/1Q2pq1p/P4r2/3P4/2P1R3/6PP/4R1K1 w - - 1 39,d4d5 f5f1 e1f1 f6f1,710,76,100,1082,endgame mate mateIn2 short,https://lichess.org/ycQ7nVZM#77,,
00glf,3r2k1/R4p1p/6p1/2p5/P2b1B2/7P/2r2PP1/5RK1 b - - 0 25,d4f2 f1f2 d8d1 f2f1 d1f1 g1f1,1116,76,100,424,advantage endgame long,https://lichess.org/A1ka0Yxc/black#50,,
00gnK,2kr3r/1pq2pp1/p1pbb3/7p/Q2P2n1/5N2/PP1B1PPP/2R1RBK1 w - - 1 20,d2a5 d6h2 f3h2 c7h2,1148,76,85,241,kingsideAttack mate mateIn2 middlegame short,https://lichess.org/MSlXJIGv#39,,
00gpa,r1b2rk1/qp3pp1/p3p2p/8/8/P5P1/1PBB2P1/2RQ3K b - - 0 21,f8d8 d2e3 d8d1 c1d1 g8f8 e3a7 a8a7 d1d8 f8e7 d8c8,2147,80,86,279,advantage fork middlegame sacrifice veryLong,https://lichess.org/tgE8FK8D/black#42,,
00gsT,1r3rk1/p4pp1/4p2p/1Q2Pn2/1b1P4/4BN2/q4PPP/2R2RK1 w - - 1 19,c1a1 a2a1 f1a1 b8b5,1477,76,92,5317,crushing middlegame short,https://lichess.org/Uwrjbb82#37,Queens_Gambit_Accepted Queens_Gambit_Accepted_Other_variations,
00gy1,8/1p6/8/3kp2p/4p1p1/4K1P1/PP4PP/8 w - - 0 36,h2h4 b7b5 a2a3 d5c4 e3e4 c4b3,1993,99,23,25,crushing endgame long pawnEndgame quietMove zugzwang,https://lichess.org/E5BBvr3Q#71,,
00gyK,5rk1/5pp1/3p3p/4p1N1/8/PR6/1p3PPP/6K1 w - - 0 33,g5e4 f8c8 g2g3 c8c1,1551,76,94,5172,crushing endgame quietMove short,https://lichess.org/LK8qER3u#65,,
00gym,r2qkb1r/pp2pppp/3p1nb1/4n3/4P1PN/2PB3P/PP3P2/RNBQK2R b KQkq - 0 11,g6e4 d3e4 f6e4 d1a4 e5c6 a4e4,1737,75,99,1930,advantage fork long opening,https://lichess.org/stQsTszf/black#22,Sicilian_Defense Sicilian_Defense_Bowdler_Attack,
00h41,4Q3/p4r2/1pp1k1pR/5p2/4p1q1/8/PP3P2/5K2 b - - 3 46,f7e7 h6g6 g4g6 e8g6,1280,79,84,361,advantage endgame fork short,https://lichess.org/CgyFo5ok/black#92,,
00h5T,1r2r1k1/3p1pb1/p2q2pp/1p3P2/3p4/P6Q/BPP3PP/4RRK1 b - - 0 23,g6g5 e1e8 b8e8 f5f6,1795,77,77,80,crushing kingsideAttack master middlegame short,https://lichess.org/EzIYa6oA/black#46,,
00h7S,8/p1N3pp/5k2/2PB2b1/1P4b1/P6r/6K1/4R3 b - - 0 31,h3d3 c7e8 f6g6 d5e4,1727,89,87,38,crushing endgame short,https://lichess.org/3HiYfIf1/black#62,,
00h8X,r4r1k/pp1q1pb1/2npbn1p/2p1p3/4P3/1BPP1Q2/PP3P1N/RNB2KR1 b - - 9 17,e6b3 c1h6 g7h6 f3f6 h8h7 h2g4 d7e6 a2b3 e6f6 g4f6,2497,90,78,125,advantage deflection exposedKing fork middlegame veryLong,https://lichess.org/8ji7Sjgz/black#34,Sicilian_Defense Sicilian_Defense_Hyperaccelerated_Dragon,
00h8Z,5k2/p1R4R/1p4p1/3r3q/3P4/2P2rQp/PP5K/8 b - - 4 36,f3g3 c7c8 d5d8 c8d8,1530,75,82,151,endgame mate mateIn2 queenRookEndgame short,https://lichess.org/UAWACryx/black#72,,
00h95,7k/Q1p3p1/5p1p/3q4/3Pr3/4P3/P4P1P/1R4K1 w - - 2 26,a7c5 e4g4 g1f1 d5h1 f1e2 h1b1,1696,75,85,113,crushing endgame long skewer,https://lichess.org/awh9vUFg#51,,
00hA5,6n1/2p3k1/1p1p2P1/p2P1K1P/P1P5/1P6/8/8 b - - 2 53,g8h6 f5e6 h6g8 e6d7,1766,75,96,2714,crushing defensiveMove endgame knightEndgame master short,https://lichess.org/JOwIOHIj/black#106,,
00hAC,r1b2r2/p1p1qppk/1p1pp3/3Q4/8/2P2N2/P1P2PPP/R3R1K1 b - - 0 14,c7c6 d5h5 h7g8 f3g5 e7g5 h5g5,1470,77,96,7183,advantage long middlegame,https://lichess.org/RQz03F7U/black#28,Pirc_Defense Pirc_Defense_Roscher_Gambit,
00hCU,r1b2r2/1p5k/3p2pp/p1PBb3/2Pp1p2/P2P2Pq/3B1P1P/1R1QR1K1 w - - 0 26,c5c6 f4g3 f2g3 f8f2 g1f2 h3h2,2789,103,85,418,attraction crushing deflection kingsideAttack long middlegame sacrifice,https://lichess.org/mc07lrmk#51,,
00hJY,3R4/5p1k/p5pp/6q1/1P4P1/P3rP1P/2Q5/6K1 w - - 0 35,d8d7 g5f4 c2f2 e3f3 f2f3 f4f3,2572,109,90,2075,crushing endgame long,https://lichess.org/Qq8MVHpO#69,,
00hNY,8/p7/1p3k2/8/n1K1P3/3N4/P7/8 b - - 0 44,a4c5 d3c5 b6c5 c4d5,2234,81,82,158,crushing endgame knightEndgame short,https://lichess.org/MGfDzlcO/black#88,,
00hNb,5k2/pp3ppp/4p3/3p4/1Pn2q2/2P3P1/P3Qn1P/R2R3K w - - 1 30,h1g2 c4e3 e2e3 f4e3,1091,89,92,557,crushing endgame fork short,https://lichess.org/n7QzfFtZ#59,,
00hSW,2R5/4b1pk/1r5p/2pPN3/1p2P3/3P4/4K1PP/8 w - - 1 39,e5d7 b4b3 d5d6 e7d6 d7b6 b3b2 b6c4 b2b1q,1882,77,94,12511,advancedPawn advantage endgame master promotion sacrifice veryLong,https://lichess.org/56G5UTGb#77,,
00hSr,r4rk1/5p2/1q2pnRP/p2p4/1ppP4/2P1P3/PPQN1P2/2K4R b - - 0 21,f7g6 c2g6 g8h8 g6g7,1119,96,94,5779,kingsideAttack mate mateIn2 middlegame short,https://lichess.org/FSHLYhgq/black#42,,
00hUl,2kr4/1pq2p2/p3p1p1/2b1n2p/Q1P2B2/7P/P3BPP1/1R4K1 b - - 1 24,c5d6 c4c5 c7c6 a4c6,1942,74,88,1079,crushing middlegame queensideAttack short,https://lichess.org/YyZRpbZ3/black#48,,
00hVE,1K6/1p6/2k5/p7/P1p5/2P5/1P6/8 b - - 3 47,b7b5 b8a7 b5b4 a7a6,2041,74,90,304,crushing endgame master pawnEndgame short,https://lichess.org/Joug17uX/black#94,,
00hYk,8/8/1n4p1/4kp1p/7P/1B2KPP1/8/8 b - - 0 54,b6d5 b3d5 e5d5 e3f4,1277,79,92,4233,crushing endgame short,https://lichess.org/rWJb7AjE/black#108,,
00hbV,8/pk1r1bR1/1p6/8/2P2N2/1P6/1K6/8 b - - 21 60,f7e6 f4e6 d7g7 e6g7,919,79,96,1759,crushing endgame hangingPiece master short,https://lichess.org/DL4VBFov/black#120,,
00hck,8/pp3k1p/3B2p1/2P5/1P6/4n2P/P4qP1/2Q4K w - - 0 33,h1h2 f2g2,1232,80,89,157,endgame mate mateIn1 oneMove,https://lichess.org/42ife2dg#65,,
00hdN,2kr3r/2p2p2/p4q2/1p6/P2PQ3/1PP3p1/6PP/3RR1K1 w - - 0 28,h2h3 f6f2 g1h1 h8h3 g2h3 f2h2,1163,127,80,13,endgame long mate mateIn3 sacrifice,https://lichess.org/1rJrtrSW#55,,
00he6,2k5/pp3p2/5q2/2b1p1p1/4P1Pr/1nN2BK1/PPP3P1/R2Q4 w - - 3 23,c3d5 f6f4 d5f4 e5f4,1782,79,93,1291,mate mateIn2 middlegame sacrifice short,https://lichess.org/ndaNSA8f#45,,
00hgt,r6k/pp1b2p1/3p2rp/6q1/2Q2p2/1P3P1P/PBP1R1P1/4R1K1 b - - 1 24,d7h3 e2e8 a8e8 e1e8 h8h7 c4g8,940,96,98,341,kingsideAttack long mate mateIn3 middlegame,https://lichess.org/V4t9VxQd/black#48,,
00hpL,8/7p/4K2P/8/4k3/8/8/8 b - - 4 53,e4f4 e6f6 f4e4 f6g7 e4f5 g7h7 f5f6 h7g8,1233,78,92,724,crushing endgame pawnEndgame veryLong,https://lichess.org/90qwuU42/black#106,,
00hq5,8/8/p7/1p2kp1p/4pp2/1PP2P2/P3K1PP/8 w - - 0 30,g2g3 f4g3 h2g3 f5f4,1931,75,33,167,crushing endgame master pawnEndgame short,https://lichess.org/gqaNx90V#59,,
00hsd,5k2/p4p2/1p6/3p1R2/7Q/P2Pr1KP/6P1/6q1 w - - 3 40,f5f3 g1e1 g3g4 e1h4 g4h4 e3f3,1627,77,88,73,crushing endgame long,https://lichess.org/vU9uQUNU#79,,
00huB,3r2k1/ppp1bppp/2n5/8/4P1b1/1P3N2/PBP1P1PP/2K2B1R w - - 2 16,h2h3 g4f3 e2f3 e7g5 c1b1 d8d1,1394,77,80,223,crushing long middlegame,https://lichess.org/r7cF2rXM#31,Nimzo-Larsen_Attack Nimzo-Larsen_Attack_Classical_Variation,
00huW,8/3k4/p6p/1p2Q1pP/3P2b1/1PP2qP1/P3p3/1K2R3 w - - 3 44,d4d5 f3d3 b1b2 d3d2 b2a3 d2e1,1548,77,96,7401,advantage endgame fork long,https://lichess.org/twVFxiv1#87,,
00hxr,r4rk1/pp3ppp/4p3/3pB1qB/Q1p5/2PbP3/PP1N1P1P/R3K2R w KQ - 0 15,e5g7 g5h5 a4d1 h5d1 a1d1 g8g7,1730,77,93,1653,advantage hangingPiece long middlegame,https://lichess.org/4QIugid6#29,Queens_Pawn_Game Queens_Pawn_Game_Accelerated_London_System,
00i6P,1r2R2k/3P2p1/p4q1p/8/2P5/5P2/P4P1P/6K1 b - - 1 34,f6f8 e8f8 b8f8 c4c5 f8d8 c5c6,1348,82,94,2184,advantage endgame long quietMove,https://lichess.org/HxIkxV0Q/black#68,,
00i7t,4r2k/p4r1p/2pp1Q2/2p5/3b1P2/3P2R1/PqPB2PP/4RK2 b - - 0 21,d4f6 e1e8 f7f8 e8f8,927,90,84,147,hangingPiece kingsideAttack mate mateIn2 middlegame short,https://lichess.org/fBWee6U4/black#42,,
00i8I,8/6kp/p4r2/1p6/4P3/P4R2/5KP1/8 w - - 1 48,f2e3 f6f3 e3f3 g7f6,2339,92,90,257,crushing defensiveMove endgame rookEndgame short,https://lichess.org/RTBYdREp#95,,
00iAF,7k/pQ4p1/2p4p/4r3/3r1p1n/6N1/PP2R1PP/6K1 b - - 0 30,f4g3 b7b8 h8h7 b8e5,1487,86,60,46,crushing endgame fork short,https://lichess.org/r62eqxQB/black#60,,
00iDv,r1bq1rk1/1p3pp1/p2bp2p/8/4Q3/2PB4/PP3PPP/R1B2RK1 b - - 0 13,b7b5 e4h7,1282,142,47,45,mate mateIn1 middlegame oneMove,https://lichess.org/ISaBdFYC/black#26,French_Defense French_Defense_Steinitz_Attack,
00iLe,r1b1r1k1/pp1n1pb1/3p1q1p/2pP2p1/2P1B3/4PNB1/PPQ2PPP/2KR3R w - - 1 15,h2h4 e8e4 h4g5 h6g5,1699,76,96,5454,crushing middlegame short,https://lichess.org/fBB50Rwf#29,Torre_Attack Torre_Attack_Fianchetto_Defense,
00iQC,1k1r1b1r/4q3/QBpp4/4p3/4P2p/5p2/P5PP/4R1K1 b - - 0 28,d8d7 e1b1 d7b7 b6a7 b8c8 a6c6 e7c7 c6e8,2123,79,91,1200,crushing discoveredAttack exposedKing middlegame queensideAttack quietMove veryLong,https://lichess.org/Yg1J59NW/black#56,,
00iQD,8/8/8/3K2kp/8/2P1P3/8/8 w - - 0 50,c3c4 h5h4 d5e4 g5g4 c4c5 h4h3 e4e5 h3h2 c5c6 h2h1q,1530,76,95,14024,advancedPawn crushing endgame pawnEndgame promotion quietMove veryLong,https://lichess.org/dDMWuoiZ#99,,
00iQH,2r2r2/p4p1k/4q2N/3pn1p1/4p1RQ/2P1P2P/PP4P1/5RK1 w - - 1 27,h6f7 g5h4 f7g5 h7h6 g5e6 f8f1 g1f1 e5g4,2001,78,90,1730,advantage kingsideAttack middlegame veryLong,https://lichess.org/aa99iASm#53,,
00iWt,8/pk5p/1pp1Q3/8/3R2P1/P1P1K2n/1qP2r2/8 b - - 1 35,b2c2 d4d7 b7a6 e6c4 b6b5 c4c6 a6a5 d7a7,1405,75,100,690,deflection endgame mate mateIn4 veryLong,https://lichess.org/jcy73kOF/black#70,,
00iXO,r6r/pp2kB2/1bpR1p2/4p1p1/6b1/1QP3p1/PP3PP1/4R1K1 w - - 2 23,d6d2 b6f2 d2f2 h8h1 g1h1 g3f2,2738,89,95,675,advancedPawn advantage fork long middlegame sacrifice,https://lichess.org/asLbpMTy#45,,
00ieR,6k1/1p3p1p/4p1p1/1P1pP3/P7/4r3/7P/1R4K1 b - - 0 33,e3e5 a4a5 d5d4 a5a6 e5b5 b1b5,1519,76,99,1708,advantage endgame long quietMove rookEndgame,https://lichess.org/TiKjdMLp/black#66,,
00ik3,8/p3kp2/2pp1nr1/4p1B1/bq2P2Q/bP1P3N/P3N3/1K1R3R w - - 0 30,h1f1 a4b3 d1d2 b3d1 b1a1 d1e2,2377,79,86,67,advantage discoveredAttack discoveredCheck long middlegame queensideAttack,https://lichess.org/YmEgAqLR#59,,
00ir2,8/6kp/p2P2b1/2p5/2P5/P5P1/1rPR1K2/8 b - - 0 40,b2c2 d2c2 g6c2 d6d7,1347,80,77,100,advancedPawn crushing endgame short,https://lichess.org/9dmwAePJ/black#80,,
00irz,8/2r1ppk1/8/3P2pP/1Kp1Pp2/1bR5/4BP2/8 w - - 8 40,e2c4 c7c4 c3c4 b3c4 b4c4 f7f6,2780,123,87,600,crushing defensiveMove endgame long,https://lichess.org/H4eT5TpG#79,,
00isY,rnbqkb1r/ppp3pp/5n2/3P1p2/4pB2/2N5/PP3PPP/R2QKBNR b KQkq - 0 7,f8b4 d1a4 c7c6 a4b4,1538,75,96,26315,crushing fork master opening short,https://lichess.org/1q2x0Fv6/black#14,Blackmar-Diemer_Gambit Blackmar-Diemer_Gambit_Other_variations,
00isc,2r2r1k/pp3pp1/1b5p/4P3/1q2RB2/1B1p1N2/PP2K1Q1/6R1 w - - 0 39,e2d3 f8d8 f3d4 d8d4 e4d4 b4d4,1490,78,92,1373,middlegame,https://lichess.org/O8KiRLof#77,,
00itj,8/1pB5/3P2k1/3r2p1/8/4PK1P/7P/8 b - - 2 42,g6f5 e3e4 f5e6 e4d5,887,101,86,50,crushing endgame fork short,https://lichess.org/LAGoAAgQ/black#84,,
00iyx,2kr1b1r/pp3ppp/2p1pq2/6B1/2P3Q1/7P/P4PP1/1R3RK1 b - - 3 19,f6g6 g5d8 g6g4 h3g4,1145,77,95,3672,advantage middlegame short,https://lichess.org/vut9HU3T/black#38,Scandinavian_Defense Scandinavian_Defense_Main_Line,
00j1r,8/2rkb3/1p6/6P1/5q2/3R4/Q1P1K3/8 b - - 4 37,d7c6 a2d5,1568,82,88,4898,dovetailMate endgame mate mateIn1 oneMove,https://lichess.org/2Nj3D5mV/black#74,,
00j3i,5rk1/R5p1/5q1p/8/3p4/1P4Q1/P3rPPP/5RK1 w - - 2 38,g3g4 f6f2 f1f2 e2e1 f2f1 e1f1,1534,75,96,15750,endgame long mate mateIn3 sacrifice,https://lichess.org/InWtDWaB#75,,
00j6z,r4r2/ppp1qpk1/3p1n2/2bNp3/2B1P1pR/3P2B1/PPPK1P2/7R b - - 3 18,f6d5 h4g4 e7g5 g4g5,2316,77,85,235,crushing middlegame short,https://lichess.org/Q62gkDZE/black#36,Italian_Game Italian_Game_Giuoco_Pianissimo,
00j8L,6R1/2q2pp1/6kp/1pr5/p2Q1P2/2P3PP/1P5K/8 b - - 4 37,f7f6 d4e4 c5f5 g8f8 c7d7 g3g4,2783,113,90,466,crushing endgame long,https://lichess.org/eAtX7oiv/black#74,,
00j8y,3kr2r/2p2p1p/1p2p3/pQ1PP3/4q1n1/B5K1/P1P4P/3R1R2 b - - 4 25,d8c8 b5a6 c8b8 a3d6 e4e5 d6e5,2374,92,85,66,crushing long middlegame,https://lichess.org/ur2vjM1B/black#50,,
00j9Q,rnb2r1k/2q2p1p/p2p1bp1/1p2pN2/4P1QN/3B3R/PPP2PPP/R5K1 b - - 1 19,g6f5 h4f5 c8f5 g4f5,2022,77,92,3687,advantage middlegame short,https://lichess.org/SalKpiT9/black#38,Sicilian_Defense Sicilian_Defense_Kan_Variation,
00jCD,r4r1k/ppp1b1pp/3qQn2/6B1/8/2N5/PPP2PPP/R4RK1 w - - 3 14,e6b3 f6g4 g2g3 e7g5,1377,74,95,2380,advantage discoveredAttack middlegame short,https://lichess.org/31x6vs1r#27,Italian_Game Italian_Game_Scotch_Gambit,
00jG1,5q1k/4b1p1/2b1p3/2pp2n1/8/2P2PB1/PP2QP1P/R4RK1 w - - 3 25,h2h4 g5f3 g1g2 d5d4,1625,75,88,331,middlegame,https://lichess.org/RDgVFWGO#49,,
00jIG,8/2p5/2B2k2/pp6/2bP1K2/P1P5/1P5p/8 w - - 0 47,c6e4 f6e6 f4g3 c4d5 g3h2 d5e4,2262,75,53,135,bishopEndgame crushing endgame long,https://lichess.org/810w8Q0F#93,,
00jNk,7r/2Q2pb1/3ppk1p/5Bp1/3P4/1N2P1P1/Pr2qPP1/R5KR w - - 6 29,c7d6 e2f2 g1h2 f2g2,1063,102,93,2887,fork mate mateIn2 middlegame short,https://lichess.org/aOJ6ffu5#57,,
00jOm,1r6/3Pkppp/4p3/3p4/8/8/P4PPP/2R3K1 w - - 0 29,c1c8 b8b1 c8c1 b1c1,798,81,89,353,backRankMate endgame mate mateIn2 rookEndgame short,https://lichess.org/AptD0dS5#57,,
00jPH,1k1r3r/1b1p1p2/p3p3/1p2Pn2/3n2Np/P1Q5/1P3PPP/1B2NRK1 w - - 2 26,b1f5 d4e2 g1h1 e2c3,1376,81,94,7025,advantage fork middlegame short,https://lichess.org/01iokLOA#51,,
00jPw,r3r1k1/ppp2p2/1b5Q/3PP2n/2B3bq/2N5/PP4PP/R4R1K w - - 1 18,f1f7 h5g3,1159,77,95,2806,mate mateIn1 middlegame oneMove pin,https://lichess.org/rMGqxihy#35,Italian_Game Italian_Game_Classical_Variation,
00jQ7,8/7p/1p3Qpk/1Pp5/2Pp4/5PP1/2q3KP/8 w - - 1 41,g2h3 c2f5 f6f5 g6f5,936,78,98,387,crushing endgame master queenEndgame short,https://lichess.org/B5l9Wp7O#81,,
00jUu,8/5ppk/p1Q4p/2R4P/1q2P3/5P2/1P4P1/1K1n4 w - - 2 45,c5c1 b4b2,617,82,100,334,endgame master mate mateIn1 oneMove,https://lichess.org/ZhzdgIpD#89,,
00jXF,r1b1r1k1/ppp2ppp/2nb1q2/4N3/2BPQB2/8/PPP3PP/2KR3R w - - 5 13,c4f7 f6f7 e5f7 e8e4,1448,79,92,1180,advantage middlegame short,https://lichess.org/1cNmXOuy#25,Vienna_Gambit_with_Max_Lange_Defense Vienna_Gambit_with_Max_Lange_Defense_Steinitz_Gambit,
00jd8,4b2k/R7/p4q2/2P1r2p/3QP1pP/1B6/P5p1/6KR w - - 0 36,h1h2 f6f1,958,87,76,56,mate mateIn1 middlegame oneMove,https://lichess.org/aHbfNMOT#71,,
00jdm,r3r1k1/ppp2ppN/3p4/2bq1b1Q/3p4/3B1P2/PPP4P/R1B3K1 b - - 2 22,g7g6 h7f6 g8g7 h5h4 e8h8 h4h8 a8h8 f6d5 f5d3 c2d3,2708,95,95,487,advantage fork middlegame veryLong,https://lichess.org/6snrVDus/black#44,,
00jgd,5Q2/8/8/8/pn6/k6r/8/2K5 w - - 2 83,f8d6 h3c3 c1d2 c3d3 d6d3 b4d3,1791,75,94,3986,crushing endgame exposedKing fork long,https://lichess.org/8DDrygoE#165,,
00jhH,r7/2p1kp2/3p1np1/1p2p1N1/4P3/2PP2P1/1P2Q1PK/8 w - - 4 29,e2f2 f6g4 h2g1 g4f2,913,77,100,256,crushing endgame fork short,https://lichess.org/AXtraot9#57,,
00jmD,8/1pp5/8/PP4p1/3k1pP1/8/1bbBB3/5K2 b - - 2 41,c2d3 e2d3 d4d3 d2e1 d3c4 a5a6 b7a6 b5a6 b2d4 e1f2,2933,99,98,458,bishopEndgame crushing endgame quietMove veryLong,https://lichess.org/KmRwxrg3/black#82,,
00jmi,r3k2r/pp2bpp1/2pqnnp1/3pN1B1/3P2PP/2N5/PPP1QP2/2K1R2R b kq - 2 15,e6g5 h4g5 h8h1 e1h1,1344,110,26,22,advantage middlegame short,https://lichess.org/9QAXaeaN/black#30,French_Defense French_Defense_Knight_Variation,
00jwH,3k1Q2/3q4/7p/4b3/6Pp/7K/6B1/8 b - - 2 47,d8c7 f8c5 c7d8 c5e5,1025,109,100,16,crushing endgame fork short,https://lichess.org/kGDvRfEl/black#94,,
00k2Z,5rk1/8/8/p1pR4/P1Pb4/1P1p2P1/6P1/1R3K2 w - - 3 38,f1e1 d4c3 e1d1 f8f1,1509,76,95,1846,endgame mate mateIn2 short,https://lichess.org/VixyagD2#75,,
00k4u,r2b2r1/p2P1p2/1pNQ1p1k/6qp/5R2/P2B3P/1P3PP1/6K1 w - - 2 28,c6d8 g5g2,863,130,81,49,kingsideAttack master mate mateIn1 middlegame oneMove,https://lichess.org/wDp8QswW#55,,
00k5U,6k1/pp6/3br2p/6pq/3R2R1/1P5P/P1P2KQ1/8 w - - 5 30,h3h4 h5f7 g2f3 e6f6 f3f6 f7f6,2362,78,90,351,advantage endgame long pin,https://lichess.org/PUiK4OHl#59,,
00k6k,r2q1rk1/p1p1bpp1/2p1bn1p/8/2Pp3B/1PNBPP2/P5PP/R2Q1RK1 w - - 0 14,e3d4 d8d4 h4f2 d4c3,1028,79,84,199,advantage fork opening short,https://lichess.org/JsKisVgT#27,English_Opening English_Opening_Kings_English_Variation,
00k9P,7k/pb3Bpp/1p6/2b2p2/3q4/P1Nn3P/1P1Q1PP1/3R2K1 w - - 5 27,c3a4 d4e4 d2g5 c5f2 g1h1 f2h4,2351,81,61,128,advantage discoveredAttack kingsideAttack long middlegame,https://lichess.org/HSJMqNzK#53,,
00kCm,2r3k1/3n1pp1/pq2r1p1/2p5/3b4/BP5P/P2N1PP1/R1Q1R1K1 w - - 0 23,a3b2 e6e1 c1e1 d4b2 d2c4 b6f6 c4b2 f6b2,1803,75,93,6417,advantage middlegame veryLong,https://lichess.org/gGz3J9oc#45,,
00kDo,8/5ppk/6qp/P1p1p3/2B4Q/1P2PbP1/5P1P/6K1 w - - 1 37,a5a6 g6b1 c4f1 f3e2 h4h3 e2a6,1868,75,87,689,advantage endgame long pin,https://lichess.org/dYy9DNqE#73,,
00kHM,3r1rk1/pp2npp1/1q2b2p/3p4/4n3/PBP2N1P/1P1N1PP1/R2Q1RK1 w - - 4 16,d2e4 d5e4 f3d4 d8d4,2106,75,93,3171,crushing middlegame short,https://lichess.org/com04Zfp#31,Caro-Kann_Defense Caro-Kann_Defense_Hillbilly_Attack,
00kQE,1rb3k1/p5pp/1p6/3R4/2B1p3/8/PP3rPP/1K5R b - - 1 26,g8h8 d5d8 f2f8 d8f8,402,123,84,972,backRankMate endgame mate mateIn2 short,https://lichess.org/X9v1Mn91/black#52,,
00kRi,2r1kb1r/p1q2ppp/2p1p3/3pPbP1/Q2P3P/2R2P2/PP1N4/R1B1K3 w Qk - 3 20,c3c6 c7c6 a4c6 c8c6,733,101,81,344,crushing middlegame short,https://lichess.org/KE2mWPfP#39,,
00kS9,4r1k1/1ppbrpp1/7p/p2P4/3q1P2/P2B1P2/1P1Q2PP/3RR2K w - - 5 26,d3h7 g8h7 e1e7 d4d2 d1d2 e8e7,1458,77,91,715,advantage hangingPiece long middlegame,https://lichess.org/EqdCxWr9#51,,
00kSx,r1bq3k/pppnp2r/5nQb/3p4/8/3B1N2/PPPP1PPP/RNB1K2R w KQ - 2 11,f3g5 d7e5 g6h6 h7h6,1912,75,83,146,advantage opening short trappedPiece,https://lichess.org/cOCnU5Ub#21,Duras_Gambit Duras_Gambit_Other_variations,
00kT1,r2q1rk1/pb2bpp1/2p1p3/4P3/2nP3p/P1PQBN1P/2B2PP1/R4RK1 b - - 5 18,c4e3 d3h7,924,77,64,103,mate mateIn1 middlegame oneMove,https://lichess.org/KBx6qbtc/black#36,Queens_Gambit_Accepted Queens_Gambit_Accepted_Other_variations,
00kWx,8/8/1p2pk2/p1p5/P1Pp2PK/1P1P4/8/8 w - - 1 42,g4g5 f6g6 h4g4 e6e5,1322,149,100,9,crushing defensiveMove endgame pawnEndgame short zugzwang,https://lichess.org/ikCxx1tP#83,,
00kXF,6rr/p1k1qp2/Ppn1p3/3pP1b1/QP1n1NNp/3P3P/3B2PK/1R2R3 b - - 2 32,c7b8 b4b5 g5f4 d2f4 g8g4 h3g4,1821,74,88,1354,crushing long middlegame,https://lichess.org/y2IIeAMQ/black#64,,
00kZF,r3r3/1p1n2pk/2p1pq1p/2P5/1p2R3/P2Q1N1P/5PP1/R5K1 b - - 1 24,f6a1 e4e1 h7h8 e1a1,1307,80,91,2518,crushing discoveredAttack discoveredCheck middlegame short,https://lichess.org/7skMhb04/black#48,,
00kZO,3Q4/4rRbk/p1qp2p1/1p2r2p/2p1P1bP/6N1/PP4P1/1B3R1K b - - 11 37,c6d7 d8f8 e7f7 f1f7 d7f7 f8f7,2174,87,89,177,advantage long middlegame pin,https://lichess.org/8DbGNqW8/black#74,,
00kdd,7r/1p3p2/p1n2p2/3kpN1P/1PR5/P2P1P2/1K5P/8 b - - 0 29,h8h5 c4c5 d5e6 f5g7,1373,109,62,19,advantage endgame master short,https://lichess.org/GmwzgjE0/black#58,,
00km1,1R3rk1/p2q1ppp/3bpn2/3p4/Q2P4/2N3P1/P3PP1P/2B2RK1 b - - 0 17,d7a4 b8f8 g8f8 c3a4,1397,77,78,603,crushing intermezzo middlegame short,https://lichess.org/W2y2Akcv/black#34,Queens_Gambit_Declined Queens_Gambit_Declined_Marshall_Defense,
00ko8,6k1/5ppp/pp6/3q4/P2R2Q1/8/1Pr1r1PP/5R1K b - - 3 26,h7h5 g4e2 c2e2 d4d5,1706,78,83,74,advantage endgame master short,https://lichess.org/hUVak5e1/black#52,,
00kq8,5Qk1/2R2pp1/7p/q2p4/2n5/7P/4RPP1/6K1 b - - 0 34,g8f8 c7c8 a5d8 c8d8,768,80,100,64,endgame mate mateIn2 short,https://lichess.org/e2Z8xhZe/black#68,,
00kud,r3r1k1/7p/p2qP1p1/1pRp1p2/8/1P2Q2P/PB3PP1/7K b - - 0 32,d6e6 e3d4 e6e5 d4e5 e8e5 b2e5,1573,131,82,23,advantage endgame long,https://lichess.org/rRLLo0ej/black#64,,
00kyA,k2r3r/pp6/6R1/3P2Pp/2P2B1n/P1N4q/1P3P2/R2Q2K1 w - - 1 24,d1f1 h4f3,1060,78,70,106,mate mateIn1 middlegame oneMove,https://lichess.org/IwZQoemw#47,,
00l0K,2b5/2p2p2/k7/1qQ1P3/1p6/1N3P2/1PP5/2K5 w - - 3 38,c5c7 b5f1 c1d2 f1f2 d2d3 c8f5 d3c4 f2c2 c4b4 c2c7,1654,74,60,189,crushing deflection endgame skewer veryLong,https://lichess.org/MeKa7kj3#75,,
00l1z,8/8/2p5/7R/2B4P/KP2knp1/P1P5/8 w - - 0 45,h5g5 f3g5 h4g5 g3g2,1278,77,75,489,advancedPawn advantage endgame master short,https://lichess.org/rxdwGjw0#89,,
00l3p,3q4/1p6/p4N2/5QPk/4Pn2/2P4r/1P3K2/8 b - - 4 40,h5h4 f5f4,977,76,95,298,endgame hangingPiece mate mateIn1 oneMove,https://lichess.org/Lttk18Li/black#80,,
00l68,3k2Q1/q7/3pB1p1/2pP1p2/2P2P2/rp2PK1P/8/8 b - - 2 37,d8c7 g8c8 c7b6 c8c6 b6a5 c6b5,1382,76,96,15945,endgame long mate mateIn3,https://lichess.org/jJLdwY9R/black#74,,
00l7Y,r1b2q2/p3p1bk/2p3p1/3pn2p/8/2NB3P/PPPBQ1P1/5RK1 b - - 1 17,f8d8 e2h5 h7g8 d3g6 e5g6 h5g6,1522,74,95,9949,advantage deflection long middlegame pin,https://lichess.org/8zmb6Ot6/black#34,Sicilian_Defense Sicilian_Defense_Open,
00lA1,r3k2r/ppp3Np/3p2pB/2b1p3/2B1P3/2NP3q/PPP2P2/R2R2K1 b - - 3 17,e8d8 h6g5 d8d7 c4e6 h3e6 g7e6,1682,75,96,6803,advantage fork long middlegame,https://lichess.org/UXSJkHbF/black#34,Four_Knights_Game Four_Knights_Game_Spanish_Variation,
00lG8,1r2b1k1/5ppp/1r2p3/2Q5/p3P3/5P2/P1P3PP/2KR4 w - - 5 26,d1d8 b6b1 c1d2 b8d8,1260,76,73,191,advantage endgame short,https://lichess.org/5GuRg1Gx#51,,
00lHu,8/p7/6P1/4p3/R4pK1/1r2k2P/8/8 b - - 0 47,f4f3 g6g7 b3b8 a4a3,1826,76,94,7963,advancedPawn crushing endgame rookEndgame short,https://lichess.org/kX9fNCdN/black#94,,
00lIV,r2qr1k1/pb2bppp/2p2n2/3pN1B1/2P5/4P3/PPQ2PPP/3RKB1R w K - 3 13,f1e2 e7b4 e1f1 e8e5,1738,75,94,4279,crushing discoveredAttack middlegame short,https://lichess.org/6IHxFPRp#25,Queens_Gambit_Declined Queens_Gambit_Declined_Normal_Defense,
00lJm,5r1k/ppp1nBp1/3pN3/7p/3P3P/2P2RK1/PP3QP1/1q5r b - - 6 26,f8f7 f3f7 b1d3 f2f3,2032,84,90,1932,advantage hangingPiece middlegame short,https://lichess.org/iXsE09XZ/black#52,,
00lL3,Qr5k/5pp1/5N1p/4q3/4P3/8/7P/6RK w - - 6 36,g1a1 g7f6 a8b8 e5b8,1759,75,84,83,crushing endgame hangingPiece short,https://lichess.org/QUlxxlTc#71,,
00lMW,2r4k/p4qpp/1p2R3/2p3Q1/8/7P/PB3PP1/6K1 b - - 0 29,f7e6 g5g7,668,105,94,175,endgame mate mateIn1 oneMove,https://lichess.org/nd9PhkFp/black#58,,
00lPH,5r1k/ppp3pp/1bp2rq1/4B3/Q1BP4/2P4b/PP1N2PK/4R2R w - - 0 21,e5g3 h3g2 h1f1 g2f1,2090,84,63,46,crushing middlegame short,https://lichess.org/IO95HyLK#41,,
00lPy,r7/3R1pkp/2p1p1p1/3bB3/1r6/2R4P/5PP1/6K1 b - - 1 24,g7f8 e5d6 f8g7 d6b4 a8a1 g1h2,1261,78,74,139,advantage endgame fork long,https://lichess.org/yjElTdKc/black#48,,
00lRC,8/3k1p1p/8/3Pp3/4K3/3P2P1/1pB4P/b7 b - - 1 36,d7d6 c2b1 f7f5 e4f5,2101,77,91,486,bishopEndgame crushing endgame quietMove short,https://lichess.org/TLhjLF8g/black#72,,
00lUJ,8/4k3/5pK1/1p2p2P/2p2b2/5P2/1PB5/8 b - - 3 34,e7e6 h5h6 f4h6 g6h6,1952,76,87,410,bishopEndgame crushing endgame short,https://lichess.org/1ROfM0IO/black#68,,
00lY4,2R3k1/rb3ppp/pn2p3/4P3/1P1P1P2/P4B2/6PP/5RK1 b - - 0 23,b6c8 f1c1 c8b6 c1c7 b7f3 c7a7,1816,75,80,201,advantage endgame long,https://lichess.org/maqTkdnt/black#46,,
00lap,8/8/2k3P1/R7/P2p2rp/3K4/8/8 b - - 0 45,g4g6 a5a6 c6d7 a6g6,945,86,96,289,crushing endgame master rookEndgame short skewer,https://lichess.org/vMSyus5U/black#90,,
00ldC,3r1r2/pp3pk1/2p1pRp1/6Qp/2P5/P7/1q4PP/5R1K b - - 1 31,d8d2 f6g6 f7g6 g5e7 g7h6 e7f8 b2g7 f8f4 h6h7 f4d2,1745,74,97,2960,advantage clearance deflection endgame fork sacrifice veryLong,https://lichess.org/xdFXCpYF/black#62,,
00lex,8/8/1p6/p1p2kPp/P6P/5K2/8/8 b - - 2 43,b6b5 a4b5 a5a4 b5b6 a4a3 b6b7 a3a2 b7b8q a2a1q b8c8 f5g6 c8g8,2386,75,96,700,advancedPawn crushing endgame pawnEndgame promotion veryLong,https://lichess.org/IQdBiegF/black#86,,
00lhJ,3q3k/3n4/3PQ2p/p3P1r1/P1P4b/2N1p2P/1r6/R5RK b - - 1 32,d7e5 e6h6 h8g8 h6h4 b2h2 h1h2 e5f3 h2h1 f3h4 g1g5,2446,79,84,180,crushing fork middlegame veryLong,https://lichess.org/kllp2DcO/black#64,,
00lhe,r2q1b1k/ppp3Bp/3pPp2/2n1n3/4P2P/1B3P2/PPP3Q1/2K3RR b - - 0 23,f8g7 g2g7,445,101,100,268,kingsideAttack mate mateIn1 middlegame oneMove,https://lichess.org/Yx9AyNPB/black#46,,
00liA,8/3K4/2r5/6k1/6p1/6Pp/3R3P/8 b - - 2 54,c6a6 d2d5 g5g6 d5d6 a6d6 d7d6 g6f6 d6d5 f6f5 d5d4,925,90,53,42,crushing defensiveMove endgame rookEndgame veryLong,https://lichess.org/s4AcDFcp/black#108,,
00lio,r3k3/1p4R1/3pQ3/pP2p3/4q3/4Pr2/8/7K b - - 4 38,e8f8 e6g8,1086,76,95,672,endgame mate mateIn1 oneMove,https://lichess.org/e6khkz6u/black#76,,
00lo9,6r1/4p3/3p1kp1/2pP1n2/1p2pRP1/1P6/4RP1P/6K1 w - - 0 40,g4f5 g6f5 g1f1 f6g5 e2e4 f5e4,1981,81,84,42,advantage discoveredAttack discoveredCheck endgame long rookEndgame,https://lichess.org/2AMC2bmO#79,,
00lsn,rnb1r2k/ppp2Qb1/2qpN3/8/3P3P/2P5/PP3P2/RN2K1R1 b Q - 0 18,c6e4 e1d1 e8e7 f7e7,2169,80,86,75,crushing defensiveMove middlegame short,https://lichess.org/Sb8oEHsM/black#36,Indian_Defense Indian_Defense_Other_variations,
00luA,r2q1rk1/1b3pp1/p3p3/3n2b1/1pnN1P2/3Q4/PPP1NB2/1K1R1B1R b - - 2 20,d5f4 d3h7,745,81,89,149,master mate mateIn1 middlegame oneMove,https://lichess.org/hCM9r8D2/black#40,,
00luO,2r2rk1/p4pp1/1p2p2p/4N3/q2P2PP/P7/1PnQ1P2/1K1R2R1 w - - 1 26,g4g5 a4b3 g1g3 c2a3 b1a1 a3c2,2173,77,84,106,crushing long master middlegame pin queensideAttack,https://lichess.org/O9HXyn6b#51,,
00lvP,6k1/p4pp1/1p3q1p/2p1R3/2Q5/2P2N1P/P1P2PPK/2r5 w - - 4 24,c4a6 f6f4 g2g3 f4f3 e5e8 g8h7 a6d3 f3d3,1564,77,94,1088,advantage deflection endgame veryLong,https://lichess.org/Krxft80K#47,,
00lvf,4rbk1/pp1qr1p1/2pN3p/4P2b/3P4/6Q1/PP3RPP/5RK1 w - - 0 30,d6e8 e7e8 g3b3 d7d5 b3d5 c6d5,2130,85,91,285,advantage long middlegame,https://lichess.org/K3wOnVJy#59,,
00m47,rn1r2k1/pp2qppp/4pn2/6B1/2B1b2N/8/PPP1QPPP/2KR3R b - - 7 15,e4c6 h4f5 d8d1 h1d1,1913,75,88,196,crushing middlegame short,https://lichess.org/NdpM8N8n/black#30,Scandinavian_Defense Scandinavian_Defense_Main_Line,
00m5H,8/1p5p/6p1/2P2k2/1P6/P3qp1Q/8/5K2 b - - 5 43,f5e4 h3e6 e4d4 e6e3 d4e3 b4b5 g6g5 c5c6,1515,75,97,4243,crushing endgame master queenEndgame quietMove veryLong,https://lichess.org/P8apABHK/black#86,,
00m6L,8/8/k6p/p4p1P/p1p1pP2/K1P1P3/1P6/8 w - - 1 49,a3a4 a6b6 a4a3 b6b5 a3a2 b5a4,1370,77,94,4287,crushing defensiveMove endgame long pawnEndgame zugzwang,https://lichess.org/q1f1ucic#97,,
00mAw,8/2p3p1/2p2k2/6p1/P5P1/3P1K1p/2P5/8 b - - 0 42,f6e5 a4a5 e5e6 a5a6 h3h2 f3g2,1683,75,100,424,endgame,https://lichess.org/m9mYwFoA/black#84,,
00mF3,1r6/6k1/b2p1p2/2qP1Pp1/1pP1P1P1/3Q4/3BK3/7R w - - 4 38,d3h3 c5c4 e2f2 c4e2 f2g1 e2d1,2062,74,94,2337,crushing endgame exposedKing fork long,https://lichess.org/MmowlWby#75,,
00mFI,4r2k/2q1r3/2p4Q/p5P1/1p1Pp1P1/2P1N2P/PP6/4bRK1 b - - 0 28,e7h7 f1f8 e8f8 h6f8,1270,81,93,4546,kingsideAttack mate mateIn2 middlegame short,https://lichess.org/kiOTTNFh/black#56,,
00mJY,r1k1R3/pppr1B2/5p1p/8/8/8/PPP2PPP/2K5 b - - 1 20,d7d8 f7e6 c8b8 e8d8,1046,78,59,117,backRankMate deflection endgame mate mateIn2 short,https://lichess.org/tpq9s5i4/black#40,,
00mJq,r1b5/pp1nkpr1/2q1p3/8/8/3B4/P1P1NPPP/R2Q1RK1 w - - 3 18,e2d4 c6g2,696,112,97,408,kingsideAttack mate mateIn1 middlegame oneMove,https://lichess.org/qGtdon3N#35,Scandinavian_Defense Scandinavian_Defense_Mieses-Kotroc_Variation,
00mLm,4Q1nk/p5bp/3P2p1/4p3/4Pq2/1B5P/6P1/7K b - - 2 35,g7h6 e8g8,640,80,100,133,endgame mate mateIn1 oneMove,https://lichess.org/dfm56Es7/black#70,,
00mLw,r5k1/p5pp/1p2b2r/3p4/2pQ1P1q/2P1P2P/P1P1B1P1/R5K1 b - - 0 25,e6h3 d4d5 h3e6 d5a8,1193,78,82,168,advantage fork middlegame short,https://lichess.org/b5bclKA7/black#50,,
00mNT,8/2q2p1p/R2bpkp1/2p5/4pP2/3r3P/1Q4P1/R5K1 b - - 3 38,f6f5 a6a7 d3d1 a1d1,2759,119,90,737,crushing endgame short,https://lichess.org/oxSgw2VP/black#76,,
00mRr,8/2Q2kpp/1p1p2r1/1PnN4/2P1n3/6P1/1r3PK1/8 b - - 6 41,f7e6 c7e7 e6f5 d5e3,1830,79,95,17020,endgame master mate mateIn2 short,https://lichess.org/0dpg8xr1/black#82,,
00mST,r4r2/ppk4p/n2N2p1/2p5/4Pb2/2P4P/PP2B2R/1K1R4 w - - 0 25,e4e5 f4h2 d6b5 c7b6 d1d6 b6a5 b5a3 f8f4,2494,77,61,103,crushing defensiveMove hangingPiece middlegame veryLong,https://lichess.org/TnR9jLpy#49,,
00mY4,r1r3k1/1pB1pp1p/6p1/1p1Pn3/1R6/1P4PP/P1R2P2/6K1 w - - 5 29,b4b5 e5f3 g1f1 f3d4,1431,79,93,119,advantage endgame master masterVsMaster short,https://lichess.org/94FLTKoW#57,,
00mca,1Q5r/p3nkpp/3p2q1/3P4/4P3/B1r2B1b/P4PPP/R4RK1 w - - 2 20,b8h8 c3f3 g2g3 f3a3,2242,78,86,328,crushing middlegame pin short,https://lichess.org/EIg6vKLO#39,,
00mg9,1r1r3k/2q1b1pp/p7/3Q2pP/3B4/Pp6/1P3P2/1K1N2RR w - - 1 28,d5e5 c7c2 b1a1 c2c1,1467,75,73,127,mate mateIn2 middlegame queensideAttack short,https://lichess.org/LvqtEXMe#55,,
00mmI,8/5p2/7k/5K1P/5P2/6R1/8/5r2 b - - 4 49,h6h5 g3h3,1259,75,100,443,endgame,https://lichess.org/flZyNmmd/black#98,,
00mnZ,8/p5k1/1pp2pp1/4Pp1p/5P1P/2P3P1/PP4K1/8 b - - 0 35,f6e5 f4e5 g7f7 g2f3 f7e6 f3f4,1050,77,90,399,advantage endgame long pawnEndgame,https://lichess.org/IcNWHIbW/black#70,,
00moS,r4rk1/p1p2p1p/1p2p1p1/2n1q3/8/P1B1PQP1/1P3P1P/2R2RK1 b - - 3 18,e5e4 f3f6 e6e5 c3e5 e4e5 f6e5,1407,79,91,1629,crushing long middlegame,https://lichess.org/9Ts2Ey6N/black#36,English_Defense English_Defense_Other_variations,
00mvP,r1b2k1r/pppp2pp/5q2/4n3/2Bp4/8/PPP2PPP/RN1QR1K1 w - - 2 13,d1d4 e5f3 g2f3 f6d4,1156,76,83,345,advantage discoveredAttack middlegame short,https://lichess.org/yHPzjZSy#25,Italian_Game Italian_Game_Scotch_Gambit,
00mvr,7r/ppp1Nk1p/2n5/8/8/2P2pP1/P6P/R1Br1BK1 b - - 0 20,f7e7 c1g5 e7e6 a1d1,789,86,99,1398,crushing discoveredAttack endgame master short,https://lichess.org/R3FdESiy/black#40,,
00n3G,1k4r1/7p/1p4r1/pPp1qp2/P1Pp1R2/3Q2NP/2P4K/5R2 w - - 4 32,f1f3 g6g3 f3g3 e5f4,1120,79,93,1925,advantage deflection middlegame pin short,https://lichess.org/7me09or0#63,,
00n6z,r2Rrk1q/p3Np2/1pp5/8/P1Q1P1pP/2P2P2/1P3bP1/3R3K w - - 5 34,d8a8 h8h4,1188,77,83,199,kingsideAttack mate mateIn1 middlegame oneMove,https://lichess.org/WrP84lz1#67,,
00n76,8/8/7p/1P1R3P/8/2k5/3p3r/3K4 w - - 3 49,b5b6 h2h1 d1e2 h1e1,1635,79,94,8396,crushing endgame rookEndgame short,https://lichess.org/1pRVU0YT#97,,
00n8z,6rk/pq3p1p/1p3RrB/1Pp1p3/2PnP2Q/P5P1/6KP/1R6 w - - 2 28,b1f1 g6g4 h4g4 g8g4 f6f7 b7e4,1828,109,50,16,capturingDefender crushing long middlegame,https://lichess.org/AbPN5mb0#55,,
00n9d,8/8/p5p1/1p3P1p/4K2P/k3P3/8/8 b - - 0 56,b5b4 f5f6 b4b3 f6f7 a3a2 f7f8q,1871,77,100,465,endgame,https://lichess.org/SUDR38Yd/black#112,,
00nAo,8/p2k4/2p5/8/Q7/2B2p2/PP1K1q2/8 w - - 0 40,d2d3 f2e2 d3d4 f3f2 a4a7 d7e6,1909,81,92,204,advancedPawn crushing defensiveMove endgame long,https://lichess.org/r4wGrlgZ#79,,
00nCq,r3k2r/ppp2p1p/3b1p2/4p3/8/2PB4/bPPQ1PPP/2KR3R w kq - 0 14,b2b3 d6a3,992,134,62,165,doubleBishopMate mate mateIn1 middlegame oneMove,https://lichess.org/Y1Y1rJPD#27,Petrovs_Defense Petrovs_Defense_Nimzowitsch_Attack,
00nFD,r4rk1/p1q2pb1/2p1b1pp/3np3/2B1N2P/4BP2/PPP3P1/2KRQ2R w - - 0 16,g2g4 d5e3 c4e6 e3d1,1303,77,94,5056,advantage master middlegame short,https://lichess.org/FeP6qhNK#31,Sicilian_Defense Sicilian_Defense_Dragon_Variation,
00nHy,r2q1rk1/p4pbp/1pp1p1p1/4n3/2PpN3/1P4P1/PB2PP1P/1R1Q1RK1 w - - 0 16,d1d4 e5f3 e2f3 g7d4,1283,77,87,877,crushing discoveredAttack middlegame short,https://lichess.org/nKLwXxuX#31,English_Opening English_Opening_Anglo-Indian_Defense,
00nNa,8/2k3pp/4p3/1R3p2/1Pr2K1P/6P1/5P2/8 w - - 7 37,f4e5 c4e4,1269,98,71,111,endgame mate mateIn1 oneMove rookEndgame,https://lichess.org/WsRWmvEZ#73,,
00nQp,r5k1/pp1qrppp/2nb1n2/6N1/3P1p2/2P5/PPQN2PP/R1B2RK1 w - - 4 15,d2e4 f6e4 c2e4 e7e4,1166,82,93,16050,crushing middlegame short,https://lichess.org/M8VH9NaD#29,Kings_Gambit_Accepted Kings_Gambit_Accepted_Cunningham_Defense,
00nS6,r4rk1/5ppp/p1p2b2/3q1b2/8/5N1P/PP2QPP1/R1B1R1K1 b - - 1 19,f8e8 e2e8 a8e8 e1e8,435,109,87,623,backRankMate mate mateIn2 middlegame short,https://lichess.org/yDIcwjff/black#38,Four_Knights_Game Four_Knights_Game_Spanish_Variation,
00nUh,5rk1/p4pp1/1p4rp/2p1P3/3p1P2/P2PnP2/2P2R1P/2B1R2K b - - 4 25,e3g2 f2g2 g6g2 h1g2,1698,164,0,11,advantage endgame short,https://lichess.org/8xUXz45H/black#50,,
00nZE,r1b1r1k1/pp1p1p1Q/2n2Bp1/2p1qp2/2B1P3/3P1R2/PPP3PP/R5K1 b - - 0 16,g8h7 f3h3 h7g8 h3h8,1052,80,93,2348,mate mateIn2 middlegame operaMate short,https://lichess.org/E33kjLxE/black#32,Sicilian_Defense Sicilian_Defense_Grand_Prix_Attack,
00ndv,r1bq1rBk/pp2npp1/4p3/3p4/3P2n1/2P2NP1/PPQN1PP1/R3K2R b KQ - 2 13,h8g8 c2h7,762,104,86,50,mate mateIn1 middlegame oneMove,https://lichess.org/CAhN6VbK/black#26,Queens_Pawn_Game Queens_Pawn_Game_London_System,
00neh,8/7p/1P1n4/7P/4p3/8/2pBK3/1k6 b - - 1 47,d6c4 b6b7 c2c1q d2c1,1299,80,94,148,advancedPawn crushing endgame master short,https://lichess.org/JKaqBW90/black#94,,
00nh0,8/8/8/4R1kp/4p3/4r2P/6PK/8 b - - 1 50,g5h4 g2g3 e3g3 e5e4 h4g5 h2g3,1583,76,60,105,crushing deflection endgame long rookEndgame,https://lichess.org/N8kLeymk/black#100,,
00niA,6n1/6P1/6N1/8/1p6/1k5P/5K2/8 w - - 3 58,h3h4 b3c3 h4h5 b4b3 g6e5 b3b2,2283,85,90,118,advancedPawn crushing endgame knightEndgame long,https://lichess.org/sMnyoWHK#115,,
00nji,3R2k1/5pp1/2b4p/2b5/p1P5/P4P1P/6P1/5K2 b - - 4 36,g8h7 d8c8 c5a3 c8c6,1142,80,91,1074,advantage endgame short,https://lichess.org/ZaRB691n/black#72,,
00nl3,6R1/1p4p1/p1k4p/3p4/PP2p1P1/2b1P3/6K1/8 b - - 2 37,b7b5 g8c8 c6b7 c8c3,820,79,89,274,advantage endgame master short skewer,https://lichess.org/WVBshO34/black#74,,
00nlD,1r2r3/pp3pk1/2pp2p1/1P2p2p/2P1N1nq/3PP3/P2Q1PB1/1R3RK1 w - - 0 23,e4g3 h4h2,940,99,92,459,master mate mateIn1 middlegame oneMove,https://lichess.org/gFXDvLri#45,,
00noA,8/1b4p1/p3p1Pr/1p1p4/3N4/2PB4/PP3k1r/1K3R2 b - - 20 41,f2e3 f1f3 e3d2 d4b3 d2e1 f3f1,1459,76,97,7462,endgame long mate mateIn3 operaMate,https://lichess.org/wzqiWq1O/black#82,,
00ns1,5rk1/pp5p/2p1P1p1/3pN3/5r2/2P4Q/PP4PP/R4q1K w - - 2 25,a1f1 f4f1,600,99,43,65,backRankMate endgame mate mateIn1 oneMove,https://lichess.org/9IfhjtAA#49,,
00nsa,6k1/1p1R3p/pB4p1/P3bpK1/4r2P/6P1/2P2P2/8 w - - 3 34,b6c5 e4g4 g5h6 g4h4 g3h4 e5f4,2207,76,94,1162,deflection endgame long mate mateIn3 sacrifice,https://lichess.org/5vB71xSl#67,,
00nxI,r3kbnr/p2n2pp/2pp2q1/4P2b/2P1Pp2/P1N2N1P/4BP1R/1RBQK3 b kq - 0 21,d7e5 f3e5 g6g1 e1d2 g1d1 e2d1,1948,75,86,750,advantage long middlegame,https://lichess.org/37X7my2n/black#42,,
00o3m,2r2r2/1b4pk/p4q1p/2p2p1Q/4pP2/2P1R2N/PP4PP/2R3K1 b - - 4 32,f6g6 h3g5 g6g5 f4g5,1518,78,88,60,crushing middlegame pin short,https://lichess.org/kWotu96y/black#64,,
00o5f,4r3/2R3pk/1n2p2p/p6N/6PP/8/P7/6K1 b - - 0 40,e8g8 h5f6 h7h8 f6g8,1252,77,80,315,advantage endgame pin short,https://lichess.org/dsUoBkKG/black#80,,
00o7c,2r3k1/p4ppp/1pb1pq2/1P6/2Q1PP2/6P1/P5BP/2R3K1 b - - 0 24,c6b7 c4c8 b7c8 c1c8 f6d8 c8d8,438,107,87,1041,backRankMate endgame long mate mateIn3,https://lichess.org/3D9Cq2HT/black#48,,
00o9U,r1b2r2/pp2bpkp/1qn1p2p/3pP3/3P4/5N2/PP1QBPPP/R3KN1R w KQ - 6 12,f1g3 e7b4 e1c1 b4d2,1137,83,65,40,crushing master middlegame pin short,https://lichess.org/0UQd6mHW#23,French_Defense French_Defense_Advance_Variation,
00oGl,4rbk1/ppq2rpp/2p2n2/8/8/1Q2B1N1/PPP2PPP/R3R1K1 w - - 5 18,e3a7 e8e1 a1e1 c7a5 e1e2 a5a7,1808,75,94,3180,advantage fork long master middlegame,https://lichess.org/mIp5Gez1#35,Caro-Kann_Defense Caro-Kann_Defense_Karpov_Variation,
00oNP,6k1/2r5/4p3/p2pb1pP/R5P1/1P6/PP3r2/1K2R3 w - - 0 29,e1e5 f2f1 e5e1 f1e1,702,82,100,73,endgame mate mateIn2 rookEndgame short,https://lichess.org/ko1A0ZH7#57,,
00oOp,5rk1/p3ppbp/bq3np1/3p4/3P4/1BN2Q2/PrPB1PPP/R3K2R w KQ - 4 15,c3d5 f6d5 f3d5 g7d4,2231,82,90,862,crushing discoveredAttack middlegame short,https://lichess.org/hkM4TRId#29,Caro-Kann_Defense Caro-Kann_Defense_Other_variations,
00oQO,5rk1/1p4pp/p7/3R1N2/4rn2/6KP/PPR2PP1/8 w - - 1 34,d5d4 f4e2 c2e2 e4e2,1572,76,95,7646,crushing endgame fork master short,https://lichess.org/Gv6O3qzw#67,,
00oSB,8/8/p1p5/1pKp3k/3P2p1/P1Q3P1/1Pq5/8 b - - 21 59,c2c3 b2c3 h5g6 c5c6,1186,78,86,139,crushing endgame short,https://lichess.org/tpQXCjFQ/black#118,,
00oXF,3r1rk1/1p3p1p/p1q1b1p1/4P2P/2p2P2/P5R1/2Q1B1P1/3R2K1 b - - 1 25,e6f5 c2f5 d8d1 e2d1,1661,74,92,1736,crushing middlegame pin short,https://lichess.org/UNhxKWVR/black#50,,
00oYS,4K3/4P1k1/8/8/8/8/2p1R3/2r5 w - - 10 59,e8d7 c1d1 d7e6 c2c1q,1043,78,95,789,advancedPawn clearance crushing endgame master promotion rookEndgame short,https://lichess.org/poyLvn1d#117,,
00oai,r1b2kn1/pppp2p1/2n2p2/2b1p2Q/2B1q3/4N2N/PPPPK2P/R1B5 b - - 1 13,c5e3 h5f7,1113,123,79,43,mate mateIn1 middlegame oneMove,https://lichess.org/Y9kQ2Oja/black#26,Vienna_Game Vienna_Game_Stanley_Variation,
00ob0,r4rk1/4qp2/p2p2np/1p3b1Q/2p1P3/2P5/PPB3PP/RN2R1K1 b - - 0 20,e7h4 h5h4 g6h4 e4f5,1744,76,82,66,crushing middlegame short,https://lichess.org/ExMdF7mp/black#40,,
00ocD,8/8/8/4p3/4Nk1p/1R3P1P/6PK/r3b3 w - - 14 48,b3b8 e1g3 e4g3 h4g3,959,88,96,179,endgame mate mateIn2 short,https://lichess.org/VSRjvXv3#95,,
00ofO,8/5kpp/2p2p2/P1Bpn3/1P6/7P/r4PP1/4R1K1 b - - 2 31,f7e6 f2f4 e6f5 f4e5,1487,75,92,4659,crushing endgame short,https://lichess.org/Xbq1CCD6/black#62,,
00ogc,1r4k1/5p2/4p1pp/3p4/3P4/q1P3P1/PrRQRP1P/6K1 b - - 11 27,a3a2 c2b2 b8b2 d2b2,880,89,95,1013,crushing endgame short,https://lichess.org/rlxeM6QT/black#54,,
00ohT,6rk/3R3p/4P2r/1p3p2/p7/P1P5/1P3RpK/4Q3 w - - 1 42,h2g1 h6h1,611,92,70,170,endgame master mate mateIn1 oneMove queenRookEndgame,https://lichess.org/oJJZtqYa#83,,
00onZ,3r4/ppq3kp/2p1Qpp1/2P1b3/1P1rRp2/P4P1P/2B3P1/4R1K1 b - - 6 31,c7d7 e4e5 f6e5 e6e5 g7g8 c2b3,1879,76,72,572,advantage long middlegame,https://lichess.org/GKpRcTKl/black#62,,
00ooZ,8/p4ppp/1ppk4/5P2/1PR3PP/3K1n2/P7/8 w - - 1 38,h4h5 f3e5 d3c3 e5c4,875,80,91,202,advantage endgame fork short,https://lichess.org/PY0JeECx#75,,
00ouE,2r5/2r3k1/1p2pp1p/p2pQ1p1/3P4/4P1P1/PPq2P1R/KR6 w - - 0 30,e5e6 c2b1 a1b1 c7c1,1345,74,97,7256,attraction endgame mate mateIn2 sacrifice short,https://lichess.org/ZjaFn424#59,,
00ouR,5rk1/5ppp/P2p4/3P3n/P3P3/b4P2/B3N1PP/1R4K1 w - - 2 27,b1b6 a3c5 g1f1 c5b6,908,85,38,49,advantage endgame fork short,https://lichess.org/pNbGlxRb#53,,
00oxX,r2q1rk1/1R1b1pp1/2n2n1p/3p1B2/2pP1B2/5N2/2Q2PPP/1R4K1 b - - 4 22,d8c8 f5d7 f6d7 b7c7,2198,76,94,167,advantage middlegame short,https://lichess.org/PRVGHACq/black#44,,
00p5I,2r4r/1b4k1/2q1p1p1/2p5/1p1pR1QP/pP1P1PP1/P1P5/4R1K1 b - - 0 30,h8h6 e4e6 c6f3 e6e7 g7f8 e1f1 f3f1 g1f1 f8e7 g4g5 e7d7 g5h6,2044,75,94,13070,advantage fork master masterVsMaster middlegame pin veryLong,https://lichess.org/GErJ3bwZ/black#60,,
00p7R,2r3k1/R1r2qp1/4p2p/3p1p2/3P4/2P3QP/5PP1/R5K1 w - - 7 35,a1a6 c7a7 a6a7 f7a7,1245,77,76,411,crushing endgame master short,https://lichess.org/IblxSC2D#69,,
00p93,1k1r1b1r/n1p3p1/p5p1/1pn1P3/P2B2Pq/2P2Q1P/1PB1K3/R6R b - - 0 24,c5e6 d4a7 b8a7 a4b5 d8d2 e2d2,1852,74,94,13643,crushing long middlegame pin queensideAttack,https://lichess.org/TAw4No8T/black#48,,
00pBn,7R/8/8/P5p1/5k2/1KP3r1/7p/8 b - - 1 51,g3g2 a5a6 g2e2 a6a7,1491,78,90,908,advancedPawn crushing endgame master rookEndgame short,https://lichess.org/rQFsqHTR/black#102,,
00pCr,6nk/pRQ4p/6p1/5p2/4p3/2b2nP1/q4PKP/5B2 b - - 3 31,c3d4 c7h7,735,76,100,373,master mate mateIn1 middlegame oneMove,https://lichess.org/NGOQ1yu4/black#62,,
00pDE,r3k2r/pp3p2/1qN1p2p/3p4/P7/8/1PP2bPP/R2QKB1R w KQkq - 0 17,e1d2 b6e3,971,76,100,501,mate mateIn1 middlegame oneMove,https://lichess.org/LDpVXolr#33,Queens_Pawn_Game Queens_Pawn_Game_Veresov_Attack,
00pER,r2q1rk1/4N1bp/p2p2p1/2p3N1/Pp4P1/1Q5P/1P1n1P2/5RK1 b - - 0 21,g8h8 b3g8 f8g8 g5f7,1529,86,87,8890,kingsideAttack mate mateIn2 middlegame sacrifice short smotheredMate,https://lichess.org/cQjDrt9I/black#42,,
00pEZ,2kr2r1/ppq1bbBQ/2p1p3/2npP3/8/2P2N2/PPB2PPP/R4RK1 w - - 3 21,g7f6 e7f6 e5f6 g8h8,1612,75,93,6423,advantage master middlegame short,https://lichess.org/0rpW3mrV#41,,
00pHb,r5rk/4qp1p/p4N1Q/1p2p3/3pP3/1P1P3P/1PP3P1/5RK1 b - - 2 23,g8g6 h6h7,812,77,100,925,endgame kingsideAttack master mate mateIn1 oneMove,https://lichess.org/Iot7eUOB/black#46,,
00pRN,r3r1k1/1p3p1p/p1pq2p1/3pNn2/3P2b1/1PPQ4/P1B2PPP/R3R1K1 b - - 3 27,f5g7 e5g4 e8e1 a1e1,1335,80,73,102,advantage hangingPiece middlegame short,https://lichess.org/2VmMkxXp/black#54,,
00pSv,5k2/5p1p/6p1/1p2q3/2p1p1n1/1P2P3/P1R1QPPP/6K1 w - - 0 26,e2g4 e5a1 c2c1 a1c1 g4d1 c1d1,1008,94,86,38,backRankMate endgame long mate mateIn3,https://lichess.org/AE7pbh2M#51,,
00pVS,r1b1kbnN/ppp3pp/3p4/8/8/2NP4/PPP4P/R2QKBq1 b Qq - 3 15,c8h3 d1h5 g7g6 h5h3,1293,75,93,1936,advantage fork middlegame short,https://lichess.org/l88Pda6c/black#30,Italian_Game Italian_Game_Blackburne-Kostic_Gambit,
00pWF,8/8/p3k3/1p1pP3/5P2/1P6/6K1/8 w - - 0 53,g2f3 a6a5 f3e3 a5a4 b3a4 b5a4 e3d4 a4a3 d4c3 d5d4 c3d4 a3a2,2086,75,94,2088,advancedPawn crushing endgame pawnEndgame quietMove veryLong,https://lichess.org/ToFAnFTM#105,,
00pXW,r2qr1k1/3n1pp1/p2bp2p/1p1b2NQ/5P2/3BB3/PPP3PP/R4RK1 b - - 1 17,h6g5 f4g5 f7f5 g5f6 d7f6 f1f6,2434,90,90,386,advantage enPassant long middlegame,https://lichess.org/v1UUIAn8/black#34,Sicilian_Defense Sicilian_Defense_Najdorf_Variation,
00pcf,1k1r3r/ppqn2p1/2p1p1p1/8/1B1PQ3/2P5/PP3PPP/R3K2R w KQ - 1 18,e1g1 c7h2,511,87,100,298,kingsideAttack mate mateIn1 middlegame oneMove,https://lichess.org/3LNGH65c#35,Caro-Kann_Defense Caro-Kann_Defense_Classical_Variation,
00pdW,4Q3/6pk/p7/4Pq1p/2r2P2/P5P1/1P5P/5RK1 w - - 2 36,e5e6 f5c5 f1f2 c4c2 e8h5 c5h5,2262,75,93,1711,crushing endgame long,https://lichess.org/EgxR1ng4#71,,
00piA,r3r1k1/pp3pp1/2p2q1p/3pP3/P3bP2/2P1N1P1/1P1Q1K1P/R3R3 b - - 0 23,e8e5 e3g4 f6f5 g4e5,1074,85,100,583,advantage fork middlegame short,https://lichess.org/1B30ZVJt/black#46,,
00plb,8/1p6/p1p3r1/1kP5/7R/5P1P/5K2/8 w - - 0 54,h4g4 g6g4 f3g4 b5c5,1908,76,89,698,crushing endgame rookEndgame short,https://lichess.org/5wrsvEX6#107,,
00pmn,8/P6p/6p1/1k6/3pq3/1PP5/6PP/3Q2K1 w - - 0 35,d1d4 e4e1,947,82,95,1773,endgame mate mateIn1 oneMove queenEndgame,https://lichess.org/KY5B8aXb#69,,
00pny,3r2rk/p3b2p/2n2p2/2pnNPPq/1p1p3P/3P1Q2/PPP3B1/R1B1R1K1 b - - 0 24,h5h4 e5f7 h8g7 e1e4,2619,100,82,150,crushing fork master middlegame short,https://lichess.org/dxcSKEfa/black#48,,
00pqF,4R3/R6p/Pp1q2pk/1Pp2r2/3r4/3P1p1P/2P2PK1/4Q3 w - - 0 43,g2h1 d4h4 e1e3 d6f4 e3f4 f5f4 h1g1 h4h3 e8e4 f4f5 e4g4 f5e5 g1f1 e5e2 g4g3 h3h1,2479,90,72,42,advantage defensiveMove endgame master quietMove veryLong,https://lichess.org/lQ3NULlh#85,,
00puq,4r3/1k3pbp/1pp1q3/p3Npp1/P2P2n1/2PQ4/1P3PPP/2N1R1K1 w - - 6 33,e5f3 e6e1 f3e1 e8e1 d3f1 e1f1,949,102,96,618,crushing fork long middlegame,https://lichess.org/mp138SCG#65,,
00pzK,3r4/p1P1kppp/4pn2/qB2B3/4P3/2N4P/PP3PP1/3R2K1 b - - 0 22,d8c8 e5d6,1271,250,52,41,mate mateIn1 middlegame oneMove,https://lichess.org/r94BLWu7/black#44,,
00q4p,2Q5/p4pk1/3p2pp/8/3qP3/5P2/1r4PP/3R3K w - - 2 30,d1d4 b2b1 c8c1 b1c1 d4d1 c1d1,400,117,94,655,backRankMate endgame long mate mateIn3 queenRookEndgame,https://lichess.org/a7seOg2z#59,,
00q6t,q2r2k1/5pbp/p5p1/1p6/2pP1P2/P1N1P1Pb/1P1B1R1P/1Q4K1 b - - 4 21,d8d4 e3d4 g7d4 b1e4 a8e4 c3e4,1989,75,88,207,crushing long middlegame,https://lichess.org/elTDSfzq/black#42,,
00q7B,Q6r/p1pqk1bp/3ppnp1/2n5/4P3/2N2N2/PB3PPP/R3R1K1 w - - 2 15,e4e5 h8a8 e5f6 e7f6 c3e4 f6f7 e4c5 d6c5,2483,90,80,141,advantage middlegame veryLong,https://lichess.org/Mkfu17FO#29,Danish_Gambit_Accepted Danish_Gambit_Accepted_Other_variations,
00q7m,5k2/7q/4Q3/1p6/6P1/8/6K1/8 w - - 1 62,e6f5 h7f5 g4f5 b5b4 g2f1 b4b3 f1e1 b3b2,1420,79,95,24177,advancedPawn crushing endgame queenEndgame quietMove veryLong,https://lichess.org/Upkn0VQ1#123,,
00q8C,1rb3k1/p2q2bp/2p4r/2P1p1p1/3pPp2/1P1P1P2/PB1NN1nP/1R2QRK1 w - - 0 22,g1g2 d7h3 g2g1 h3h2,829,106,95,619,mate mateIn2 middlegame short,https://lichess.org/yArItGfX#43,,
00q9l,3r1rk1/ppp3pp/3q4/3nR3/5P2/2P2Q2/PP4PP/RNB4K b - - 0 17,d6e5 f4e5 f8f3 g2f3,1160,77,79,65,advantage middlegame short,https://lichess.org/gdQWn0X7/black#34,Kings_Gambit_Declined Kings_Gambit_Declined_Falkbeer_Countergambit,
00qD8,8/1Q3Rkp/p5p1/1p2q3/2p5/P6P/1b2r1P1/7K b - - 0 37,g7h6 f7h7 h6g5 h3h4 g5f5 b7f3,1890,77,100,251,advantage endgame long,https://lichess.org/tardCB5L/black#74,,
00qFT,8/8/2B4p/3nk1p1/P3p3/7P/8/6K1 w - - 0 41,c6d5 e5d5 g1f2 h6h5 f2e3 g5g4 h3g4 h5h4 a4a5 h4h3 a5a6 d5c6 a6a7 c6b7 a7a8r b7a8,2669,88,85,268,crushing endgame quietMove veryLong,https://lichess.org/TQpdTR2b#81,,
00qHr,8/5p2/p3pkpn/N7/P4P2/3RP1K1/r4P1P/8 w - - 1 36,d3d6 h6f5 g3f3 f5d6,841,82,69,134,advantage endgame fork master short,https://lichess.org/AFnU6OzI#71,,
00qIK,r4rk1/p3b1pp/1qB1bp2/1p2p3/2p2P2/3PR1P1/PPPN3P/R1BQ2K1 w - - 1 16,c6a8 b6e3 g1g2 f8a8,1526,78,86,1039,advantage hangingPiece intermezzo middlegame short,https://lichess.org/sFoTW7Rq#31,Kings_Indian_Attack Kings_Indian_Attack_Sicilian_Variation,
00qJM,2R5/p4ppk/1p6/6Q1/8/7P/q4PPK/4r3 b - - 0 35,a2e6 g5h5 e6h6 h5f7,2085,75,88,619,crushing deflection endgame short,https://lichess.org/vYicdpKj/black#70,,
00qMd,4r1kb/3q1p1p/1p1p1PpB/p2P4/2Pp4/6Q1/1P4PP/5RK1 b - - 2 26,e8e3 h6e3 d4e3 g3e3,1587,75,45,127,crushing endgame short,https://lichess.org/Q8kfKCl5/black#52,,
00qX2,1r2r2k/Q1R4p/4q1p1/4Bb2/8/8/PP3PPP/3R2K1 b - - 0 28,e6e5 c7h7 h8g8 a7f7,1223,81,92,1022,mate mateIn2 middlegame short triangleMate,https://lichess.org/aDxQAOeN/black#56,,
00qb9,8/8/3k4/1p6/1Pp1K3/2P5/8/8 b - - 2 54,d6c6 e4e5 c6d7 e5d5,1773,74,95,2904,crushing endgame pawnEndgame short,https://lichess.org/a0ho1XtX/black#108,,
00qhV,3r4/1p2k3/2p2pn1/N3p1p1/P3P1Pp/2Pn1P2/1P2K2P/R1B5 w - - 1 21,a5b7 d3c1 a1c1 g6f4,2070,75,80,193,advantage endgame master masterVsMaster short,https://lichess.org/tCkPnOr2#41,,
00qk4,3r4/ppN1kppp/5n2/8/1n3Nb1/4P3/1B3PPP/R3KB1R w KQ - 0 18,a1c1 b4c2 c1c2 d8d1,1577,74,97,6782,mate mateIn2 middlegame operaMate sacrifice short,https://lichess.org/DqqRKbEM#35,Tarrasch_Defense Tarrasch_Defense_Other_variations,
00qmI,4k3/3n3P/p2PN1K1/8/1p6/2b5/8/8 b - - 0 51,b4b3 e6g7 c3g7 g6g7,1642,75,97,3083,crushing endgame short,https://lichess.org/OTzPjgtI/black#102,,
00qoE,1n1q2rk/p3b1p1/1pr1p1RB/2p1P3/4N3/2PP1N1P/P3B2K/6R1 b - - 0 28,g7h6 g6h6,1251,77,93,2669,kingsideAttack mate mateIn1 middlegame oneMove,https://lichess.org/wVq7oLvw/black#56,,
00qpU,6k1/5p1p/p5p1/3b4/1pqN1Q2/4R3/PP4PK/2r5 b - - 3 36,c1f1 e3e8 g8g7 d4f5 g7f6 f4e5,2256,85,64,61,crushing endgame long,https://lichess.org/O1NHch2x/black#72,,
00qqD,r3k2r/ppp2Bp1/2n5/2p1p2p/4P1n1/3P1N1q/PPP2P1N/R3QRK1 b kq - 0 14,e8f7 f3g5 f7g8 g5h3,804,99,93,2130,crushing fork middlegame short,https://lichess.org/SJ9o4Klb/black#28,Italian_Game Italian_Game_Giuoco_Piano,
00qyT,2rq1rk1/pb2bppp/np2p3/3pP3/3Pn3/P1NQB3/1P1N1PPP/1BR2RK1 b - - 2 16,e4c3 d3h7,732,82,83,234,kingsideAttack mate mateIn1 oneMove opening,https://lichess.org/njE9tv9D/black#32,Sicilian_Defense Sicilian_Defense_Delayed_Alapin_Variation,
00r1D,r4k1r/p3nppp/3Qp1b1/8/B7/P1q5/2P2PPP/3R1RK1 b - - 5 18,g6c2 d6d8 a8d8 d1d8,1363,90,47,80,backRankMate mate mateIn2 middlegame sacrifice short,https://lichess.org/nb7Z1HHv/black#36,Scandinavian_Defense Scandinavian_Defense_Main_Line,
00r2f,5rk1/pp3rp1/4R2p/b2Q4/3P4/5P1P/PP2R1Bq/5K2 w - - 7 31,d5a5 f7f3 f1e1 h2g1 e1d2 g1d4,1398,128,75,41,crushing exposedKing long middlegame,https://lichess.org/S2KeeA61#61,,
00r3C,r2q1rk1/2p1nppp/pbn5/1p1pP3/3P2b1/2NQ1N2/PPB2PPP/R1B2RK1 b - - 2 12,g4f3 d3h7,668,86,47,55,kingsideAttack mate mateIn1 oneMove opening,https://lichess.org/0kgzHA3L/black#24,Ruy_Lopez Ruy_Lopez_Classical_Variation,
00rAM,3rr1k1/1p3pq1/p1n1b2p/2b3p1/Q7/P2BPNB1/1P3PPP/R2R2K1 w - - 0 20,b2b4 d8d3 d1d3 g7a1,1743,75,88,2534,advantage deflection middlegame short,https://lichess.org/tkkuVJDA#39,,
00rB5,2r3k1/4pp2/3p1bp1/1p6/1Pr1P1Q1/P3q1P1/6BP/1R2R2K b - - 4 23,c4c1 g4c8 c1c8 e1e3,1613,73,96,29524,crushing master middlegame short,https://lichess.org/VEaD7zl9/black#46,,
00rCs,3r3k/R5pp/5p2/2pN4/4P3/4n1qP/PPP3P1/5Q1K w - - 2 29,f1f3 g3e1 h1h2 e3f1 f3f1 e1f1,1288,81,94,4433,advantage endgame long,https://lichess.org/3pRiqgSJ#57,,
00rEz,r1bqk2r/ppp2ppp/3p4/4p2n/2PBP2b/5PN1/PP4PP/RN1QKB1R b KQkq - 0 9,h5g3 h2g3 h4g3 d4f2 g3f2 e1f2,1507,78,94,2235,advantage long opening,https://lichess.org/KJUAVfza/black#18,Kings_Pawn_Game Kings_Pawn_Game_Maroczy_Defense,
00rFc,8/1p6/1k4K1/7p/7P/5P2/8/8 b - - 0 50,b6c5 f3f4 c5d6 f4f5,1775,77,92,570,crushing defensiveMove endgame pawnEndgame quietMove short,https://lichess.org/evWDUDoX/black#100,,
00rHa,2kr3r/pp2nppp/4p3/2PpP3/bn1N2Q1/q1N5/2PB1PPP/1K1R1B1R w - - 4 14,f1b5 a4c2 d4c2 a3b3 b1a1 b4c2,1924,76,80,159,deflection fork long mate mateIn3 middlegame sacrifice,https://lichess.org/e3RK92Rx#27,French_Defense French_Defense_Winawer_Variation,
00rIF,1r6/p7/1p3k1K/P2p2pR/2p5/2P3P1/2P3P1/1R6 w - - 3 36,h5g5 b8h8,627,95,88,619,endgame mate mateIn1 oneMove rookEndgame,https://lichess.org/aOqnitxA#71,,
00rKj,r1b2rk1/1p3ppp/2p2b2/pq6/3B4/1BP2Q2/PP3PPP/R3R1K1 b - - 3 17,f6d4 f3f7 f8f7 e1e8,1771,99,85,39,kingsideAttack mate mateIn2 middlegame pin sacrifice short,https://lichess.org/jdpdM0rI/black#34,Ruy_Lopez Ruy_Lopez_Berlin_Defense,
00rL0,5q2/3r4/P1k2p1p/1p2pNp1/2b1P1P1/2P2P1P/3r2BK/R5Q1 b - - 4 40,f8c5 g1c5 c6c5 a6a7 d7a7 a1a7 c4f1 f5e3 f1g2 e3g2,1654,75,94,4066,advancedPawn advantage middlegame veryLong,https://lichess.org/5qUAn2Jj/black#80,,
00rNc,1q5r/p3kpp1/2Q1p2p/3pP2P/2n3P1/2N2P2/PrP5/K3R1NR w - - 0 26,g1e2 b2a2 c3a2 b8b2,1577,76,96,28585,clearance mate mateIn2 middlegame sacrifice short,https://lichess.org/nyOQHpNP#51,,
00rTX,3r2k1/pp3ppp/4p3/2N5/7q/1Q3P2/PP1r2PP/3RR2K w - - 3 24,d1d2 h4e1,971,89,89,789,backRankMate endgame hangingPiece mate mateIn1 oneMove,https://lichess.org/MCnmXb6q#47,,
00rYm,2r3k1/R4pp1/1p2p2p/1q2P3/3Pp3/1p2P2P/5QP1/6K1 b - - 1 34,b3b2 f2f7 g8h8 f7g7,1039,76,87,211,endgame mate mateIn2 short,https://lichess.org/qW5kfHMk/black#68,,
00rYo,8/p1p4p/6p1/2p2k2/2Pb4/1P3P1K/P2RN2P/6r1 b - - 9 35,g1f1 e2g3 f5f4 g3f1,1039,93,94,3209,crushing endgame fork master masterVsMaster short,https://lichess.org/vcRYB6lg/black#70,,
00rZx,5r1k/2p2Bpp/p7/1p2p3/8/3R4/PP3PKP/4q3 b - - 1 32,f8f7 d3d8 f7f8 d8f8,400,113,74,212,backRankMate endgame mate mateIn2 queenRookEndgame short,https://lichess.org/iBQYpJsz/black#64,,
00rcR,6k1/1p2pp1p/p2p2p1/3P4/3BP3/P4P2/P5PP/2n3K1 w - - 0 23,d4c3 c1e2 g1f1 e2c3,809,108,91,452,crushing endgame fork master short,https://lichess.org/JzaWNWUv#45,,
00reB,4rrk1/pb4pp/1pq2p2/4p3/1BPb4/3P3P/P3QPPN/1R2R1K1 w - - 0 24,b4f8 c6g2,1030,97,88,24,kingsideAttack mate mateIn1 middlegame oneMove,https://lichess.org/DXolHS5L#47,,
00rhJ,2r2rk1/pb3ppp/1p4q1/4P3/3P4/P7/BP2Q1PP/4RR1K w - - 1 21,e5e6 c8c2 e6f7 g8h8,1918,75,88,291,advantage defensiveMove middlegame short,https://lichess.org/MpURgVDM#41,,
00rjB,2r3k1/pb3qN1/1p2p2p/2b5/6n1/2Pp2B1/PPQ2PP1/1BR1R1K1 w - - 0 28,c2d2 c5f2 g3f2 f7c7 d2h6 g4h6,2790,99,100,166,advantage fork long middlegame sacrifice,https://lichess.org/g1JRNZ58#55,,
00rnW,4r1k1/1rp2ppp/5q2/2p5/8/P2P4/R2Q1PPP/2R3K1 w - - 6 24,c1c5 b7b1 c5c1 e8e2 d2e2 b1c1,2560,99,90,296,crushing deflection endgame long pin,https://lichess.org/UpjEipzv#47,,
00rqm,2r2r1k/3b3n/p6q/1p1nN3/7P/3P2Q1/PPP2P2/1K4RR b - - 0 30,d7f5 g3g8 f8g8 e5f7,1820,76,96,9831,cornerMate kingsideAttack mate mateIn2 middlegame sacrifice short,https://lichess.org/v9qNACJc/black#60,,
00rva,r2qkb1r/pQpbpppp/2n2n2/1N6/2pP4/8/PP2PPPP/R1B1KBNR b KQkq - 2 7,a8b8 b5c7 d8c7 b7c7,1156,76,96,11982,crushing opening short,https://lichess.org/14QnOxb7/black#14,Queens_Gambit_Declined Queens_Gambit_Declined_Marshall_Defense,
00rw0,r2q3k/5Pb1/2n3Bp/3p2pP/pp1P2Q1/6B1/1PP5/6K1 b - - 0 39,g7d4 g4d4 c6d4 g3e5 d8f6 e5f6,1699,74,100,1276,exposedKing fork long mate mateIn3 middlegame sacrifice,https://lichess.org/37v3pkKy/black#78,,
00rwh,5k2/2p5/r1PpQp2/1pN1p1b1/1P2P1p1/r5Pq/5P2/R2R2K1 w - - 2 37,c5a6 a3g3 f2g3 g5e3,1569,77,85,545,balestraMate kingsideAttack mate mateIn2 middlegame sacrifice short,https://lichess.org/Nn5tP5gN#73,,
00rx9,3k2q1/pp3pN1/2b5/2pp2Q1/6n1/3P1N2/PbP2PPP/5K2 b - - 3 26,b2f6 g7e6 d8e7 g5g8,1394,84,93,2235,crushing discoveredAttack middlegame short,https://lichess.org/i2mJkkQL/black#52,,
00ryU,4r1k1/8/2PP1bp1/p7/1p5p/1P2p3/4K2B/8 b - - 0 40,g6g5 d6d7 e8d8 c6c7 d8d7 c7c8q,1393,137,69,11,advancedPawn advantage endgame long promotion,https://lichess.org/aKt8hwuq/black#80,,
00rzv,2k3rr/1pp1n3/p2qp1Bp/3p3Q/8/2N1P2P/PPPP2Rb/R1B2K2 w - - 0 24,g6f7 g8g2 f1g2 d6g3,1038,76,87,634,advantage attraction middlegame short,https://lichess.org/3uLKPpMH#47,,
00s16,rBbqk2r/1p3ppp/p3pn2/8/1b1P4/2N2N1P/PP3PP1/R2QKB1R b KQkq - 0 10,a8b8 d1a4 b7b5 a4b4,1131,81,92,901,crushing fork opening short,https://lichess.org/sflO7yGm/black#20,Caro-Kann_Defense Caro-Kann_Defense_Panov_Attack,
00s23,r2q1rk1/1ppb1ppp/1p1p1n2/4p3/1PBnP3/P2P1N1P/2P2PP1/R1BQK2R w KQ - 0 11,c2c3 d7a4 c3d4 a4d1,1829,74,77,204,advantage opening short,https://lichess.org/5BuuOtXQ#21,Four_Knights_Game Four_Knights_Game_Italian_Variation,
00s7Y,5rk1/5Rpp/1q1p4/2pB4/6Q1/2b4P/Pr4P1/6K1 b - - 0 29,f8f7 g4c8 b6d8 c8d8,926,76,100,421,endgame mate mateIn2 pin short,https://lichess.org/c3f9OVrO/black#58,,
00s8j,3r4/ppk5/2r5/5Q2/4p3/P7/5PPP/3R2K1 w - - 1 35,d1d8 c6c1 d8d1 c1d1,745,82,100,130,backRankMate endgame mate mateIn2 queenRookEndgame short,https://lichess.org/o149kmbP#69,,
00s9L,2r1r1k1/5pp1/Rb3q1p/1p2p3/3pP3/1N1P1PP1/3Q1P2/2R3K1 b - - 0 25,f6d8 c1c8 d8c8 a6b6,1142,78,87,878,advantage middlegame short,https://lichess.org/QuuF4iDz/black#50,,
00s9T,8/8/p5pp/2k5/2p4P/2K2P2/P5P1/8 w - - 0 41,g2g4 g6g5 h4g5 h6g5,2062,81,89,1199,crushing endgame pawnEndgame short,https://lichess.org/7CRQFCUf#81,,
00sBK,3r2k1/p4p1p/1p3qp1/3B1b2/8/1Qr1PP1P/P2R1KP1/7R w - - 0 23,d5f7 g8g7 b3c3 f6c3,1829,75,85,83,advantage defensiveMove middlegame short,https://lichess.org/nMNDAjGq#45,,1608386149791
00sCv,8/8/1p5p/p1k5/P3K3/1P5P/8/8 w - - 1 49,e4f5 c5b4 f5g6 b4b3 g6h6 b3a4,1086,86,86,361,crushing endgame long pawnEndgame,https://lichess.org/aUCW3BUV#97,,
00sDQ,2r2rk1/5p2/1pn1pPp1/1B1pP3/5q2/4b2R/1B4QP/R6K b - - 3 31,f4f2 g2f2 e3f2 a1f1,2623,92,70,108,advantage master middlegame short,https://lichess.org/eDAqXjpA/black#62,,
00sHx,q3k1nr/1pp1nQpp/3p4/1P2p3/4P3/B1PP1b2/B5PP/5K2 b k - 0 17,e8d7 a2e6 d7d8 f7f8,1540,75,87,163,mate mateIn2 middlegame short,https://lichess.org/yyznGmXs/black#34,Italian_Game Italian_Game_Classical_Variation,
00sJ9,r3r1k1/p4ppp/2p2n2/1p6/3P1qb1/2NQR3/PPB2PP1/R1B3K1 w - - 5 18,e3g3 e8e1 g1h2 e1c1 a1c1 f4h6 h2g1 h6c1,2642,93,91,923,advantage attraction fork middlegame sacrifice veryLong,https://lichess.org/gyFeQsOE#35,French_Defense French_Defense_Exchange_Variation,
00sJb,Q1b2r1k/p2np2p/5bp1/q7/5P2/4B3/PPP3PP/2KR1B1R w - - 1 17,d1d7 a5e1 d7d1 e1e3 c1b1 e3b6,2188,82,91,955,advantage fork long middlegame,https://lichess.org/kiuvTFoE#33,Sicilian_Defense Sicilian_Defense_Dragon_Variation,
00sKJ,8/1P2pk2/R7/N1b2pp1/8/3K2P1/1r4P1/8 b - - 2 40,c5d6 a6d6 e7d6 a5c6 b2b7 c6d8 f7f6 d8b7,2336,88,90,819,crushing endgame fork quietMove sacrifice veryLong,https://lichess.org/fldTxHoO/black#80,,
00sKo,5rk1/pR4bp/q2p4/3Ppn1p/4Q3/4B2P/5PP1/5RK1 w - - 1 24,b7a7 a6f1 g1f1 f5g3 f1e1 g3e4,1637,78,94,590,advantage attraction long middlegame pin sacrifice,https://lichess.org/EGRQ04CN#47,,
00sMF,r1bqr1k1/p4pPp/2p1p3/2bpn2Q/8/2NB4/PPP3PP/R1B2R1K b - - 2 15,e5d3 h5f7,923,77,97,955,kingsideAttack mate mateIn1 oneMove opening,https://lichess.org/A0iotLWB/black#30,Sicilian_Defense Sicilian_Defense_Closed,
00sMq,5rk1/4r1p1/p3pnQp/3pN1p1/P1pPq3/2P2R1P/1P4P1/5R1K b - - 9 29,e7b7 f3f6 f8f6 f1f6 e4g6 f6g6,1926,123,50,10,advantage long middlegame pin,https://lichess.org/yoPm8nyi/black#58,,
00sO1,1k1r4/pp3pp1/2p1p3/4b3/P3n1P1/8/KPP2PN1/3rBR1R b - - 2 31,b8c7 e1a5 b7b6 f1d1,901,93,85,387,advantage discoveredAttack master middlegame short,https://lichess.org/vsfFkG0s/black#62,,
00sP2,2r2rk1/2q3bp/6p1/pQp1pn2/P2p4/1P1P3P/1BPN1PP1/1R3RK1 w - - 3 21,b2a3 f5d6 b5c5 c7c5 a3c5 c8c5,1804,91,44,32,advantage long middlegame,https://lichess.org/aF84IZM9#41,,
00sQw,8/8/2bk4/p3pB2/5P1p/P2KP3/8/8 w - - 1 40,d3c4 e5f4 e3f4 c6d7 f5d7 d6d7,2433,78,91,1345,bishopEndgame crushing endgame long,https://lichess.org/b3xSt9cD#79,,
00sTO,4rk2/pp3pRp/3p1P2/2pP3q/2P4r/6Q1/PP3P1P/7K b - - 2 28,h5d1 h1g2 d1g4 g7g4 h4g4 g3g4,1386,77,94,3685,crushing endgame long,https://lichess.org/iOcIh2s8/black#56,,
00sXv,8/r4pp1/2k1p2p/8/p2PP3/2K2PP1/6P1/1R6 w - - 1 35,c3b4 a7b7 b4a4 b7b1,1121,77,75,104,crushing endgame rookEndgame short skewer,https://lichess.org/zR7ytIpT#69,,
00sco,r2q1rk1/pp2bp1b/2p1p2Q/3nP2N/2B5/2P5/PP3PPP/R3R1K1 b - - 2 20,e7g5 h6g7,1154,148,0,15,mate mateIn1 middlegame oneMove,https://lichess.org/4HkYGyHF/black#40,,
00sd6,r2brk1Q/pp3pp1/1q1pb1n1/1Bp1p1P1/4P3/P1PPBN2/5P2/1R2K2R b K - 10 26,g6h8 h1h8 f8e7 h8e8,1097,81,94,500,mate mateIn2 middlegame operaMate short,https://lichess.org/970jZM32/black#52,,
00slf,1k2Rr2/p1pp4/1p1b4/3Q1pP1/qP3P2/2P4P/6K1/4R3 b - - 5 41,f8e8 e1e8,998,165,0,14,endgame mate mateIn1 oneMove,https://lichess.org/HpuY1k0j/black#82,,
00slx,8/6r1/3kpRp1/6Pp/3K1P1P/8/8/8 b - - 0 61,d6e7 d4e5 g7g8 f6e6 e7f7 f4f5,1949,75,93,12387,crushing endgame long rookEndgame,https://lichess.org/usaxh789/black#122,,
00spT,1r4k1/2p1q1pp/pnQ5/4p3/2P5/N2B4/PP3rPP/2K1R2R w - - 0 20,h1f1 e7g5 c1b1 f2b2 b1a1 g5d2,2526,80,100,191,crushing long middlegame queensideAttack,https://lichess.org/TgJXGQdG#39,,
00sw5,3r2k1/1p3pp1/pq1b3p/3P4/P7/3Q1N2/1r3PPP/R2R2K1 w - - 0 23,a1b1 b6f2 g1h1 f2g2,1172,82,94,1922,kingsideAttack master mate mateIn2 middlegame short,https://lichess.org/TMsj324P#45,,
00swU,3rkb1r/pppqp1pp/2n5/1Q3p2/4N3/1P2P3/PBP2PPP/R3KB1R w KQk - 0 12,e4c5 d7d2,1141,74,100,845,mate mateIn1 oneMove opening,https://lichess.org/JfA7i4yS#23,Zukertort_Opening Zukertort_Opening_Tennison_Gambit,
00sys,r1bq1r2/pp2b1pk/2n1pp2/3p4/2pP3N/2P1P1P1/PP1N1PP1/R2QK2R b KQ - 0 13,d8e8 h4g6 h7g8 h1h8 g8f7 d1h5,2280,89,81,378,crushing discoveredAttack discoveredCheck long master opening,https://lichess.org/oeasr2cR/black#26,Indian_Defense Indian_Defense_London_System,
00t2W,r3r1k1/p4ppp/2p5/5q2/2RPn3/3Q2B1/P4PPP/4R1K1 w - - 3 27,f2f3 e4g3 e1e8 a8e8 d3f5 g3f5,1355,77,95,14448,crushing long middlegame,https://lichess.org/5iA4aErC#53,,
00t3g,r2q1rk1/pp1n3p/2p3pQ/5Nb1/2P1p3/1P2P1P1/PB3PBP/R2R2K1 b - - 0 19,g5h6 f5h6,839,90,93,144,kingsideAttack master mate mateIn1 middlegame oneMove,https://lichess.org/cnDFUHV0/black#38,,
00t8q,r4rk1/1pp2pbp/2n1bnp1/2q1p3/4P3/1NP2PB1/PQ4PP/1KNR1B1R b - - 0 17,c5b6 g3f2 c6d4 c3d4,1598,75,95,17826,advantage middlegame short,https://lichess.org/o3BszNqL/black#34,Indian_Defense Indian_Defense_Other_variations,
00tB9,1k1r3r/1bq1b1p1/p2p4/2nBp1P1/4P3/4BP2/1PPQN3/2KR3R w - - 3 24,d5b7 c5b3 c1b1 b3d2,1142,78,97,4885,advantage middlegame pin queensideAttack short,https://lichess.org/I1QFfgyS#47,,
00tHm,q7/PP6/K7/8/5k2/8/6p1/8 b - - 0 58,a8e8 b7b8q e8e5 a7a8q g2g1q b8f8,2352,99,88,408,advancedPawn crushing endgame long promotion queenEndgame,https://lichess.org/SK2haKeP/black#116,,
00tKA,3rr1k1/q3pp1p/p1p3p1/2P3N1/8/5P2/Q5PP/4n2K b - - 0 37,a7c5 a2f7 g8h8 f7h7,1035,95,82,55,endgame mate mateIn2 short,https://lichess.org/SeeUP8Wx/black#74,,
00tMQ,r5rk/p2nq2p/2pppn1b/1p2p1PB/7P/1PN5/PBPRQ3/2K3R1 b - - 0 20,f6h5 e2h5 h6g7 c3e4 d6d5 g5g6 h7h6 e4g5,2188,110,86,33,advantage middlegame pin veryLong,https://lichess.org/wxBmoFIr/black#40,,
00tN4,r3r1k1/pp3R2/3p1B1P/2pP1b2/1qn5/2N5/PP2QPP1/2K4R w - - 1 24,f7f8 g8f8 h6h7 f5h7,2042,80,74,44,crushing hangingPiece middlegame short,https://lichess.org/aynNRdBA#47,,
00tTz,8/p6p/3b2pk/5p1n/2B4q/1P3P2/P5QP/5R1K w - - 10 35,f1d1 h5g3 g2g3 d6g3,1265,78,83,312,crushing endgame master pin short,https://lichess.org/cDY5GbVr#69,,
00tVz,8/5Rkp/4p3/pp2q1p1/5RPP/8/7K/8 b - - 3 42,g7g6 h4h5 g6h6 f7f6 e5f6 f4f6,1226,79,76,64,crushing endgame long queenRookEndgame,https://lichess.org/HUo3TQcF/black#84,,
00tZP,r2qk2r/1p3ppp/8/2pPPn2/1pPn2b1/3Q1NP1/PP3PBP/RN3RK1 w kq c6 0 14,d5c6 d4f3 d3f3 g4f3,1194,77,94,2515,crushing kingsideAttack middlegame short,https://lichess.org/jHQ12o4d#27,Queens_Gambit_Declined Queens_Gambit_Declined_Albin_Countergambit,
00tbH,8/1q1r1k1p/p1p1p1p1/2p2pRn/Q1P2P1P/3PPP2/Pr1BK3/6R1 b - - 0 26,b2d2 e2d2 b7b2 a4c2,1264,115,83,16,advantage hangingPiece middlegame short,https://lichess.org/KnvUoTQB/black#52,,
00teH,r1b2r1k/1pp1b1pp/p1np2q1/3Qp3/1PB1P3/P3BN1P/2P2PP1/R2R3K b - - 6 17,f8f3 d5g8,553,91,100,226,mate mateIn1 middlegame oneMove,https://lichess.org/1YS5PpCk/black#34,Italian_Game Italian_Game_Rousseau_Gambit,
00tei,5K2/5p2/1np1kb2/p4p2/PpPP4/1B3P2/1P6/2B5 b - - 4 43,b6d7 f8e8 c6c5 d4d5,1383,77,85,1195,crushing endgame master masterVsMaster short,https://lichess.org/kVQ3BvS0/black#86,,
00tgU,r4rk1/pbpp2p1/1pn3Qp/3N4/3q1N2/3B4/PP3PPP/5RK1 b - - 5 20,c6e5 d5e7 g8h8 g6h7,1543,81,95,17643,kingsideAttack mate mateIn2 middlegame short,https://lichess.org/uRJyPnFa/black#40,,
00tlr,r2r2k1/p3Rp1p/5Qp1/8/8/2P4P/q4PP1/4R1K1 b - - 1 24,a7a5 h3h4 a2d5 e1e5,2945,112,90,1967,crushing endgame quietMove short,https://lichess.org/DFxAKFNR/black#48,,
00tmN,7k/pr6/5N1p/P7/1P3p2/5P1b/5P1P/R5K1 w - - 0 33,f6d5 b7g7 g1h1 h3g2,952,83,47,79,advantage endgame short,https://lichess.org/EgiN1LZo#65,,
00tsE,2rq1k2/5ppp/p7/1p6/5Q2/2P5/P1P2PPP/4RK2 b - - 7 22,c8c3 f4b4 f8g8 b4c3,1092,79,90,1269,crushing endgame fork short,https://lichess.org/I2FQvxn0/black#44,,
00tsu,1r2kbnr/3b1ppp/pq1pp3/8/2pNPPP1/P1N1B3/1PPQ3P/2KR3R w k - 1 14,f4f5 b6b2,502,92,75,166,mate mateIn1 middlegame oneMove queensideAttack,https://lichess.org/A6L09WhZ#27,Sicilian_Defense Sicilian_Defense_Taimanov_Variation,
00ttk,6k1/ppqn1rp1/2p3Qp/3p1N2/3P1bP1/2P4P/PP1N1P2/R5K1 w - - 4 21,d2f3 d7f8 g6h5 g7g6,1807,76,93,4423,advantage middlegame short,https://lichess.org/urlk8mZq#41,,
00tyO,3rr1k1/1p3bb1/1q2p1p1/p1n1Pp1p/P3P2P/1NP3P1/1PQ3B1/R1B1R2K w - - 0 21,c1e3 b6b3 c2b3 c5b3,1337,109,57,39,advantage middlegame short,https://lichess.org/1bg5yGyl#41,,
00u0R,3r4/1p2R1k1/7p/P4rpB/8/2n3P1/1q4PP/3R2K1 b - - 1 32,g7g8 d1d8 f5f8 h5f7 g8h8 d8f8,1436,77,84,106,advantage deflection exposedKing hangingPiece long middlegame,https://lichess.org/DiCdSvC5/black#64,,
00u3V,r4rk1/1p3pb1/1n2q1pp/p2p3n/b2Pp2B/NB2P3/1P3PPP/1NRQ1RK1 b - - 1 20,f8c8 c1c8 a8c8 b3a4,1602,76,90,331,advantage middlegame short,https://lichess.org/IapycI42/black#40,,
00u3b,rn2kb1r/pbqp1ppp/1p2p3/3nP3/2BP4/5N2/PP2QPPP/RNB1K2R w KQkq - 0 9,b1c3 d5c3 b2c3 b6b5 a1b1 b5c4,2339,86,90,1354,crushing long opening,https://lichess.org/hg1xugvX#17,Sicilian_Defense Sicilian_Defense_Alapin_Variation,
00u3h,8/2p2rkp/1p4p1/p2PQ3/2P3P1/1P1q1B1P/P1n3K1/8 b - - 7 41,g7h6 g4g5,1213,75,99,1639,endgame mate mateIn1 oneMove,https://lichess.org/7WG19onG/black#82,,
00uAh,r1q3k1/1pb3pp/p1b1p3/3R1pB1/4N1NQ/8/PPP2PPP/2K5 b - - 0 21,e6d5 g4f6 g8f7 h4h5 f7e6 e4c5,2250,77,77,168,crushing kingsideAttack long middlegame,https://lichess.org/Xc1xIAXR/black#42,,
00uDH,2r5/3k1p2/5Pp1/PP1pP1P1/1K1B3P/5p2/8/8 w - - 1 45,d4c5 c8c5 b4c5 f3f2,1279,79,91,2813,advancedPawn crushing endgame sacrifice short,https://lichess.org/9Hn6Sv3F#89,,
00uEf,7k/1R5p/4Nnp1/8/1pr5/5PP1/7P/7K b - - 1 34,f6d5 b7b8 c4c8 b8c8,657,78,100,143,endgame mate mateIn2 short,https://lichess.org/Z4qC2LvJ/black#68,,
00uGS,2K5/1pr5/pk6/2bB4/8/8/PP6/5R2 w - - 4 41,c8b8 c5d6 f1f6 c7c6 f6d6 c6d6,2128,114,85,26,crushing discoveredAttack discoveredCheck endgame long quietMove,https://lichess.org/MZR5SMrp#81,,
00uHj,r5k1/p4p1p/1p3ppB/8/1npP4/4QP1q/P1P2P2/4R1K1 b - - 2 21,b4c2 e3e8 a8e8 e1e8,494,92,87,165,endgame mate mateIn2 pillsburysMate sacrifice short,https://lichess.org/N48YPLL7/black#42,,
00uJL,7Q/5p2/6p1/R3pk1p/P2q3K/7P/5PP1/7r w - - 2 41,g2g4 d4g4,1544,85,91,1282,endgame epauletteMate master mate mateIn1 oneMove pin,https://lichess.org/1AY8THKB#81,,
00uKb,6k1/p4rp1/8/2p1Bq1p/2P1b3/2P3QP/P5P1/4R1K1 w - - 0 30,g1h2 h5h4 g3h4 f5e5,1545,76,92,2099,advantage deflection endgame short,https://lichess.org/fPrESBF9#59,,
00uL7,4r1k1/p2Qqpp1/1bp5/5p1p/1P5P/8/PBP2PP1/3R2K1 w - - 0 24,d7c6 b6f2 g1f2 e7e3 f2f1 e3e2 f1g1 e2d1,2309,76,98,524,attraction crushing endgame fork sacrifice veryLong,https://lichess.org/ckCYnumF#47,,
00uN7,1n6/3rk3/p2p2p1/N2Bp1P1/1p2PnQ1/1P3P2/P1P4q/1K1R4 w - - 2 33,a5c6 b8c6 d5c6 d7c7,1028,92,94,440,crushing middlegame short,https://lichess.org/zQEDLHBB#65,,
00uQY,1r5r/3b4/pk2P3/1p2Q1Np/4BP2/1P5n/P5PP/R5qK w - - 5 36,a1g1 h3f2,957,86,92,139,master mate mateIn1 middlegame oneMove smotheredMate,https://lichess.org/Nu5xv7qV#71,,
00uV1,8/8/1p6/8/knp5/7R/pK6/8 b - - 3 52,b6b5 h3a3,648,98,83,61,endgame master mate mateIn1 oneMove,https://lichess.org/Np39jaGL/black#104,,
00ud8,N4rk1/pp3ppp/5n2/3pq3/8/2P5/PP3PPP/R1BQ2K1 w - - 0 18,d1f3 e5e1,698,109,69,44,mate mateIn1 middlegame oneMove,https://lichess.org/Buoveaus#35,Vienna_Game Vienna_Game_Stanley_Variation,
00ueI,8/5p1k/pp3B2/3bPq2/6R1/2R4P/1P1p2PK/8 w - - 0 47,c3g3 f5g4 g3g4 d2d1q g4g7 h7h6,1667,76,92,281,advancedPawn advantage endgame long promotion,https://lichess.org/JdgRx0r2#93,,
00ueM,2kr4/2pR4/2P1K1P1/8/8/p3n3/8/8 b - - 1 49,a3a2 d7d8 c8d8 g6g7 a2a1q g7g8q,1719,81,93,12285,advancedPawn endgame long mate mateIn3 promotion,https://lichess.org/d2IhwIPS/black#98,,
00uid,r2qkbr1/pp2pp1p/5n2/2p1Nb2/2Q5/4B3/PPnN1PPP/R2K1B1R b q - 1 12,c2a1 c4f7,1217,77,83,294,attackingF2F7 mate mateIn1 middlegame oneMove,https://lichess.org/eM41Zwwb/black#24,Borg_Defense Borg_Defense_Other_variations,
00umX,2k3rr/ppp2p2/3b1p2/2pP1q1p/2P2B2/2N2B1b/PP1Q1PP1/R3R1K1 w - - 4 19,f4d6 f5f3 e1e8 c8d7,1850,75,94,6097,crushing middlegame pin short,https://lichess.org/k9gpWj7k#37,,
00unD,2kr1bnr/2p2p1p/1pbq2pP/p3N3/P2P4/4B3/1PP2PP1/RN1QK2R b KQ - 0 16,c6g2 d1g4 f7f5 g4g2,1519,77,86,243,crushing fork middlegame short,https://lichess.org/TeO1FnT0/black#32,Modern_Defense Modern_Defense_Other_variations,
00urx,8/4r1k1/2P2R1p/4qQp1/3p4/7P/6PK/8 w - - 5 43,h2g1 e5f6 f5f6 g7f6,1717,75,97,983,crushing endgame master short,https://lichess.org/S8w5Y0yO#85,,
00uzT,5rk1/3nppbp/1rpp2p1/p1q5/P3PP2/1PNQ4/2PB2PP/3R1RK1 w - - 1 20,d2e3 c5c3 d3c3 g7c3 e3b6 d7b6,1504,78,94,1858,advantage long middlegame,https://lichess.org/liepuQUZ#39,,
00v6A,3r1Q1k/p5pp/1p2p3/6PP/4P3/8/PPPr4/1K3R2 b - - 2 26,d8f8 f1f8,442,93,57,122,backRankMate endgame mate mateIn1 oneMove rookEndgame,https://lichess.org/aNjVsVyK/black#52,,
00v6q,2Q1k3/4qpp1/2pr4/2Np4/3P4/7P/P1P3P1/6K1 b - - 4 34,e7d8 c5b7 d8c8 b7d6 e8d7 d6c8,1940,77,88,218,crushing endgame fork long master sacrifice,https://lichess.org/EWyPP874/black#68,,
00vCE,6k1/4P1p1/3R1r2/3R2Kp/8/6Pr/8/8 b - - 0 39,g8f7 d5e5 h3g3 g5h4 g3g4 h4h5 f6f5 e5f5,2386,103,91,176,crushing endgame quietMove rookEndgame veryLong,https://lichess.org/5lDULF3r/black#78,,
00vKn,8/8/1R6/6k1/6P1/4r2P/r7/5R1K w - - 5 40,f1f6 e3e1 f6f1 e1f1,1128,85,94,104,endgame mate mateIn2 rookEndgame short,https://lichess.org/qsLWpNqw#79,,
00vUf,3R4/p4pkp/2p5/6p1/1P1B4/r3PP2/2r3PP/5K2 b - - 6 31,g7g6 d8d6 f7f6 d6f6 g6g7 f6c6,2129,76,95,2613,crushing discoveredAttack discoveredCheck endgame long,https://lichess.org/87kUHyPW/black#62,,
00vXZ,4n1k1/5r2/p1r1p2Q/1p1qP1p1/8/5PP1/P3n1KP/1RB2R2 b - - 0 27,c6c2 h6g6 e8g7 g6c2 f7f3 f1f3,1939,77,88,61,advantage fork long middlegame,https://lichess.org/NIjw0abF/black#54,,
00vZ1,2r3k1/6p1/R3p1r1/8/3PPp2/2P2P1p/P1R3P1/6K1 w - - 0 36,a2a4 c8b8 g1h2 h3g2,2244,87,88,129,advancedPawn advantage endgame pin quietMove rookEndgame short,https://lichess.org/PwiyhVrB#71,,
00vZg,5rk1/1b4pp/4B3/2Qp4/2r1p3/6P1/4qP1P/2B2RK1 b - - 3 30,g8h8 c5f8,653,79,100,173,hangingPiece master mate mateIn1 middlegame oneMove,https://lichess.org/r2vtT4Gi/black#60,,
00veX,1r3rk1/p4p2/2pq3p/4p1p1/4Pnb1/2PB1PB1/P1Q3PP/3R1RK1 b - - 0 18,d6c5 g3f2 c5a3 f3g4 b8b2 c2c1,1661,75,93,1479,advantage defensiveMove long middlegame,https://lichess.org/pUj3STn8/black#36,Sicilian_Defense Sicilian_Defense_Lowenthal_Variation,
00vf5,r1b1kbnr/1pqp1ppp/p1n1p3/8/2BNP3/P1N5/1PP2PPP/R1BQK2R b KQkq - 0 7,g8e7 d4b5 a6b5 c3b5 c7b8 b5d6,2162,83,90,1452,crushing long opening sacrifice,https://lichess.org/DaGWQ4jB/black#14,Sicilian_Defense Sicilian_Defense_Closed,
00viH,r2q1rk1/2p2p1p/p1n2Q2/1pbNP1N1/3n2P1/1B5P/PPbB4/R3K2R w KQ - 0 20,b3c2 d4c2 e1d1 d8d5,2203,87,83,36,crushing fork middlegame short,https://lichess.org/IhpDF8ls#39,,
00vj7,8/8/7p/4k1nP/6PN/1r3B2/5K2/8 b - - 1 54,e5f4 h4g6,1180,83,100,124,endgame master mate mateIn1 oneMove,https://lichess.org/ezjR07BX/black#108,,
00vjg,2r3k1/5ppp/p3nb2/2Bq4/1Q6/P6P/2R2PP1/2R3K1 w - - 3 30,c5e3 c8c2 c1c2 d5d1 g1h2 d1c2,1056,85,91,284,advantage attraction fork long middlegame,https://lichess.org/QOaRlqny#59,,
00vl5,5r2/p1k2qpp/2n5/2N1p3/2b5/2P1B3/PP1Q2PP/4R1K1 w - - 5 24,b2b3 f7f1 e1f1 f8f1,1066,87,93,596,mate mateIn2 middlegame operaMate sacrifice short,https://lichess.org/FkJvHJjC#47,,
00voi,1r6/2r2p1R/7R/4pPk1/2B2n2/1P3P1P/P4K2/8 b - - 0 43,c7c4 h3h4 g5f5 h7f7,1444,74,95,29726,endgame mate mateIn2 short,https://lichess.org/4zZjpxHw/black#86,,
00vuv,r3r3/2q1b1pk/p3P1Np/5Qp1/8/3p4/PPp2P2/2R1R1K1 b - - 1 30,d3d2 g6f8 h7g8 f5h7 g8f8 h7h8,2103,77,94,4813,discoveredCheck doubleCheck long mate mateIn3 middlegame sacrifice,https://lichess.org/SJRbBrel/black#60,,
00w1s,rn2Q1k1/pb1q1p1p/1p1p2pB/3P3n/8/2bB1N1P/PP3PP1/4R1K1 b - - 1 18,d7e8 e1e8,489,108,89,797,kingsideAttack mate mateIn1 middlegame oneMove pillsburysMate,https://lichess.org/BOlWIbHT/black#36,English_Defense English_Defense_Other_variations,
00w6b,3Q4/pN3p1k/7p/4P1p1/6K1/r5P1/8/4r3 w - - 2 41,d8f6 a3a4 g4f3 e1f1,1762,96,82,18,crushing endgame short,https://lichess.org/bSzr5nzs#81,,
00w6f,rnb1r1k1/pp1p1ppp/1q2pn2/1N6/4P3/B1P2P2/P1P3PP/R2QKB1R w KQ - 5 10,b5d6 b6e3 f1e2 e3c3,1085,78,87,152,advantage opening short,https://lichess.org/1P7Nda81#19,Sicilian_Defense Sicilian_Defense_Pin_Variation,
00wAT,4Q1bk/2p3p1/1p1p4/5Bp1/p1q5/7P/5P2/6K1 b - - 1 34,a4a3 e8h5 g8h7 h5h7,1180,85,84,48,endgame mate mateIn2 short,https://lichess.org/JCkq5Qtf/black#68,,
00wCl,1rb1k2r/8/p1Bp1p1p/P1p1p1p1/4P3/1P5P/2P2PP1/R2R2K1 b k - 1 20,c8d7 d1d6 d7c6 d6c6,1394,76,87,453,advantage endgame short,https://lichess.org/URN5sds5/black#40,,
00wL8,R4rk1/2PR1ppp/8/8/7P/8/P3pqPK/8 b - - 0 33,f8a8 d7d8 a8d8 c7d8q,854,103,94,292,advancedPawn backRankMate endgame mate mateIn2 promotion queenRookEndgame short,https://lichess.org/JRlzUS96/black#66,,
00wPZ,r1b2rk1/ppp2ppp/8/1B1pN3/3bn3/8/PPP2qPP/RNBQR2K w - - 0 12,e5f3 f2g1 f3g1 e4f2,1394,92,85,3446,kingsideAttack mate mateIn2 opening sacrifice short smotheredMate,https://lichess.org/XAwlqpwf#23,Italian_Game Italian_Game_Two_Knights_Defense,
00wUm,5rk1/pR1Q1ppp/4N3/3p1n2/8/7P/q1r2PP1/4R1K1 b - - 0 28,c2f2 d7f7 f8f7 b7b8 f7f8 b8f8,1499,77,97,18210,long mate mateIn3 middlegame sacrifice,https://lichess.org/nBCoCtRO/black#56,,
00wVj,5k2/R4p2/P6p/5p1N/r3p3/2p5/2P1R1P1/2K5 w - - 1 44,h5g3 a4a1,565,107,73,431,endgame mate mateIn1 oneMove,https://lichess.org/QYDDNRqv#87,,
00wWX,r3kr2/pR2n2p/2p1p1p1/2q1P3/2P4Q/8/P4PPP/3R2K1 b q - 1 22,a8d8 d1d8 e8d8 b7b8 d8d7 b8f8,1462,75,100,485,middlegame,https://lichess.org/rBmuMVDu/black#44,,
00wYl,3q2k1/r1p3p1/P1Pp3p/3Pp1b1/R3Qr2/5N1P/5PP1/R5K1 w - - 1 27,e4e3 f4a4 a1a4 g5e3,1158,81,68,136,crushing discoveredAttack middlegame short,https://lichess.org/XjLq1sLc#53,,
00wZJ,1r4k1/3bqr1p/2p1p1p1/1p2P3/p2PBP2/2PQ2P1/P5K1/1R5R w - - 1 26,e4g6 h7g6 d3g6 f7g7,1354,77,86,477,advantage middlegame short,https://lichess.org/5kqvWE61#51,,
00wau,r5k1/p2Q1pbp/1p4p1/8/5B2/1q5P/3R1PPK/8 b - - 1 26,g7c3 d7c6 c3d2 c6a8 g8g7 f4d2,2482,90,89,166,advantage endgame long,https://lichess.org/BcRkF8nS/black#52,,
00wft,3r2k1/pp3pp1/7p/b7/2b3Q1/P2qPN1P/3N1PP1/3RK2R w K - 0 30,f3e5 a5d2 d1d2 d3d2,1469,79,96,13110,mate mateIn2 middlegame short,https://lichess.org/9DS9Mlwd#59,,
00wiq,8/2N5/8/1p1b2p1/1P3k1p/P4P1P/5K2/8 b - - 5 53,d5f3 c7e6 f4e5 e6g5 f3c6 g5f3 e5e4 f3h4,2092,75,73,88,crushing deflection endgame veryLong,https://lichess.org/f2fohyT0/black#106,,
00wn7,3rqrk1/1p1bp1bp/1N1p4/pP2n1p1/2PBPp2/P4P2/4B1PP/2RQ1RK1 w - - 5 21,d1a4 e5f3 e2f3 g7d4,1175,213,100,6,crushing discoveredAttack kingsideAttack middlegame short,https://lichess.org/qhHmbXor#41,,
00woo,8/r7/pkq1p1r1/R2pPp2/RPpP1Qp1/2P3Pp/4KP1P/8 w - - 1 44,b4b5 a6b5 a5a7 b5a4,1006,78,95,1648,advantage endgame short,https://lichess.org/0RoBTQw1#87,,
00wtA,rn3rk1/pb2qppp/1p2p3/2p5/1nP5/1PQ1PN2/PB2BPPP/R4RK1 b - - 4 13,b8c6 c3g7,446,109,81,230,kingsideAttack mate mateIn1 middlegame oneMove,https://lichess.org/JuPrhFKw/black#26,English_Opening English_Opening_Anglo-Indian_Defense,
00wx5,r5k1/5p1p/6p1/8/2q5/7P/P3rPP1/Q2R2K1 b - - 2 30,a8a2 d1d8 e2e8 d8e8,816,81,82,66,endgame mate mateIn2 short,https://lichess.org/X1iRyYYl/black#60,,
00x3K,r2qk2r/ppp2pp1/2npbn1p/3Np3/2B1P3/P2P1N1P/1PPQ1PP1/R3K2R b KQkq - 0 10,f6d5 e4d5 e6d5 c4d5,1120,79,88,290,advantage fork middlegame short,https://lichess.org/n0BradwB/black#20,Four_Knights_Game Four_Knights_Game_Italian_Variation,
00x47,3r4/p5kp/1p1q4/4p3/P1P1p1Qb/1PB1P3/5rPP/R5K1 b - - 1 25,g7f8 g4h4 f2f5 c3b4 d6b4 h4d8,2206,79,86,178,crushing deflection hangingPiece long middlegame pin,https://lichess.org/oExVQQ0V/black#50,,
00x5X,7r/Bp1k1ppp/b7/4P3/1b1N4/8/PP3rPP/R2K3R w - - 0 19,d4c2 f2d2 d1c1 h8c8 h1d1 c8c2,1993,75,93,2403,crushing long middlegame pin,https://lichess.org/3zRv22af#37,,
00x6f,8/3q1pkp/p5p1/1pPB2Q1/1P1b3P/P5P1/6K1/8 w - - 1 30,h4h5 h7h6 c5c6 d7d6 g5g4 d6d5,2205,88,90,1212,crushing endgame long,https://lichess.org/EHEXHrku#59,,
00xDW,7k/5Bp1/3p3p/8/4P1n1/r1rP4/6PP/1R1R2K1 b - - 0 36,c3d3 d1d3 a3d3 f7g6,1963,76,92,3101,crushing defensiveMove endgame short,https://lichess.org/wblYR1Kt/black#72,,
00xDa,q7/3kbpp1/4p3/1p1pP3/2pPb1P1/1PP1B3/1Q3P1r/R5K1 w - - 0 28,a1a8 h2h1,1294,78,88,900,endgame master mate mateIn1 oneMove operaMate,https://lichess.org/trNxydY0#55,,
00xGN,r2q1rk1/ppp1nppp/3b4/1B6/3QP3/2N2b2/PPP2PPP/R1B2RK1 w - - 0 10,g2f3 d6h2 g1h2 d8d4,967,88,95,424,advantage discoveredAttack kingsideAttack opening short,https://lichess.org/g17XFBDp#19,Nimzowitsch_Defense Nimzowitsch_Defense_Kennedy_Variation,
00xHQ,1r4k1/5p1p/3R2p1/1qN5/3Qp3/7P/5PPK/1r6 b - - 0 35,b1b4 d6d8 b8d8 d4d8 g8g7 c5d7,1703,75,93,2100,advantage defensiveMove endgame long,https://lichess.org/Bt8SnbNt/black#70,,
00xIC,3rr1k1/1R3ppp/8/2p5/q2p1B2/3Q2P1/P1R2P1P/6K1 w - - 3 28,d3c4 e8e1 g1g2 a4c6 f2f3 c6b7,1268,87,94,631,crushing fork long middlegame,https://lichess.org/b4qtd9O6#55,,
00xMV,1k1r1br1/ppp5/3p1q2/4BP2/6P1/3Q1P1p/PPP5/3RR1K1 b - - 0 26,d6e5 d3d8 f6d8 d1d8,800,113,78,49,backRankMate mate mateIn2 middlegame short,https://lichess.org/WWJj7s9K/black#52,,
00xMv,r3brk1/1pqnbp1p/p3p1p1/2ppN2Q/5P2/1P1PP1R1/PBPN2PP/R5K1 b - - 3 15,f7f6 e5g6 e8g6 g3g6 h7g6 h5g6,1764,75,89,134,crushing kingsideAttack long middlegame sacrifice,https://lichess.org/CWgUmyFG/black#30,Bird_Opening Bird_Opening_Dutch_Variation,
00xNH,r2qr1k1/p4ppp/2p2n2/3p2B1/6b1/2NQ1N1P/PPP2bP1/2KR3R b - - 0 14,e8e3 g5e3 f2e3 d3e3,1890,75,88,1002,crushing middlegame short,https://lichess.org/69SEvfvy/black#28,Sicilian_Defense Sicilian_Defense_Old_Sicilian,
00xOm,5rk1/7p/p2R2p1/1p2n1P1/2q1Q1P1/PBP5/KP5r/8 b - - 4 40,h2b2 a2b2 f8f2 e4c2 f2c2 b2c2,2090,78,90,648,advantage hangingPiece long middlegame pin,https://lichess.org/TM04eo9o/black#80,,
00xRJ,6k1/5pp1/2b1p2p/2p5/2B5/1PP3P1/r6P/3R2K1 b - - 0 26,a2c2 d1d8 g8h7 c4d3 f7f5 d3c2,1104,200,33,17,crushing endgame fork long,https://lichess.org/3ILu1mNa/black#52,,
00xWV,6k1/4b1q1/p4pP1/1p2p2P/2p3Q1/P7/1PP5/1K6 b - - 0 38,g7h6 g4e6 g8h8 e6e7,1560,76,92,193,crushing endgame fork master short,https://lichess.org/kzesoobM/black#76,,
00xWX,5Q2/7p/6pk/8/8/1Pq3pP/6P1/7K b - - 1 45,h6h5 f8f3 c3f3 g2f3,1033,75,100,399,crushing endgame queenEndgame short,https://lichess.org/zkGVEaQz/black#90,,
00xa4,2r1k3/2p1rpp1/1p1p1b1p/p2P1P1P/P1P5/3KB3/5PR1/6R1 w - - 1 30,e3h6 g7h6 g2g8 e8d7 g8c8 d7c8,991,76,90,472,advantage endgame hangingPiece long,https://lichess.org/H3LZtXxl#59,,
00xgR,8/2B3k1/4p2p/2P3pQ/3P4/4p3/6PP/4qNK1 w - - 0 34,h5e8 e1f2 g1h1 f2f1,1124,84,91,186,deflection endgame mate mateIn2 short,https://lichess.org/tNw5mP5i#67,,
00xgi,rnbq1rk1/pp4pp/4p3/3pNp1Q/2pPn3/2PBP1P1/PP1N1PP1/R3K2R b KQ - 1 11,d8e8 h5h7,1148,78,93,328,kingsideAttack mate mateIn1 middlegame oneMove,https://lichess.org/eZNcY10G/black#22,Queens_Pawn_Game Queens_Pawn_Game_London_System,
00xiD,r4rk1/4qppp/b3p3/pp1pP3/3P4/3Q4/PPB2PPP/R4RK1 b - - 1 17,b5b4 d3h7,559,91,100,297,kingsideAttack mate mateIn1 middlegame oneMove,https://lichess.org/JiOcabu9/black#34,Queens_Gambit_Declined Queens_Gambit_Declined_Other_variations,
00xmm,r6r/ppk3pp/2pN4/4P3/1b6/6PQ/PP3PKP/R1Bq4 b - - 2 24,b4d6 e5d6 d1d6 c1f4 d6f4 g3f4,999,88,93,442,advantage long middlegame pin,https://lichess.org/Pci9z8kp/black#48,,
00xnu,2R5/p2r4/knQ3p1/4B3/pq1Pb3/8/5PPP/R5K1 w - - 4 40,a1a4 b4a4 c6a4 b6a4,682,82,100,174,advantage middlegame short,https://lichess.org/Sqk5J29I#79,,
00xrk,2kr4/2p2p2/p6p/1p2q1p1/2p2n2/2N1B2P/PPB1QPP1/6K1 w - - 2 24,e3f4 e5e2 c3e2 g5f4,2324,90,86,269,crushing endgame intermezzo short,https://lichess.org/B3n7V4as#47,,
00xsd,r1bqkb1r/1p1npp1p/p2p1np1/6B1/3N4/3BP3/PPP2PPP/RN1QK2R w KQkq - 0 8,c2c4 d8a5 b1c3 a5g5,1191,79,93,1581,advantage fork opening short,https://lichess.org/bMxAVfzo#15,Zukertort_Opening Zukertort_Opening_Sicilian_Invitation,
00xte,4rb2/8/P2P2k1/4KN1p/4P1p1/3r4/R7/5R2 w - - 1 52,f5e7 f8e7 d6e7 e8e7 e5f4 e7f7,1337,78,91,2007,crushing endgame long,https://lichess.org/54WsogGa#103,,
00xvM,rn1q1b1Q/pp1k3p/2p2n2/3p4/6pP/2N5/PPP1P1B1/2KR2NR w - - 2 14,e2e4 f8h6 c1b1 d8h8,1184,77,79,66,advantage discoveredAttack middlegame short,https://lichess.org/JxY0XNjQ#27,Queens_Pawn_Game Queens_Pawn_Game_Accelerated_London_System,
00xxi,6r1/7P/5K2/8/2P2k2/P7/8/8 b - - 0 68,g8f8 f6g7 f8d8 h7h8q d8h8 g7h8 f4e4 a3a4 e4d4 a4a5,1353,75,95,8294,advancedPawn crushing defensiveMove endgame promotion quietMove rookEndgame veryLong,https://lichess.org/XrLtoaW5/black#136,,
00xyk,3r1rk1/1b1n1qn1/pp1Q2p1/2p3Pp/P1P1Pp1N/2P2B1P/5B1K/R4R2 b - - 1 25,d7e5 d6e5 d8e8 e5d6,1970,75,84,234,advantage hangingPiece middlegame short,https://lichess.org/tXpGxaU8/black#50,,
00y0m,r5k1/2B2pp1/rP2p1p1/P2q4/3Pp3/R6P/5PP1/1R4K1 b - - 6 32,a6a5 a3a5 a8a5 b6b7 d5b7 b1b7 a5a1 g1h2,1643,75,93,381,advancedPawn advantage endgame veryLong,https://lichess.org/sNHDn4FD/black#64,,
00y2j,3r4/1pB3kp/2b1Pp2/1pN2RpK/1P6/7P/6r1/8 w - - 0 34,c7d8 c6e8,1522,78,91,10746,endgame mate mateIn1 morphysMate oneMove,https://lichess.org/5qeC9Wl2#67,,
00y3g,8/4Qpk1/p3p2p/1p1b3r/7P/3B4/2P3PK/4r3 b - - 4 44,e1d1 d3e2 h5h4 e7h4,2096,75,86,1379,advantage endgame fork short,https://lichess.org/8yjVFUQ7/black#88,,
00y9H,r2q1rk1/1pp2ppp/8/p2pn3/P2bN3/3BB2Q/1P3PPP/R4RK1 b - - 1 17,d4e3 e4f6 g7f6 h3h7,1380,76,79,208,kingsideAttack master mate mateIn2 middlegame sacrifice short,https://lichess.org/FQvSnbkl/black#34,Italian_Game Italian_Game_Classical_Variation,
00yDE,3r2k1/4Q1pp/4pp2/pP6/P1BpP1PP/8/7K/3q4 b - - 1 34,d8f8 c4e6 g8h8 e7f8,1358,123,50,23,deflection endgame mate mateIn2 short,https://lichess.org/RJCQ5Aaf/black#68,,
00yHW,8/1p4r1/PR6/6pk/8/6PP/6K1/8 b - - 0 40,b7a6 g3g4 h5h4 b6h6,937,80,96,1139,endgame mate mateIn2 rookEndgame short,https://lichess.org/jJ4ZSQGJ/black#80,,
00yIS,3r3k/p5p1/5q1p/8/P1b5/4Q1RP/6BK/8 b - - 6 42,d8d3 e3e8 c4g8 g3d3,1055,76,100,833,advantage deflection discoveredAttack endgame master short,https://lichess.org/fIQfIXST/black#84,,
00yLn,2k1b3/pp6/2p1N1p1/2P2p2/3K4/P4r2/8/R7 b - - 1 31,e8f7 e6g5 f7d5 g5f3,1321,83,84,145,endgame equality fork short,https://lichess.org/JgcSpYyU/black#62,,
00yOA,8/8/8/6KP/p7/8/k7/8 b - - 0 50,a2b3 h5h6 a4a3 h6h7 b3c2 h7h8q,845,93,83,39,advancedPawn crushing endgame long pawnEndgame promotion,https://lichess.org/6AX65aKY/black#100,,
00yP0,2r1r1k1/7p/1q2pp1Q/p2p3R/3P4/2P4P/P4PP1/6K1 b - - 0 27,b6c7 h6f6 c7g7 h5g5 g7g5 f6g5,1412,79,93,1846,advantage endgame long pin,https://lichess.org/miwYfpK0/black#54,,
00yPS,5k2/p3pp2/7p/2Qp1P2/6B1/6q1/2K5/8 b - - 2 43,g3g4 c5c8 f8g7 f5f6 g7f6 c8g4,1069,90,94,791,crushing discoveredAttack endgame long queenEndgame,https://lichess.org/pyTEOQI7/black#86,,
00ySR,2r1rk2/pp1R3p/1b4p1/6B1/4p2P/1B6/PP3PP1/6K1 b - - 0 31,c8c7 g5h6,1483,79,94,4379,endgame mate mateIn1 oneMove,https://lichess.org/kReszzMZ/black#62,,
00yTd,6k1/5p2/2p1q3/3p2Q1/p1nB4/5P1P/6PK/8 b - - 5 50,e6g6 g5d8 g8h7 d8h8,894,93,95,470,endgame mate mateIn2 short,https://lichess.org/6VYqBISA/black#100,,
00yTt,r4rk1/1ppq1pbp/p5p1/2pPp3/P1B1Pn2/2N1QN2/1PP2P2/R3RK2 w - - 4 18,c3e2 d7h3 f1g1 h3g2,987,89,92,80,mate mateIn2 middlegame short,https://lichess.org/ytEUqvnI#35,Modern_Defense Modern_Defense_Other_variations,
00yWQ,8/5pk1/4b2p/8/2r1NKP1/4P2P/5R2/8 w - - 12 51,f4f3 e6d5 f2d2 d5e4,1282,77,92,4631,crushing endgame master masterVsMaster short,https://lichess.org/lJke9dkh#101,,
00yYi,2k3rr/ppp2p1p/2b5/4Nn2/3p1Q2/1P2P1Pq/P1PP1P1P/RN3RK1 w - - 0 18,e3e4 f5h4 f4h4 h3h4,1955,75,70,133,crushing middlegame pin quietMove short,https://lichess.org/15WcPt98#35,Vant_Kruijs_Opening Vant_Kruijs_Opening_Other_variations,
00ybx,6k1/p7/2p1r1bp/3p2p1/8/1PP3BP/P4P2/3R1K2 w - - 0 35,d1e1 g6d3 f1g2 e6e1,947,77,100,196,crushing deflection endgame master short,https://lichess.org/PfEadzZz#69,,
00yfI,r1b5/1p3kpp/p1nBpn2/3p4/3P4/P1NQ4/1PP1B1qP/2K2R2 w - - 2 17,d3h7 g2f1 e2f1 f6h7,1712,76,96,3460,advantage middlegame short,https://lichess.org/yil6l4iC#33,Rapport-Jobava_System Rapport-Jobava_System_Other_variations,
00yfJ,r1b1k2r/p4p1p/2p1p3/1pR1Pp2/qn1P4/2Q2N1P/5PP1/1B3RK1 b kq - 0 19,b4d5 c5d5 c6d5 c3c6,1642,76,93,356,clearance crushing middlegame sacrifice short,https://lichess.org/3cvQUqUJ/black#38,Queens_Gambit_Declined Queens_Gambit_Declined_Other_variations,
00yjj,4r1rk/2pq3p/R7/1p3p2/5P2/1PP4P/1P2pQN1/4R1K1 w - - 5 33,e1e2 d7d1 f2f1 d1e2 f1e2 e8e2,1449,76,89,1207,crushing long middlegame,https://lichess.org/9cC8AGOi#65,,
00ymq,Q7/4ppbk/6pp/5q2/4n3/4PNBP/Pr3PP1/3R2K1 w - - 2 31,a2a4 e4g3 f2g3 f5c2,1528,76,93,3404,clearance crushing middlegame short,https://lichess.org/V4mcVabC#61,,
00ynV,3r3r/1p3pk1/1q3NpR/p7/2B5/2P2Q2/1PK2PP1/8 b - - 0 30,h8h6 f6e8 g7h8 f3f7 d8d2 c2d2,1954,75,100,221,endgame,https://lichess.org/oQvJjKHd/black#60,,
00ynd,6k1/4ppbp/1p1p1np1/pN1P4/7P/1P2B1P1/P6K/5B2 w - - 2 35,f1c4 f6g4 h2g2 g4e3,601,96,84,92,advantage endgame fork short,https://lichess.org/7uJ0SzTV#69,,
00ysx,1k5r/ppq2p2/2pN4/4PBb1/2P2pp1/1P5r/P1Q3KP/3RR3 w - - 5 28,e1h1 f4f3 g2f1 g4g3 f5h3 h8h3,1970,80,76,38,crushing long middlegame sacrifice,https://lichess.org/r1xzDowk#55,,
00yt1,r3rk2/pp3pbp/6pn/4N3/2Qp1P2/1P5P/6P1/3R2K1 b - - 0 25,h6f5 c4f7,1117,76,100,347,mate mateIn1 middlegame oneMove,https://lichess.org/biaYCFuX/black#50,,
00yve,4kb2/2p4p/ppN1P1p1/8/2P5/r2n2P1/2K4P/3R4 b - - 3 34,d3c5 d1d8,551,97,63,122,endgame mate mateIn1 oneMove,https://lichess.org/HcXAtVm7/black#68,,
00yxD,3r2rk/1b3p1Q/p1q2Pp1/1p6/6P1/P2BR3/1PP2R1P/6K1 b - - 0 28,h8h7 e3h3,975,90,95,304,master mate mateIn1 middlegame oneMove,https://lichess.org/oxu2DM5K/black#56,,
00yyG,8/4p1k1/p2pRq2/3P1p2/6r1/1P4Q1/4PP2/6K1 w - - 4 39,e6f6 g4g3 g1h2 g7f6 h2g3 f6e5,1970,75,88,248,crushing endgame intermezzo long master,https://lichess.org/VKkNCGtE#77,,
00yzd,6k1/8/4p1p1/1P5p/1B2PP2/3pb1KP/2p5/4R3 w - - 2 36,g3f3 d3d2 b4d2 e3d2 b5b6 d2e1,1743,75,94,2621,advancedPawn advantage endgame long,https://lichess.org/c9Rb9dVt#71,,
00yzf,3rk3/3N2R1/4P1pr/3pP3/2p5/6p1/PP6/2K5 b - - 3 29,g3g2 d7f6 e8f8 g7f7,1884,77,94,3744,endgame mate mateIn2 short vukovicMate,https://lichess.org/OIVHVypq/black#58,,
00z22,r7/pRp2pkp/3p1pr1/4pQ2/3bP3/5PB1/P1q3PP/1R5K b - - 1 22,d4f2 b7b2 c2b2 b1b2,1837,74,86,703,advantage middlegame short,https://lichess.org/kIudbW7M/black#44,,
00z3O,r2qr1k1/pp3pp1/2p2n1p/3bR3/3P4/3Q1N1P/PPB2PP1/4R1K1 b - - 11 23,d5f3 e5e8 d8e8 e1e8,1096,79,90,1379,advantage kingsideAttack middlegame short,https://lichess.org/TpSbqrpL/black#46,,
00z6Y,r3k2r/1pp5/p1b1pq1b/3p2Np/3P1BnP/8/PPP2PP1/RN1QK2R w KQkq - 0 14,f4e5 f6f2,982,103,38,34,attackingF2F7 mate mateIn1 middlegame oneMove,https://lichess.org/OgaDpQ2R#27,French_Defense French_Defense_Advance_Variation,
00z6j,r3qrk1/p6p/1p2pbp1/3pn3/3Q2P1/P6R/1B3P2/1B4KR b - - 1 28,e5g4 d4g4 f6b2 h3h7,1949,77,28,62,advantage kingsideAttack master middlegame short,https://lichess.org/XsKxGTMs/black#56,,
00z82,r3rbk1/1p1n1ppp/p2p4/q1pP4/4RP2/1P1B1Q1P/1BP3P1/5RK1 b - - 0 18,e8e4 f3e4 g7g6 f4f5,1592,75,91,595,advantage master middlegame short,https://lichess.org/YzMUMMSq/black#36,Queens_Pawn_Game Queens_Pawn_Game_Other_variations,
00z9K,4B3/1b5p/p5k1/3p3R/6P1/1P6/KPrn1r2/7R b - - 2 34,g6g7 h5h7 g7f8 h7b7,2209,89,90,716,advantage master middlegame short skewer,https://lichess.org/slx46h53/black#68,,
00zDW,1r1r3k/p2qR1pp/b1p5/2p3Q1/8/2PPR2P/PP3PP1/6K1 b - - 2 26,d7d5 g5g7,1174,77,88,230,kingsideAttack mate mateIn1 middlegame oneMove,https://lichess.org/SuDrO2FW/black#52,,
00zDb,8/1pk1q3/1n3p2/2r2Pp1/p2QP2p/PB3P2/KP4P1/3R4 w - - 0 36,b3a4 c5c4 d4d3 c4a4,1926,78,89,266,advantage endgame interference master masterVsMaster short,https://lichess.org/QzK6TTSA#71,,
00zI4,r2q1rk1/pb3ppp/1p2p3/2nn4/8/P1N1PN2/1P1Q1PPP/1BR1K2R b K - 1 13,c5b3 d2c2 g7g6 c2b3,1911,75,96,2676,crushing opening short,https://lichess.org/z6EaD3I9/black#26,Queens_Gambit_Declined Queens_Gambit_Declined_Other_variations,
00zL1,r7/kp6/p1n1b3/2Q5/7B/8/P4PPP/4qBK1 b - - 2 30,a7b8 h4g3 b8c8 c5d6 e1a5 d6e6,2155,76,79,71,crushing long middlegame,https://lichess.org/OwNorsd0/black#60,,
00zNz,r1bqk2r/pp1np1bp/2p3p1/3pNB2/3P1B2/4P3/PPP2PPP/R2QK2R b KQkq - 0 10,g6f5 d1h5 e8f8 h5f7,1121,83,94,5557,mate mateIn2 opening short,https://lichess.org/kZTBqbqj/black#20,Queens_Pawn_Game Queens_Pawn_Game_Accelerated_London_System,
00zOQ,2r3k1/p7/7p/1p4p1/6R1/3B1q1P/2P4P/2B3RK w - - 6 35,g1g2 c8e8 c1d2 f3d1 g2g1 d1d2,1925,75,90,781,advantage deflection endgame long quietMove,https://lichess.org/SQjfd0KV#69,,
00zQz,4rrk1/pB4pp/2N2p2/2p5/6b1/1PN3P1/P1P2P1P/R3nK2 w - - 0 21,a1e1 g4h3 f1g1 e8e1,1282,77,86,251,deflection mate mateIn2 middlegame pillsburysMate short,https://lichess.org/omHw8uCB#41,,
00zUZ,r1q2rk1/1p1b1pbp/p2p2n1/2p2N2/P3PR2/2NP2QP/1PP3BK/R7 b - - 4 20,g6f4 g3g7,989,79,84,237,kingsideAttack mate mateIn1 middlegame oneMove,https://lichess.org/z7BskeaK/black#40,,
00zVd,3rkbnr/1pp3pp/p4p2/4N3/4b3/8/PPP2PPP/RNB1R1K1 w k - 0 11,e1e4 d8d1 e4e1 d1e1,676,97,86,988,backRankMate fork mate mateIn2 middlegame short,https://lichess.org/i2LOkagE#21,Ruy_Lopez Ruy_Lopez_Steinitz_Defense,
00zdb,2rqr1k1/pb3p2/1p4pp/n2p4/P1pRnN2/2P2N1P/BPQ2PP1/3R2K1 b - - 2 20,c8c5 d4e4 d5e4 d1d8,1816,79,93,2920,advantage discoveredAttack master middlegame short,https://lichess.org/kUZZ0jiG/black#40,,
00zeF,5b1r/1pk3pp/pN2p3/8/4n1Pq/3r3P/PQ3P2/2R1K2R b K - 1 20,c7b8 c1c8 b8a7 c8a8,1807,76,92,614,mate mateIn2 middlegame queensideAttack short,https://lichess.org/ZFl1I0x7/black#40,,
00zg2,3r1rk1/p1N2ppp/1p1P4/4n3/4P1q1/P1Q5/3R2PP/3R2K1 b - - 5 28,e5f3 c3f3,1019,218,0,5,crushing middlegame oneMove,https://lichess.org/3bQtELrC/black#56,,
00zgl,3r1rk1/1b3ppp/p1p1p3/1pqNP1b1/5P2/3B4/PPP1Q1PP/3R1R1K w - - 0 18,d3h7 g8h7 f4g5 d8d5,1852,77,88,931,middlegame,https://lichess.org/lkvK26St#35,Sicilian_Defense Sicilian_Defense_Four_Knights_Variation,
00ziz,8/p1p2k1p/Pp5P/1PPP1K2/3P4/8/8/2b5 b - - 0 45,c1h6 d5d6 c7d6 c5b6,2066,76,90,848,bishopEndgame crushing deflection endgame short,https://lichess.org/wdStyvNQ/black#90,,
00zkP,6k1/5qp1/2R4p/1pQ1B3/4pP2/8/4rPPP/r1R3K1 w - - 1 32,c6c7 e2e1 c1e1 a1e1,1459,84,77,682,backRankMate mate mateIn2 middlegame short xRayAttack,https://lichess.org/tuhKG5T9#63,,
00zmB,2k4r/pp3ppp/6b1/2pQP3/8/2q5/P4PPP/R1B1K2R w KQ - 0 20,e1f1 g6d3 d5d3 c3d3,1176,80,100,107,crushing middlegame short,https://lichess.org/UrDfa3MQ#39,,
00zqB,3r1rk1/pp6/5pb1/2p2q2/8/P2P4/1PP4Q/2K3RR b - - 1 27,c5c4 h2h7,1800,84,88,1342,mate mateIn1 middlegame oneMove pin,https://lichess.org/EURKTOGv/black#54,,
00zrq,7R/6P1/p3p2P/1p2k3/4p3/2Pp4/r5r1/3R3K b - - 2 40,e4e3 g7g8q g2g8 h8g8 e3e2 d1e1,2071,75,82,225,advancedPawn crushing endgame long promotion,https://lichess.org/KXvGlWhK/black#80,,
00zu9,8/1p3p2/4p1k1/P2pPpPp/1p1P3K/1P5P/5P2/8 w - - 8 43,f2f3 f5f4 a5a6 f7f6 e5f6 b7a6,2540,85,92,774,crushing endgame long master pawnEndgame quietMove zugzwang,https://lichess.org/N8dGqspE#85,,
00zxV,rn3k1r/pp2p2p/2p2np1/8/2B5/4q3/PQP3PP/RN3K1R b - - 3 14,f6e4 b2h8,636,87,83,222,hangingPiece mate mateIn1 middlegame oneMove,https://lichess.org/sGDfLqiU/black#28,Caro-Kann_Defense Caro-Kann_Defense_Maroczy_Variation,
0100g,8/8/5k2/R7/2P1K2r/8/P7/8 w - - 1 43,e4d5 h4h5 d5d6 h5a5,873,76,90,312,crushing endgame rookEndgame short skewer,https://lichess.org/PPDNNe1y#85,,
0103M,2kr1b1r/pppb1p1p/1q6/4p3/1P1n4/2P1BN2/5PPP/R2QKB1R w KQ - 2 16,c3d4 e5d4 d1d4 f8b4,2176,84,85,66,crushing opening short,https://lichess.org/lHWulFLi#31,Scandinavian_Defense Scandinavian_Defense_Main_Line,
0104L,6k1/pQ3pp1/7p/8/3P4/6Pb/PPr2r1P/2R3K1 w - - 0 25,c1c2 f2f1,1010,76,99,983,endgame mate mateIn1 oneMove operaMate,https://lichess.org/3aGTwTFn#49,,
0104o,6rk/2QR3p/p5q1/1p6/4n1P1/PP3P2/8/6K1 b - - 0 41,e4g5 c7c3 g6g7 d7g7,2073,84,91,498,advantage endgame master short,https://lichess.org/OYnoP8U4/black#82,,
0109N,r2qkbnr/1p2pppp/p1n5/4N3/2BP2b1/8/PP3PPP/RNBQ1RK1 b kq - 3 8,g4d1 c4f7,1215,76,84,204,attackingF2F7 mate mateIn1 oneMove opening,https://lichess.org/4ZP4Jh3Y/black#16,Caro-Kann_Defense Caro-Kann_Defense_Panov_Attack,
0109V,r5k1/pp3ppp/2pq1n2/3b4/3P2N1/2PQ4/PPB2PPP/4R1K1 b - - 0 22,f6g4 d3h7 g8f8 h7h8,822,77,91,131,kingsideAttack mate mateIn2 middlegame short,https://lichess.org/uYXxLb8F/black#44,,
0109Y,r3r2Q/p3kpn1/5q2/3p4/1p5P/3B1PR1/PPP2nP1/1K2R3 b - - 6 27,e7d7 d3b5 d7d6 b5e8 a8e8 e1e8,2050,78,90,331,advantage long middlegame skewer,https://lichess.org/VLvS4i1J/black#54,,
010Ev,4b1k1/1p3p2/4pPp1/3p2Rp/p2P3R/q1rBQ2P/6P1/6K1 w - - 0 30,d3g6 a3c1 e3c1 c3c1 g1h2 f7g6,2657,79,67,88,crushing long middlegame,https://lichess.org/UOMjn4Zf#59,,
010I0,2kr4/pppq1p2/8/3pP3/2P1nQ2/N3PR2/PP4r1/2KR4 b - - 0 25,e4g3 f3g3 g2g3 f4g3,1386,77,92,66,advantage middlegame short,https://lichess.org/Plylrzip/black#50,,
010Jc,rnb1k2r/bpqp1pp1/p3p3/7p/4P1n1/1NNB3P/PPP2PP1/R1BQ1R1K w kq - 1 11,d1e2 c7h2,444,109,96,1939,master mate mateIn1 oneMove opening,https://lichess.org/zDw0FRz2#21,Sicilian_Defense Sicilian_Defense_Kan_Variation,
010MJ,3r2k1/pR3pp1/8/5p1p/3n1q2/5P2/PP4R1/6QK b - - 4 29,d4f3 g2g7 g8h8 g7h7 h8h7 b7f7 h7h8 g1g7,1500,76,97,2922,attraction endgame mate mateIn4 sacrifice veryLong,https://lichess.org/TZpqMy3A/black#58,,
010N8,8/3r3p/pp1pk1pP/2rR1pP1/P1PRpP2/1P2P3/4K3/8 b - - 1 37,c5d5 c4d5 e6e7 d4c4,1968,74,73,92,crushing endgame rookEndgame short,https://lichess.org/SVWon15d/black#74,,
010Sa,3r2k1/pb2q3/4p3/2p2p1Q/3p4/3R3R/PPP2PrP/5K2 b - - 1 26,g2g7 d3g3 e7f6 g3g7 g8g7 h5h7 g7f8 h7b7,2672,91,86,89,advantage attraction exposedKing middlegame skewer veryLong,https://lichess.org/0gZrULlt/black#52,,
010WS,6k1/p2Q4/3p2p1/8/3qPn2/5P2/PPR3PP/6K1 w - - 2 37,c2f2 f4e2 g1h1 d4d1 f2f1 d1f1,2073,76,100,973,endgame long mate mateIn3 pin,https://lichess.org/WNpzh8ee#73,,
010Yv,r2q1r1k/1b2b2p/p4n2/np1pQ3/8/7P/PPB2PP1/RNB1R1K1 b - - 1 20,d8d6 e5e7 d6e7 e1e7,1438,75,99,2047,advantage middlegame short,https://lichess.org/wfd7IC1C/black#40,,
010ZV,r2qk1nr/p1pbb1pp/4p3/2pp1P2/2B5/8/PPP1Q1PP/RNB2RK1 b kq - 0 13,d5c4 e2h5 g7g6 f5g6,1432,77,91,692,crushing opening short,https://lichess.org/TyuyYtZG/black#26,Ruy_Lopez Ruy_Lopez_Steinitz_Defense,
010gX,8/R4pk1/6p1/3Bn3/P1P3P1/1r5K/6P1/8 w - - 1 37,h3h2 e5g4 h2g1 b3b1,1130,205,100,7,endgame mate mateIn2 short,https://lichess.org/M8JiVXgH#73,,
010hK,3r1rk1/pp2ppbp/2n3p1/6q1/8/PBp1PP1P/2P1QP1K/R1B2R2 b - - 5 18,c6e5 f3f4 g5f6 f4e5,1082,92,100,29,middlegame,https://lichess.org/2luV29tB/black#36,Vant_Kruijs_Opening Vant_Kruijs_Opening_Other_variations,
010hY,4r1k1/4rp2/2p4p/p2bNQp1/4P3/2P5/Pq3PPP/R3R1K1 w - - 1 26,e4d5 e7e5 f5e5 e8e5,972,90,94,340,crushing middlegame short,https://lichess.org/Mk8l4jxb#51,,
010p7,3R2k1/4r2p/pp2r1p1/1p2P1P1/2p5/P3n3/1P5P/5RK1 b - - 1 36,g8g7 f1f8 e7a7 f8g8,1856,137,65,37,endgame equality quietMove short,https://lichess.org/lOnXhRq8/black#72,,
010pI,r5k1/1bpNb1qp/p3p3/1p4pp/3P1P1Q/2P5/PP5P/3R1RK1 w - - 0 25,f4g5 e7g5 h4g3 h5h4,2343,91,90,336,crushing middlegame short,https://lichess.org/8aKfhH2K#49,,
010rQ,r3kb1r/1p1b1p2/p2ppp1p/n1q2P1B/3NP3/2N3R1/P1PQ2PP/1R4K1 b kq - 0 19,a5c4 d2f2 e6e5 d4e6 c5f2 g1f2,2295,90,89,1159,advantage long middlegame pin quietMove,https://lichess.org/vbymThWp/black#38,Sicilian_Defense Sicilian_Defense_Najdorf_Variation,
010ta,2r2rk1/1p3ppp/1q1p1nb1/1p6/2pPPRPN/P1P4P/BP6/R2Q2K1 b - - 0 20,g6e4 g4g5 f6d5 f4e4,1474,76,75,320,advantage middlegame short,https://lichess.org/Fz8XsPzW/black#40,,
010wy,r6r/ppp1k1pp/3pBn2/2b2Qq1/4P3/2N5/PPP3PP/R4K1R b - - 4 16,g5e3 c3d5 e7d8 d5e3,1540,75,47,86,crushing fork middlegame short,https://lichess.org/EQ63c8rq/black#32,Italian_Game Italian_Game_Two_Knights_Defense,
0112g,7R/8/8/8/3k4/4p3/r7/4K3 b - - 1 57,a2a4 h8h4 d4c3 h4a4,1061,75,84,185,crushing endgame rookEndgame short skewer,https://lichess.org/OT4wj1GG/black#114,,
0115S,r4r1k/1p4pp/1p6/2pQ4/4n1qP/PP3Pp1/1BP1P1K1/1R4R1 w - - 1 23,f3g4 f8f2 g2h3 f2h2,953,82,97,196,mate mateIn2 middlegame short,https://lichess.org/PJQnMRfy#45,,
0116f,r3k1r1/2pq1p2/p2p1R2/4p1np/P1B1P1b1/2NPP3/2P3PP/R3Q1K1 w q - 1 19,h2h4 g5f3 g1f1 f3e1,1927,76,84,148,advantage kingsideAttack middlegame short,https://lichess.org/daJy5C0V#37,,
01194,5qk1/p1pb2p1/5p2/r2N1P1p/2Pp3Q/2n5/P5PP/R4RK1 w - - 0 25,h4d4 c3e2 g1h1 e2d4,939,109,95,2653,crushing fork middlegame short,https://lichess.org/KqOvYIB5#49,,
0119E,5R1k/4q2p/3Np1bP/4P3/3P2P1/2n5/8/5QK1 b - - 6 45,e7f8 f1f8,492,95,86,1350,endgame hangingPiece mate mateIn1 oneMove,https://lichess.org/krqkZh3J/black#90,,
0119G,5rk1/p5pp/b1p1p1p1/2qpP2P/5PQ1/2N3P1/PrP5/2KR3R w - - 0 18,c1b2 f8b8 b2c1 c5e3 d1d2 e3c3,2235,79,76,73,crushing fork long middlegame,https://lichess.org/lFAuKAq6#35,Caro-Kann_Defense Caro-Kann_Defense_Other_variations,
011A6,1r1q1rk1/pb3pbp/1p1pnnp1/1Np5/2P5/PP3NP1/1B3PBP/Q1RR2K1 b - - 5 20,d6d5 c4d5,1632,76,68,100,advantage oneMove opening,https://lichess.org/7QbYroZU/black#40,,
011EP,1r2k3/2q1npp1/p3p1p1/3pP1P1/1p1NnP1r/1P2Q3/P1P1N3/1K1RR3 b - - 0 23,e8d7 d4f3 d7e8 f3h4,2241,82,84,227,advantage middlegame short,https://lichess.org/kVorefr5/black#46,,
011GG,1R1Q4/5ppk/7p/4Pb2/1P6/2b5/3r3P/1K1R4 w - - 3 36,b1c1 d2c2 c1b1 c2b2 b1a1 b2h2,2076,84,89,153,discoveredAttack discoveredCheck doubleCheck endgame exposedKing long mate mateIn3 morphysMate,https://lichess.org/VzSTV2sV#71,,
011J1,4R3/5ppk/7p/2p2q2/1n6/2Br2P1/5P1P/1Q4K1 w - - 0 35,c3b4 d3g3 f2g3 f5b1,1387,90,92,1680,advantage discoveredAttack endgame short,https://lichess.org/xl6zG0ZK#69,,
011JG,r1r3k1/4pp1p/3p2p1/8/q2bPP2/1N1R4/1PP2QPP/1K3R2 w - - 0 26,d3d4 a4a2 b1c1 a2b3,1593,75,90,459,crushing middlegame pin queensideAttack short,https://lichess.org/IjOYhQ0O#51,,
011LP,8/2k4p/p3Pp2/1p6/1P1Kp3/P7/6PP/8 b - - 1 36,f6f5 g2g4 f5g4 d4e4,2080,82,91,2089,crushing deflection endgame master pawnEndgame short,https://lichess.org/dTjUhKxj/black#72,,
011N0,r5k1/p1pN1p2/1p1b2p1/3p1n2/3P4/2P3Pq/P2Q1P1P/1R2R1K1 w - - 3 23,e1e2 f5h4 d7f6 g8g7,1882,76,89,487,advantage defensiveMove middlegame quietMove short,https://lichess.org/Yf2OQhf9#45,,
011ON,2k5/1n3ppp/p7/3P4/4n3/8/P4PPP/1R3K2 w - - 0 30,f1e2 e4c3 e2d3 c3b1,792,92,93,191,crushing endgame fork short,https://lichess.org/MB8FzkNO#59,,
011Ob,1B6/5kpp/8/pp1K4/8/3N4/6rP/8 b - - 0 37,g2g4 d3e5 f7f6 e5g4,595,85,84,240,advantage endgame fork short,https://lichess.org/Vx1Uvz3B/black#74,,
011RD,7r/2p1k3/1p6/p3R2r/P2Q1pb1/2P5/q1PK1PP1/6R1 b - - 0 38,e7f7 d4f4 g4f5 e5f5 h5f5 f4f5,1694,75,86,133,crushing exposedKing fork long master middlegame,https://lichess.org/rBgndHmx/black#76,,
011To,r2qkbnr/pp1np2p/2p2pp1/3p1N2/3P1B2/4P3/PPPN1PPP/R2QKB1R b KQkq - 0 7,g6f5 d1h5,704,97,93,166,mate mateIn1 oneMove opening,https://lichess.org/2g2LOz4f/black#14,Queens_Pawn_Game Queens_Pawn_Game_Other_variations,
011Un,1k6/p2bRq2/1p1P1Pp1/2p4p/7r/5QK1/P5P1/8 b - - 7 37,h4g4 f3g4 d7g4 e7f7,1353,81,94,18759,crushing endgame short,https://lichess.org/I7ZvBtLI/black#74,,
011VT,r2qr1k1/3n1pN1/2pb1p2/pp6/3P2bp/2PBB3/PPQ2PPP/1K1RR3 b - - 0 16,g4d1 c2d1 e8e3 e1e3 g8g7 d1g4,2015,77,83,70,advantage long middlegame,https://lichess.org/PuMQsQGm/black#32,Caro-Kann_Defense Caro-Kann_Defense_Tartakower_Variation,
011cm,k7/pn1R1pp1/8/2P1q2p/Q2p3P/5P2/P4PK1/4r3 b - - 0 40,e5f5 a4c6 f5g6 c6g6 f7g6 c5c6,2380,149,85,30,endgame equality long,https://lichess.org/dGJtv35L/black#80,,
011jz,2rrk3/p1p2p2/1p3P2/2p1P1PR/7p/1P6/P5P1/6K1 b - - 0 32,d8d5 h5h8 e8d7 h8c8 d7c8 e5e6,2633,82,100,324,advantage endgame long rookEndgame,https://lichess.org/6KYnVEu8/black#64,,
011ki,4rk2/p3qppp/1p6/3QN3/P2P2P1/6KP/8/8 b - - 0 31,f7f6 e5d7 e7d7 d5d7,1070,79,57,40,crushing endgame short,https://lichess.org/pKNaiZMw/black#62,,
011l5,7r/2pP2k1/pp3pp1/3P1bP1/P1P5/8/1B1K4/8 b - - 0 35,h8d8 b2f6 g7f8 f6d8 f5d7 d8c7,1358,190,0,17,crushing endgame fork long,https://lichess.org/vKJUTFGf/black#70,,
011o8,2r5/1p4bk/p2q2p1/3p1bQn/3B4/P1NP1N1P/1P6/K3R3 b - - 0 33,g7h6 e1e7 h7g8 g5h6,1532,75,88,3320,crushing deflection master middlegame short,https://lichess.org/8aKh42cj/black#66,,
011u9,8/pp5p/8/3N4/2P5/1P1bR2P/P2r1k2/7K w - - 1 43,h1h2 d3e4 e3e4 f2f3,2183,76,86,95,crushing discoveredAttack discoveredCheck endgame master sacrifice short,https://lichess.org/v1fKvYgL#85,,
011zd,r4rk1/pq3ppp/Rn2p3/Q2pN3/2pP4/4P3/1PP2PPP/R5K1 w - - 11 19,a6a7 a8a7 a5a7 f8a8 a7a8 b6a8,1732,76,94,441,advantage long middlegame,https://lichess.org/lTAUw1DU#37,,
0122Z,r1bqkr2/1pp3pN/p1np4/4pp2/2B1n3/P1NP3P/1PP2KP1/R1BQ3R w q - 0 11,f2e3 f5f4 e3e4 c8f5 e4f3 d8h4,2430,87,68,114,advantage fork long middlegame sacrifice,https://lichess.org/U6CzZYMP#21,Kings_Knight_Opening Kings_Knight_Opening_Normal_Variation,
0122y,r3r1k1/ppp2ppp/1b1p4/6q1/1PN1Pn2/P4P1b/1BP1BP1P/R2QR2K w - - 7 17,e1g1 h3g2 g1g2 g5g2,1079,76,84,385,kingsideAttack mate mateIn2 middlegame short,https://lichess.org/X05JZ3HQ#33,Center_Game Center_Game_Normal_Variation,
0123H,3r1r1k/5Qpp/1qp3n1/p3p1N1/P2B4/3P4/B1P2P2/R4K2 b - - 2 25,b6d4 f7g8 f8g8 g5f7,1316,94,84,476,mate mateIn2 middlegame sacrifice short smotheredMate,https://lichess.org/6hjQTc1v/black#50,,
01243,r7/pp1Qp1B1/8/3kb3/4q3/8/PP3PP1/5K2 b - - 4 34,e5d6 d7b7 d5e6 b7e4,1561,75,97,18366,crushing deflection endgame fork master short skewer,https://lichess.org/dfLW8TS1/black#68,,
01244,4r1k1/5ppp/n1R2b2/1B3P2/2Q2p1P/pP2qP2/P1P5/1K5R w - - 3 28,b5a6 e3e1 h1e1 e8e1,611,105,98,746,mate mateIn2 middlegame queensideAttack sacrifice short,https://lichess.org/IPXRSTGY#55,,
0125B,8/1p6/1Pr2P2/1Rp3K1/3p4/4k3/8/8 b - - 0 44,c6f6 g5f6 c5c4 b5e5,2159,78,92,2281,crushing endgame hangingPiece rookEndgame short,https://lichess.org/x10SD0Y1/black#88,,
01273,8/p1B1Q2p/1p3pk1/6p1/3P2P1/2P1nP1K/P3q2P/8 w - - 9 36,e7e4 g6h6 e4e3 e2e3,1816,77,92,140,crushing defensiveMove endgame master pin short,https://lichess.org/9n1XKNs2#71,,
0127O,8/6k1/5R2/1K4Pp/1P6/2P5/6r1/8 w - - 1 63,c3c4 g2g5 b5a6 g7f6,1751,132,75,13,crushing endgame rookEndgame short,https://lichess.org/A9E5QoNO#125,,
0128O,r4rk1/1q1p2pp/p1b1p3/2p1Q3/8/1B6/PPP2PPP/3RR1K1 b - - 0 21,c6g2 d1d7 b7d7 b3e6 g8h8 e6d7,1748,78,93,3601,advantage attraction fork long middlegame sacrifice,https://lichess.org/FF3AWxWW/black#42,,
012AZ,r1bqk2r/pp1p1ppp/2p5/4p3/1PP3n1/P1NnP1P1/3PKPBP/R1BQ3R w kq - 3 11,e2d3 g4f2 d3c2 f2d1,920,107,74,44,crushing fork middlegame short,https://lichess.org/YsPR7RYU#21,English_Opening English_Opening_Carls-Bremen_System,
012Dg,r2qkb1r/1pp2ppp/p5b1/4nP2/3p4/6N1/PPP1PP1P/R2QKBNR w KQkq - 0 12,f5g6 f8b4 c2c3 d4c3,1368,76,92,2100,advantage opening short,https://lichess.org/2fFOvrpM#23,Queens_Pawn_Game Queens_Pawn_Game_Chigorin_Variation,
012Fl,2b2k1r/2q2p2/p1p2PpP/4p3/2r1B3/5Q2/P1P4P/R2R3K b - - 0 24,h8h6 f3e3 h6h2 h1h2,2537,79,81,205,crushing master middlegame short,https://lichess.org/A5XXEOaT/black#48,,
012Fq,r5k1/1pn2p1p/p2p2p1/2pP3P/P1Pb2q1/3B2B1/1P1QrP2/R4RK1 w - - 0 21,d2e2 g4g3 g1h1 g3h3,1384,104,88,50,crushing kingsideAttack master middlegame pin short,https://lichess.org/4wKjjNM7#41,,
012K5,8/3Q1kpp/8/3K4/6P1/8/7P/q7 b - - 9 46,f7g6 d7f5 g6h6 f5h5,1196,83,89,489,endgame mate mateIn2 queenEndgame short,https://lichess.org/ideT1zK1/black#92,,
012LI,6k1/p4p1p/4bp2/1p2p3/3r4/KP1nQPN1/P5B1/8 w - - 0 33,g2f1 d4a4 b3a4 b5b4,2194,78,95,3231,endgame master mate mateIn2 sacrifice short,https://lichess.org/ITMhkGpD#65,,
012QY,2rq1rk1/pb2bppp/1p2p3/8/3N4/P1P1P3/4BPPP/1Q1R1RK1 b - - 0 18,a7a6 d4e6 f7e6 d1d8,1223,114,85,17,advantage discoveredAttack middlegame short,https://lichess.org/JFyDpiwO/black#36,Queens_Gambit_Declined Queens_Gambit_Declined_Other_variations,
012ee,rb4k1/2q3pp/P3pp2/3pN3/1Q1P4/4P3/2P2PPP/R5K1 w - - 2 26,e5d3 c7h2 g1f1 h2h1 f1e2 h1a1,1090,76,86,1078,advantage endgame kingsideAttack long skewer,https://lichess.org/zrmGJ1qH#51,,
012kB,rb3rk1/1pqn1ppp/2p2n2/p1Pp1p2/3P4/PPN1P3/1B2BPPP/R2QK2R w KQ - 0 13,e1g1 c7h2,1046,231,100,16,kingsideAttack mate mateIn1 oneMove opening,https://lichess.org/0SUHdXWc#25,Queens_Pawn_Game Queens_Pawn_Game_Colle_System,
012kM,5r2/1pp4k/p1n1p2p/3p2p1/3P2P1/2P2q2/PP1Q1P2/1K3R1R w - - 5 31,d2g5 f3d3 b1c1 d3f1 h1f1 h6g5,1550,76,95,19030,crushing endgame long,https://lichess.org/fJcBht8L#61,,
012sr,1k1r3r/p2b1p1p/Bp2pq2/3p4/1Q6/3N1N2/PbP2PPP/4R1K1 b - - 3 20,b2a1 b4d6 b8a8 d6c7,1539,75,91,646,advantage master middlegame short,https://lichess.org/hw8EPMBK/black#40,,
012tD,1Q6/5ppk/7p/2pr4/4p3/4P3/2p2PPP/R5K1 w - - 1 36,b8b2 d5d1 a1d1 c2d1q,764,82,97,434,advancedPawn backRankMate endgame mate mateIn2 promotion queenRookEndgame short,https://lichess.org/j9DjK4AK#71,,
012uA,r4r2/p1p2k1R/6R1/3n1pB1/1q1Pb3/8/1P2Q1PP/6K1 b - - 2 35,f7g6 e2h5,1139,77,84,177,mate mateIn1 middlegame oneMove triangleMate,https://lichess.org/giEyOLMZ/black#70,,
012uN,8/p2n1k2/5P2/5KPP/2P5/8/n7/8 b - - 1 49,a2c3 g5g6 f7f8 h5h6,1929,75,88,336,crushing endgame knightEndgame short,https://lichess.org/wCxVSTya/black#98,,
012wC,r2q1rk1/pbpn1p2/1p1bpn1Q/8/8/1B1P1NN1/PPP2PPP/R3K2R b KQ - 0 12,f6h7 g3h5 d8f6 h5f6,1452,76,98,2942,advantage kingsideAttack middlegame quietMove short,https://lichess.org/0Dqefo5O/black#24,French_Defense French_Defense_Two_Knights_Variation,
012wW,8/8/7p/7P/2k2Kp1/6P1/8/8 b - - 5 46,c4d5 f4f5 d5d4 f5g6,1846,79,94,10280,crushing endgame pawnEndgame short,https://lichess.org/LUerdvbI/black#92,,
01312,8/pp6/8/2pp1k1P/8/2P3K1/PP6/8 b - - 0 39,d5d4 c3d4 c5d4 g3f3,1964,82,91,927,crushing defensiveMove endgame pawnEndgame short,https://lichess.org/9U62VOsr/black#78,,
01337,1k1r4/ppp3r1/8/P1b5/4R3/7P/1PP5/R6K b - - 0 25,d8d2 e4e8 d2d8 e8d8,576,104,73,561,backRankMate endgame mate mateIn2 short,https://lichess.org/rf2MrMXn/black#50,,
0133E,7r/6p1/1pp5/p3N1k1/2P3p1/5K1P/8/7R w - - 0 35,f3g3 h8h3 h1h3 g4h3,1529,116,0,29,crushing endgame short,https://lichess.org/rDaqriiN#69,,
0134q,k2r3r/ppq3pb/2p1Pp1p/8/1b1N2P1/3P3P/PB1N2Q1/2KR3R w - - 0 22,d2c4 c7f4 c1b1 d8d4 b2d4 f4d4,1966,80,88,37,advantage long middlegame queensideAttack,https://lichess.org/H2X51qia#43,,
0135c,8/3n1k2/p3p1p1/3p2P1/2pP2N1/PrP1KP2/1P4R1/8 w - - 4 41,e3d2 b3b2 d2e1 b2g2,745,81,97,602,crushing endgame short skewer,https://lichess.org/cKkSaaA1#81,,
0135i,8/6Rr/7P/3p4/2pk1p2/3b3R/6PK/8 w - - 6 57,h3d3 c4d3 g7h7 d3d2 h7f7 d2d1q,1474,78,92,869,advancedPawn advantage endgame long master masterVsMaster promotion rookEndgame,https://lichess.org/bsAwZfBu#113,,
01382,r6k/5qp1/2pb3p/1p2P3/3P4/2P3Q1/1P4PP/5R1K w - - 0 29,f1f7 a8a1 g3e1 a1e1 f7f1 e1f1,848,109,69,38,backRankMate endgame long mate mateIn3,https://lichess.org/0nSum8Dd#57,,
01398,1kr5/pp2b3/B1p1p3/B1P1Np1p/3P1P1q/1P5b/1PR2RPP/6K1 b - - 0 27,b7a6 g2g3 c8g8 g1h1 h4g4 e5g4,2436,101,89,659,advantage long middlegame,https://lichess.org/5NyTG075/black#54,,
0139J,r2q2rk/pp3pbn/2p1b3/3p3P/3P1Q2/2NB1P2/PPP3P1/2KR3R b - - 2 21,g7h6 f4h6 d8g5 h6g5,804,92,52,116,advantage hangingPiece middlegame short,https://lichess.org/Yv8XOEuW/black#42,,
013BM,8/1p1k4/8/p1p5/P4P2/8/5PK1/8 w - - 0 43,g2f3 b7b5 a4b5 a5a4 f3e4 a4a3,1861,77,89,65,crushing endgame long pawnEndgame quietMove,https://lichess.org/T3u84BrZ#85,,
013Gp,r4r2/pppbk1pQ/4p2p/4P1q1/4Pn2/6P1/PP5P/RB1N1R1K b - - 2 24,f4g6 h7g7 e7e8 f1f6,2252,116,38,33,collinearMove crushing master middlegame short,https://lichess.org/QqEjlJCC/black#48,,
013JE,6k1/ppp3pp/2nbrqr1/4p3/3PRp2/2B2N1b/PPPQ1PPP/4RBK1 b - - 0 19,g6g2 f1g2 f6g6 f3h4,1077,92,94,5720,crushing middlegame short,https://lichess.org/mVDHR9TG/black#38,Russian_Game Russian_Game_Other_variations,
013Jo,rnb2rk1/ppp3pp/3bpq2/4N3/2BPpB2/4Q3/PPP2PPP/R3K2R w KQ - 2 12,e3e4 f6f4 e4f4 f8f4,1410,76,94,428,advantage middlegame short,https://lichess.org/njF5FvKF#23,Scandinavian_Defense Scandinavian_Defense_Valencian_Variation,
013Kj,2r2rk1/pp2qp2/4p3/3p2P1/3P4/P1N4Q/1PP5/1R4K1 b - - 0 30,e7g5 g1h1 g5g6 b1g1 g8g7 g1g6,1929,75,94,9894,advantage clearance defensiveMove endgame long master pin,https://lichess.org/4AEbIHFo/black#60,,
013NZ,8/pp1r1q1k/2p1p1np/4Q1p1/P3P1N1/1P3P1P/1BP2P1K/8 b - - 2 27,f7f4 e5f4 g6f4 g4f6,867,79,100,148,crushing endgame master short,https://lichess.org/6Ro1Jjgo/black#54,,
013U2,r1b2k2/p2pbP2/1pn3pr/1P5p/2B5/P1B3N1/2P3PP/1K2R3 b - - 0 23,c6d8 e1e7 f8e7 c3b4 d7d6 b4d6,2199,77,94,7282,attraction crushing exposedKing long middlegame sacrifice,https://lichess.org/5k5xgjEM/black#46,,
013UL,rb3rk1/5ppp/p1pqbn2/2Np4/1P2p3/P3P3/1B1PBPPP/2RQ1RK1 w - - 2 18,h2h3 d6h2,447,102,100,403,mate mateIn1 oneMove opening,https://lichess.org/dEyOmy3v#35,Nimzo-Larsen_Attack Nimzo-Larsen_Attack_Modern_Variation,
013bF,8/6pk/8/R7/5Pp1/p5P1/7P/r3K3 w - - 2 46,e1d2 a3a2 d2c3 a1c1,1604,75,84,112,advancedPawn crushing endgame rookEndgame short,https://lichess.org/8o63NDRm#91,,
013fd,8/8/1P4p1/3B3p/R3P3/5PkP/1q4P1/R6K w - - 1 46,b6b7 b2g2,974,78,92,649,endgame mate mateIn1 oneMove,https://lichess.org/BPn9r0Ab#91,,
013gO,2r5/p3b1k1/8/4pp1K/2Pp2p1/6P1/P1P1Rq1P/R2Q4 w - - 4 29,e2f2 c8h8,777,84,100,451,endgame mate mateIn1 oneMove pillsburysMate,https://lichess.org/tTkDD3Pb#57,,
013h1,r1bqk1nr/1p3ppp/p3p3/3pP3/1b1PP3/2N5/PP4PP/R1BQKB1R b KQkq - 0 9,d5e4 d1a4 c8d7 a4b4,1218,117,83,36,advantage fork opening short,https://lichess.org/3L3zhonx/black#18,Sicilian_Defense Sicilian_Defense_McDonnell_Attack,
013hi,2k5/bpp2B2/p1np4/4pR2/PP2P1q1/1NPP2P1/5RK1/8 b - - 6 30,a7f2 f7e6 c8d8 f5f8 d8e7 e6g4,1133,75,97,10770,crushing discoveredAttack endgame fork long,https://lichess.org/Ckj1gHe9/black#60,,
013oK,8/8/p3r2k/1Q5p/3P2q1/2P5/PP6/1K3R2 w - - 0 31,b5c5 g4e4 b1c1 e4e3 c1c2 e3e2 c2b3 e2f1,1244,76,100,688,advantage endgame fork master veryLong,https://lichess.org/k3Bt26MM#61,,
013tu,r3kb1r/1p3ppp/p1n5/2p1q3/B3P1n1/2NP4/PP2N1PP/R1BQK2R w KQkq - 0 13,e1g1 e5h2,586,90,74,194,kingsideAttack mate mateIn1 oneMove opening,https://lichess.org/xvLgsbP6#25,Sicilian_Defense Sicilian_Defense_Staunton-Cochrane_Variation,
013v0,8/6pk/4Q1bp/1pNp4/3q2P1/7P/6K1/5R2 w - - 0 45,c5d7 g6e4 f1f3 d4d2 g2g3 d2e1 g3f4 g7g5 f4e5 e4f3,2031,79,89,53,advantage discoveredAttack discoveredCheck endgame pin veryLong,https://lichess.org/AuMxUYDw#89,,
013vX,2k5/2p2p2/P1N3p1/1PK2n2/7p/8/2P2P2/8 b - - 0 41,h4h3 b5b6 f5d6 c6e7 c8d7 a6a7,2634,95,75,104,advancedPawn crushing endgame knightEndgame long,https://lichess.org/E3V8WTvF/black#82,,
013zx,1r1q1rk1/1b2bppp/p7/1p1ppP2/3pP1Q1/P2P2P1/BPP4P/R1B2RK1 b - - 1 16,d5e4 c1h6 e7f6 h6g7 f6g7 f5f6 d8f6 f1f6,1842,78,93,3753,crushing middlegame pin sacrifice veryLong,https://lichess.org/XaFfvB93/black#32,Sicilian_Defense Sicilian_Defense_Closed,
01432,8/8/5pk1/1p4pp/1P6/2P3PP/3K4/8 b - - 0 39,g5g4 h3g4 h5h4 g3h4,1947,76,48,348,crushing endgame pawnEndgame short,https://lichess.org/vMNcp4iO/black#78,,
0147O,2N3k1/1p5p/BP4p1/3n1p2/4p3/2n3P1/5P1P/6K1 b - - 5 37,c3a4 a6c4 g8g7 c4d5,1572,79,91,519,advantage endgame pin short,https://lichess.org/Eyah7wJR/black#74,,
01485,r2qr3/p2n1kp1/b1pb1n1p/8/1p1P1N2/1Q3N1P/PP3PP1/R1B1R1K1 b - - 1 16,f7f8 f4g6,1182,76,98,1331,mate mateIn1 middlegame oneMove,https://lichess.org/Qku6iH4j/black#32,French_Defense French_Defense_Exchange_Variation,
01496,1k6/p3r3/1pK5/2n4R/4p3/8/8/8 b - - 8 52,e4e3 h5h8 e7e8 h8e8,674,80,83,139,endgame mate mateIn2 short,https://lichess.org/uK9cK0oT/black#104,,
014It,1k1r4/p1p3pp/Pp3r2/3pR3/Q2N4/8/1PPq1PPP/4R1K1 w - - 3 25,e5e8 d2f2 g1h1 f2f1 e1f1 f6f1,1390,79,89,441,backRankMate long mate mateIn3 middlegame sacrifice,https://lichess.org/xX1gLSnb#49,,
014K4,8/7p/5kpP/p4p2/8/2bR4/P2p1PP1/6K1 w - - 4 44,d3d6 f6e5 d6d3 e5e4,1905,76,92,505,crushing defensiveMove endgame short,https://lichess.org/Nsm0s8cz#87,,
014KA,r4rk1/5ppp/p3b3/1p2P3/3n1PP1/N6P/PP6/R1B1R1K1 w - - 0 19,c1e3 d4f3 g1f2 f3e1,904,80,89,562,advantage fork middlegame short,https://lichess.org/rYPgnIhY#37,Kings_Knight_Opening Kings_Knight_Opening_Other_variations,
014M7,7r/6kP/6P1/p5K1/8/8/1p6/6R1 b - - 1 52,a5a4 g1d1 h8h7 d1d7,2570,80,79,220,crushing endgame quietMove rookEndgame short,https://lichess.org/jzJ3xLJ4/black#104,,
014OS,8/p7/1b6/1Kp5/2P2pk1/1P6/5P1B/8 w - - 0 37,f2f3 g4f3 b3b4 c5b4,1131,94,87,472,bishopEndgame crushing endgame short,https://lichess.org/iqvWcZe5#73,,
014QG,7k/p5pp/8/3Q4/8/2N2r1b/PP3q1P/6RK w - - 0 28,c3d1 f2g1 h1g1 f3f1,1688,148,43,8,attraction endgame mate mateIn2 sacrifice short,https://lichess.org/3pQew1Vw#55,,
014Sm,7k/6p1/4R2p/3r4/6nP/4B3/5PP1/6K1 w - - 3 44,e3f4 d5d1 e6e1 d1e1,562,82,100,140,endgame mate mateIn2 short,https://lichess.org/vOOr8GTX#87,,
014eN,r5k1/1pp3pp/2np3q/p3p3/6n1/1P2PNN1/PBP2PBr/R2Q2K1 w - - 4 19,f3h2 h6h2 g1f1 g4e3 f2e3 a8f8,2065,90,91,1474,advantage kingsideAttack long middlegame,https://lichess.org/i2SoBtXC#37,Russian_Game Russian_Game_Three_Knights_Game,
014gw,r2qkb1r/1p2pppp/p2p1n2/2p1N2b/P1B1P3/3P3P/1PPN1PP1/R1BQ1RK1 b kq - 0 9,h5d1 c4f7,1103,78,93,1835,attackingF2F7 mate mateIn1 middlegame oneMove,https://lichess.org/6ZOSpfpG/black#18,Sicilian_Defense Sicilian_Defense_Old_Sicilian,
014p4,3rn2r/pp1q1pkp/2n1b1p1/1Np1p3/8/4N1P1/PP1QPPBP/R2R2K1 w - - 0 18,g2c6 d7d2 d1d2 d8d2,1176,77,95,9645,crushing master middlegame short,https://lichess.org/uHz0wNEM#35,Benoni_Defense Benoni_Defense_Old_Benoni,
014pk,2r4k/qpr2p2/2nBpNpP/p2pP3/3n1Q2/5N2/5P1P/1R3RK1 w - - 0 31,f6g4 d4e2 g1h1 e2f4,1075,92,94,565,advantage fork middlegame short,https://lichess.org/zoGZCDOk#61,,
014sU,7r/4qpk1/2bp4/p3p1PB/1r2P3/1P2Q1K1/P2R4/7R w - - 2 40,d2f2 b4e4 e3e4 c6e4,1395,112,43,68,crushing middlegame short,https://lichess.org/NemReOag#79,,
014vH,4k3/pp3p1Q/1q2pP2/3p4/3P4/bP3NN1/r1n3PP/5RK1 w - - 1 25,f3e5 b6d4 g1h1 d4e5,1122,76,97,1480,crushing fork middlegame short,https://lichess.org/bwKV9ixj#49,,
0150p,8/pp4k1/2b2pr1/3r1R2/PP1Q4/8/7P/7K w - - 0 31,f5d5 g6g5 h2h4 g5d5 d4d5 c6d5,1677,114,94,26,crushing endgame long pin,https://lichess.org/ljSM8oB3#61,,
0155R,4r1k1/pp2qp2/3p2pB/2nP4/P1P5/2P2R2/5QPP/4rRK1 w - - 7 24,f3f7 e1f1 g1f1 e7f7 f2f7 g8f7,1411,75,99,3015,crushing intermezzo long middlegame,https://lichess.org/Z7m6cvFe#47,,
0156I,2k5/1p5R/3K4/P5r1/8/1p6/8/8 b - - 1 46,g5b5 h7h8,1344,81,93,164,endgame master mate mateIn1 oneMove rookEndgame,https://lichess.org/n79dNELk/black#92,,
0156a,2k4r/ppp1q1p1/3b2p1/3Q4/1P2NPn1/P1P3N1/6P1/R1B2RKr w - - 5 21,g3h1 h8h1 g1h1 e7h4 h1g1 h4h2,1504,78,94,14046,attraction kingsideAttack long mate mateIn3 middlegame sacrifice,https://lichess.org/oux7jARd#41,,
0158C,3r3k/1Qp3p1/p4q1p/8/3n4/5N2/PPP2PPP/2K1R3 w - - 1 23,f3d4 f6d4 a2a3 d4d2 c1b1 d2e1,1686,77,93,2268,crushing endgame fork long,https://lichess.org/7mhSAvLf#45,,
0158e,4k3/4p2R/1pp1P1p1/8/3pN3/4b3/rPP3PP/5K2 b - - 2 25,a2b2 h7h8,994,106,95,351,endgame mate mateIn1 oneMove,https://lichess.org/m4d8gFcL/black#50,,
015BC,r2qkr2/npp2pQ1/p1b1pP1B/3n4/1P6/P1N5/5PPP/R4RK1 b q - 1 24,d8d6 c3e4 e8c8 e4d6,1753,75,86,409,crushing middlegame short,https://lichess.org/0YIbmrPb/black#48,,
015Da,8/8/8/3N3P/k1nP4/1p6/1p6/1K6 w - - 2 57,h5h6 a4a3 h6h7 c4d2,1867,80,75,154,endgame knightEndgame master mate mateIn2 short,https://lichess.org/f8OzcTll#113,,
015Di,r2k1bnr/p1pp1Bpp/1p3q2/4N1B1/3p4/2P5/PP2QPbP/RN2K2R b KQ - 2 10,f6g5 e5c6 g2c6 e2e8,1673,77,90,2572,clearance mate mateIn2 opening sacrifice short,https://lichess.org/T3BCr5TM/black#20,Kings_Pawn_Game Kings_Pawn_Game_McConnell_Defense,
015Ft,8/1k6/p7/2Q4P/p2K1P2/1q6/8/8 w - - 4 55,c5d5 b3d5 d4d5 a4a3 h5h6 a3a2,768,84,98,472,advancedPawn crushing endgame long queenEndgame,https://lichess.org/xgqA6jLW#109,,
015JI,4r3/pp3kp1/5q2/3P3R/8/2b3PP/P3QP1K/3R4 w - - 1 34,e2c4 f6f2 h2h1 f2f3,1744,74,94,5605,crushing endgame short,https://lichess.org/K311M60I#67,,
015JV,8/p5p1/1p3p2/4pkp1/3p2P1/1P1P1K1P/P1P2P2/8 b - - 0 37,f5g6 f3e4 g6f7 e4d5,1761,76,94,542,advantage endgame pawnEndgame short,https://lichess.org/U52Iy8wA/black#74,,
015Kw,2r1r1k1/5p2/p3p3/1p1p4/3PnQP1/2P4R/PPqN1K2/R7 w - - 1 27,f2g1 c2d2 f4d2 e4d2,1675,74,85,573,crushing middlegame short,https://lichess.org/9iI3Okx5#53,,
015Mk,r3k2r/p4ppp/2p1p3/q2pPn2/Qb1P1Pb1/2N2N2/PP1B2PP/R4RK1 b kq - 5 14,g4f3 a4c6 e8e7 c6b7,1961,76,76,87,advantage fork middlegame short,https://lichess.org/Osk8Y30x/black#28,Caro-Kann_Defense Caro-Kann_Defense_Other_variations,
015Qo,r3k2r/1p2ppb1/2p3p1/p1N5/2qPP3/B1n3Pp/2Q2P1P/RR4KB w kq - 0 25,a3b2 c3e2 c2e2 c4e2,992,79,83,100,advantage kingsideAttack middlegame short,https://lichess.org/PSbrZihY#49,,
015RS,5r1k/7P/pp6/q1p5/3pPrb1/1P1B3Q/2P1K1R1/7R w - - 0 46,g2g4 f4f2 e2d1 a5a1,942,81,90,478,mate mateIn2 middlegame short,https://lichess.org/zPu2pktU#91,,
015Vc,q4r1k/5pbp/2Np1np1/3P2B1/pQb5/5B2/P4PPP/4R1K1 b - - 1 23,c4d5 g5f6 d5c6 f6g7 h8g7 b4c3,1835,78,90,1765,attraction crushing kingsideAttack long master middlegame,https://lichess.org/FNbRfhVX/black#46,,
015ah,r5k1/p3Rppp/1p6/1b6/7P/4P1P1/5PB1/6K1 b - - 2 29,g8f8 e7e5 a8b8 e5b5,1769,74,72,102,advantage endgame short,https://lichess.org/zA7Cykt8/black#58,,
015fL,8/R7/p1p4P/1p6/1P6/2kP4/3N3r/1K6 w - - 0 50,b1c1 h2h1 d2f1 h1f1,862,77,100,368,endgame mate mateIn2 short,https://lichess.org/jrrGqPUC#99,,
015hW,6k1/5pb1/p6p/1p4p1/7P/5BQ1/PP1q1PP1/6K1 w - - 1 36,h4g5 d2e1 g1h2 g7e5,1171,79,66,63,advantage endgame pin short,https://lichess.org/8k8hhT4m#71,,
015i1,r2q1rk1/pp1bnpp1/2n1p3/2b1P1NQ/3p4/P7/1P3PPP/RNB2RK1 b - - 3 13,e7g6 h5h7,791,83,77,129,mate mateIn1 oneMove opening,https://lichess.org/Gk8K5tC9/black#26,French_Defense French_Defense_Advance_Variation,
015jf,2r1r1k1/1p3p1p/p3p1pQ/3b4/7R/1P1P1P2/2P3PP/q3NK1R b - - 4 24,c8c2 h6h7 g8f8 h7h8 a1h8 h4h8 f8g7 h8e8,1079,85,88,83,advantage kingsideAttack middlegame skewer veryLong,https://lichess.org/vskqyq7m/black#48,,
015mX,r3k2r/1ppqb2p/p1b1N1p1/3pPR2/3P2Q1/2P5/PP4PP/RNB3K1 b kq - 0 14,g6f5 g4h5,1394,76,97,5700,mate mateIn1 middlegame oneMove,https://lichess.org/ErH9zs0M/black#28,French_Defense French_Defense_Advance_Variation,
015nZ,8/8/1k4p1/1P2Bp1p/2K5/7P/5bP1/8 b - - 1 42,f2e3 e5d4 e3d4 c4d4 g6g5 d4e5,1354,89,70,39,bishopEndgame crushing endgame long,https://lichess.org/ZxuVCrK6/black#84,,
015pp,8/8/8/3pp3/5P1R/r3k3/6K1/8 b - - 0 51,e5f4 h4h3 e3e2 h3a3 d5d4 a3a2,1600,74,85,1339,crushing endgame long rookEndgame skewer,https://lichess.org/gORdjPkR/black#102,,
015qm,r2q3r/5k2/R2Pp3/1pbR2pp/8/1P4B1/1P2QPPP/6K1 b - - 0 22,e6d5 a6a8 d8a8 e2e7 f7g6 e7e6,1969,76,80,248,advantage exposedKing long master middlegame,https://lichess.org/ZaaeYWsF/black#44,,
015ue,8/1p6/p5p1/2P2p2/kP6/P2KP3/6P1/8 w - - 0 38,e3e4 f5e4 d3e4 a4a3,1404,79,86,81,crushing endgame pawnEndgame short,https://lichess.org/tpB5vkf3#75,,
015zy,4k3/7r/4PPN1/p5KP/8/p1P5/2P4P/8 w - - 0 48,f6f7 h7f7 e6f7 e8f7 h5h6 f7g8 g6e5 g8h7,2157,104,88,953,crushing endgame sacrifice veryLong,https://lichess.org/yaVqimDk#95,,
0162G,2r1kb1r/1p3ppp/p7/3ppP2/8/1P1PBP2/P4RPP/R5K1 w k - 1 21,a1c1 c8c1 e3c1 f8c5,781,105,94,1408,crushing endgame pin short,https://lichess.org/cwvenor8#41,,
0164A,8/8/3p1k1p/3Pqpp1/2Q5/6PP/5P1K/8 w - - 3 34,h2g2 e5e4 c4e4 f5e4,1104,75,89,291,crushing endgame queenEndgame short,https://lichess.org/0Tp4aMQy#67,,
0165r,8/7r/2R4P/6k1/4p3/8/4KP2/8 b - - 4 51,h7h6 c6h6 g5h6 e2e3 h6g5 e3e4 g5f6 e4f4,1743,75,93,2806,crushing defensiveMove endgame rookEndgame veryLong,https://lichess.org/0zQouwGT/black#102,,
0168z,5r1k/ppb2Bp1/1qr4p/6P1/P6P/2P1P3/1P3Q2/R1B2RK1 w - - 1 28,g5g6 c6g6 f7g6 f8f2 f1f2 b6g6,1623,99,82,21,advantage long middlegame,https://lichess.org/dT2blug2#55,,
016BD,r1bqk2r/pp4pp/3b1B2/3pNn2/4p3/2N5/PPP2PPP/R2QKB1R b KQkq - 0 11,g7f6 d1h5 e8f8 h5f7,1655,74,79,182,mate mateIn2 opening short,https://lichess.org/qzKzWmta/black#22,Nimzowitsch_Defense Nimzowitsch_Defense_Kennedy_Variation,
016F4,1k1r3r/1p6/2b5/2p2p2/1bP5/1P3N1p/RP6/1KBR4 w - - 2 29,d1d8 h8d8 c1f4 b8c8 a2a8 c8d7 f3e5 d7e8 a8d8 e8d8,1725,76,93,2445,crushing middlegame veryLong,https://lichess.org/SZVJ7jSR#57,,
016I9,8/1b2R1kp/p7/3p2P1/PP1n2KP/2r5/3N4/8 b - - 5 46,g7g6 h4h5,1140,80,93,1167,endgame mate mateIn1 oneMove,https://lichess.org/soXqrI59/black#92,,
016IE,1knq2rr/pp1b1R2/2p1p3/P2pP3/1P1P1Q1P/2PB2P1/7P/R5K1 b - - 0 25,h8h4 f7d7 h4f4 d7d8 g8d8 g3f4,1820,82,68,39,crushing long middlegame,https://lichess.org/6wrA4nQa/black#50,,
016Im,3r2k1/ppp5/1b6/5Npp/6p1/1P1p2P1/PB1Pn1KP/4R3 b - - 3 29,d8d5 f5e7 g8f7 e7d5,731,78,100,256,advantage endgame fork short,https://lichess.org/0r15kPZY/black#58,,
016Ju,4Rbk1/p4p1p/6p1/8/1PQ5/2P3NP/2rq1PP1/6K1 w - - 1 31,g3e4 c2c1 g1h2 d2f4 g2g3 f4f3 e8f8 g8f8 c4c5 f8g8,2094,78,92,7075,crushing defensiveMove endgame veryLong,https://lichess.org/l9CpsKKt#61,,
016Kd,2Qn2k1/5p2/2pb4/3p4/3Pr1p1/2P3P1/PP1q1P1N/5RK1 b - - 3 29,e4e8 c8d7 d2e2 d7d6,2156,79,80,65,advantage fork master middlegame short,https://lichess.org/wZXkCK90/black#58,,
016MG,3r1rk1/2pb1pp1/1pn4p/3Q4/4p1q1/2P3P1/PP2PPBP/R1BR2K1 w - - 1 19,d5e4 d7f5 d1d8 f5e4 d8f8 g8f8,2019,75,89,399,advantage long middlegame,https://lichess.org/AJs536up#37,,
016Ny,r3k3/ppp3pp/8/3Bp3/3n2bq/3P4/PPP3PP/RNBQ2K1 w q - 1 16,d1f1 d4e2 f1e2 g4e2,1116,76,93,245,crushing kingsideAttack middlegame short,https://lichess.org/pHjrycLz#31,Italian_Game Italian_Game_Two_Knights_Defense,
016Oz,k7/1p3q1r/pP1Qp3/3p1p1p/7P/5KP1/5P2/8 b - - 1 46,f7d7 d6f8 d7c8 f8c8,1063,75,80,199,endgame mate mateIn2 short,https://lichess.org/Nwf1qBB4/black#92,,
016TW,rn4k1/pbpp2pp/1p2p2r/3P4/2P1Pp2/2BB1PqP/PP4P1/R2QRK2 b - - 2 16,e6d5 e4d5 h6h3 e1e8 g8f7 g2h3,2020,149,0,58,advantage intermezzo long middlegame,https://lichess.org/xW9ANDJZ/black#32,English_Opening English_Opening_Other_variations,
016Ym,2k4r/p2p4/8/1ppq1p2/5P2/3P1Q2/PP5P/5R1K b - - 1 32,d5a2 f3a8 c8c7 a8h8 a2d5 h1g1,1080,119,52,17,advantage endgame long skewer,https://lichess.org/QmlasXVy/black#64,,
016aw,6k1/4pp2/3p2p1/8/1P1QP2p/5Pqb/6r1/2R2BK1 w - - 0 38,f1g2 g3g2,651,106,75,204,endgame master mate mateIn1 oneMove,https://lichess.org/wGrXfzA5#75,,
016b0,r5k1/p2Q1pp1/1p2P1rp/2p5/P1Pp4/5q2/1P3P1P/3RRK2 b - - 0 31,g6g2 d7f7 f3f7 e6f7 g8f7 f1g2,1952,75,96,2100,advancedPawn advantage endgame kingsideAttack long,https://lichess.org/C1u2znVn/black#62,,
016ck,8/2k5/1p3p2/p1PBp1p1/P2bP1Pn/4BP2/5K2/8 w - - 1 55,c5b6 c7b6 f2e2 d4e3 e2e3 b6c5,2621,85,97,412,crushing endgame long,https://lichess.org/PVvyxG44#109,,
016e7,6r1/p6p/1p1ppk1r/4Np2/2PPnp2/7P/PP2RPPK/3R4 w - - 0 31,e5d3 f4f3 g2f3 e4g5,2071,77,92,1129,advantage endgame master short,https://lichess.org/bLngQf8j#61,,
016fz,8/8/3R4/1P3k2/2Bb2pK/8/7r/8 w - - 1 63,h4g3 d4e5,1733,84,91,1560,endgame mate mateIn1 oneMove,https://lichess.org/jAbGFT6B#125,,
016jq,3rr1k1/pp2qpb1/2n2n2/4p2p/2P4P/2NBBP2/PPQ2P2/2KR3R w - - 3 17,d1g1 c6b4 e3h6 b4c2 g1g7 g8h8,2096,76,28,210,advantage long middlegame,https://lichess.org/BQ17R23n#33,Indian_Defense Indian_Defense_West_Indian_Defense,
016ow,1B3k2/5P2/5K2/7p/P4P1P/8/2p5/8 b - - 0 47,c2c1q b8d6,703,122,94,420,endgame mate mateIn1 oneMove,https://lichess.org/QZ9ccrd5/black#94,,
016rF,r4qk1/pppb2p1/1bnp1R2/6N1/8/2NQ2B1/PP4PP/7K b - - 0 19,f8f6 d3h7 g8f8 h7h8 f8e7 c3d5,1799,74,95,8680,kingsideAttack long mate mateIn3 middlegame,https://lichess.org/IoUBUxjr/black#38,Kings_Gambit_Declined Kings_Gambit_Declined_Queens_Knight_Defense,
016sC,1r2k2r/4bp2/2R1p1p1/pp2PnN1/1p1P1n1p/5N1P/PP3BP1/1KR5 b k - 1 26,f4d3 c6c8 b8c8 c1c8,753,82,100,76,advantage master middlegame short,https://lichess.org/52CuEb9p/black#52,,
016vg,4r1k1/2R3p1/p3r2p/1p2p3/1q3P2/1P4P1/P3Q2P/4R1K1 w - - 0 31,f4e5 e6e5 e2e5 e8e5 e1e5 b4d4 g1f1 d4e5,2084,76,95,891,attraction crushing endgame fork veryLong,https://lichess.org/h2gQMWMU#61,,
016yu,4r1k1/p5pp/1p3n2/5Q2/1q3B2/5P2/PP3P1P/2R3K1 w - - 5 24,f5d3 b4f4 d3c4 f4c4,1860,76,92,456,advantage endgame hangingPiece master short,https://lichess.org/VPxWNzzq#47,,
01749,2r3k1/5ppp/4p3/3n4/2QB4/1r4P1/5PKP/R2q4 b - - 1 32,c8c4 a1a8 b3b8 a8b8 c4c8 b8c8,553,97,90,1178,endgame long mate mateIn3,https://lichess.org/OVh3Rgxm/black#64,,
0175u,4r1k1/4qp2/3p3p/3P1np1/8/2Q5/1P3PPP/R2N2K1 w - - 2 30,g1f1 e7e2 f1g1 e2e1 c3e1 e8e1,1248,123,88,29,backRankMate endgame long mate mateIn3,https://lichess.org/ZAjVr7XP#59,,
0177Y,1r5k/p3p1rp/4R1p1/4Qp2/3P4/1q2P2P/6P1/5RK1 b - - 1 28,b8b7 f1c1 b3e6 e5e6,2007,76,89,221,crushing endgame quietMove short,https://lichess.org/s5gEde7G/black#56,,
017AB,8/5k2/7p/1R4p1/4P1K1/5P1P/1pr5/8 w - - 2 51,g4f5 c2c5 b5c5 b2b1q,1153,86,93,764,advancedPawn crushing deflection endgame promotion rookEndgame short,https://lichess.org/2zYITnbk#101,,
017Ag,8/8/5k2/p1p5/P1P2K2/1P6/8/8 w - - 5 59,f4g4 f6e5 g4g5 e5d4 g5f4 d4c3,918,98,92,64,crushing endgame long pawnEndgame,https://lichess.org/v4Ljewag#117,,
017Bw,r3k2r/1p3ppp/p4n2/3PpbB1/1n6/2N5/PP2PPPP/R2K1B1R b kq - 4 12,f6d5 e2e4 d5c3 b2c3,1774,77,93,2557,advantage fork master middlegame short,https://lichess.org/HuzRGKgz/black#24,English_Opening English_Opening_Symmetrical_Variation,
017Lc,r1b2rk1/pp3ppp/2p1pn2/8/2P5/n5Q1/PP1BN1PP/Kq1R1B1R w - - 10 22,d1b1 a3c2,1059,150,83,21,mate mateIn1 oneMove opening smotheredMate,https://lichess.org/VaAPfIHH#43,,
017Ou,r3k1r1/pp3pP1/1qp1p3/6Bb/4P2P/3Q4/PpP2PB1/1K2R3 b q - 0 23,b6f2 d3d6 f2e1 b1b2,2238,76,94,661,crushing master middlegame sacrifice short,https://lichess.org/C7v3p5U8/black#46,,
017Ut,3r3r/pp3pp1/5k2/2pbq3/3N4/Q4PP1/PPP1N2p/R3R2K w - - 1 22,a3c5 d5f3 d4f3 e5c5,962,78,97,349,advantage discoveredAttack middlegame short,https://lichess.org/Q8jg89Uy#43,,
017Vq,5q1k/pr4pp/2p4B/8/3Q3P/2P5/P1PK4/4R3 w - - 5 30,d4e5 b7d7 d2e2 d7e7 e5e7 f8e7,1593,75,89,1355,advantage endgame long pin,https://lichess.org/bMC4eGik#59,,
017Wg,2r5/pp3pkp/5np1/1q6/2N5/1P5P/PQ3PP1/2R3K1 w - - 3 28,c1d1 c8c4 d1d6 c4f4,1922,77,89,230,advantage endgame short,https://lichess.org/gCZYiLpw#55,,
017c1,8/8/8/1p6/4k3/2p4P/rP2RK2/8 b - - 1 49,e4d4 b2c3 d4c3 e2a2,1129,100,92,1438,crushing discoveredAttack endgame rookEndgame short,https://lichess.org/xat94cnU/black#98,,
017qV,2Q5/1p4pk/p6p/2P5/P5KP/1q4P1/8/8 w - - 2 52,c5c6 b3a4 g4h3 a4c6,1916,75,91,662,crushing endgame queenEndgame short,https://lichess.org/e3kBUIph#103,,
017qa,3rr1k1/p1n2pp1/1p1q3p/2pBR3/8/5N1P/PP2QPP1/4R1K1 b - - 0 21,c7d5 e5e8 d8e8 e2e8,1004,85,77,133,crushing kingsideAttack middlegame short,https://lichess.org/pGU3yS3n/black#42,,
017qg,8/5R1P/3k2p1/4p3/4P1P1/8/p4p1K/r7 w - - 0 46,h7h8q a1h1 h2h1 a2a1q h1g2 a1g1,1896,78,94,1129,advancedPawn attraction crushing endgame exposedKing long promotion queenRookEndgame,https://lichess.org/n2AOBjIy#91,,
017u3,r2qk2r/4bppp/p3bn2/1p2N3/5B2/2N5/PP3PPP/R2QR1K1 b kq - 1 19,e8g8 e5c6 d8e8 c6e7 e8e7 f4d6 e7d8 d6f8,1919,75,94,10538,advantage kingsideAttack opening skewer veryLong,https://lichess.org/zSJZUzqR/black#38,Caro-Kann_Defense Caro-Kann_Defense_Exchange_Variation,
017xQ,2b5/7k/1P6/5N2/6p1/6Kp/8/8 b - - 0 53,h7g6 f5e7 g6g5 e7c8,920,77,100,128,crushing endgame fork short,https://lichess.org/2fZ7FynM/black#106,,
017zX,5rqk/1p4p1/B1n3Qp/3p4/8/2P2P2/P6P/6RK b - - 0 29,f8f6 g6f6 g7f6 g1g8 h8g8 a6b7,1370,73,96,17451,crushing discoveredAttack endgame long master,https://lichess.org/VCcicFSZ/black#58,,
0181c,rnb3k1/pp3pp1/2p2p1p/8/3P4/2PBrN2/PP4PP/R3R1K1 b - - 1 15,e3d3 e1e8 g8h7 e8c8,1306,82,89,603,advantage fork middlegame short,https://lichess.org/BC7tzTnN/black#30,Caro-Kann_Defense Caro-Kann_Defense_Tartakower_Variation,
0184P,1r6/3R2p1/p5kp/1p2p2N/2Pn2K1/1P6/P5PP/8 b - - 2 30,b5c4 d7g7,1167,77,97,4553,endgame mate mateIn1 oneMove,https://lichess.org/wgWQ1iov/black#60,,
018Ap,8/7p/k7/5Kp1/4Pp2/5B2/2r3PP/8 b - - 1 47,h7h6 e4e5 g5g4 f3g4 c2g2 e5e6,2288,127,85,22,crushing endgame long master quietMove,https://lichess.org/NE1w79s4/black#94,,
018Bb,2kr3r/4pBb1/Q2pNn1p/8/p3qP1n/P3B3/1PP2P2/R3K3 b Q - 5 25,c8b8 a6a7 b8c8 a7c7,1422,76,78,231,mate mateIn2 middlegame queensideAttack short,https://lichess.org/yCSRRV6O/black#50,,
018Bi,8/3k1r2/p7/1p3p1P/3Q1PPB/P1n4K/1b1p4/3q4 b - - 10 55,d7e8 d4d8,1100,78,76,334,endgame mate mateIn1 oneMove,https://lichess.org/OqMLoW8f/black#110,,
018Cs,6rr/pp1k1p2/1q2p1b1/2bpQ3/3n1B1P/2N2P2/PPP5/2KR2NR b - - 1 20,d4c2 c3d5 e6d5 d1d5 d7c6 d5c5 b6c5 e5c7 c6b5 a2a4 b5c4 b2b3 c4b3 c7c5,2435,76,84,172,advantage deflection middlegame sacrifice veryLong,https://lichess.org/v9zzUMTg/black#40,,
018FT,8/6k1/p7/4PQ2/2q5/6PK/8/8 w - - 0 49,f5g4 c4g4 h3g4 a6a5 g4f5 a5a4,1500,77,89,561,crushing defensiveMove endgame long queenEndgame quietMove,https://lichess.org/BLM9X7kk#97,,
018Iz,8/3P4/8/1kP2pbP/8/5K2/8/8 b - - 0 51,b5c5 h5h6 c5c6 h6h7 c6d7 h7h8q,1310,75,100,3065,advancedPawn bishopEndgame crushing endgame long promotion,https://lichess.org/51AxZaDj/black#102,,
018KA,4r1k1/1b1r1pPp/4p3/p5B1/5Q2/1P6/PbR3qP/6RK w - - 0 36,g1g2 d7d1 f4f1 d1f1,1159,115,88,24,mate mateIn2 middlegame pin short,https://lichess.org/qeWQ34cz#71,,
018KB,r5k1/5q1p/p1Q3p1/1p3p2/4p3/P1P4P/1P3RK1/8 b - - 7 49,f7a7 f2d2 g8f8 d2d7 a7d7 c6d7,1980,112,29,58,advantage endgame long quietMove,https://lichess.org/ZRWdRJlQ/black#98,,
018KD,k6r/1b5p/6p1/1P6/3Q1P2/PP2R3/3K3P/6q1 b - - 4 31,g1h2 e3e2 h2e2 d2e2,892,78,100,116,crushing defensiveMove endgame short,https://lichess.org/nG74b9qI/black#62,,
018R4,5rk1/rpp2ppp/p2p4/3P2Qn/1PP2P2/P1N2P1q/7P/2R2RK1 b - - 0 21,f7f6 g5g4 h5f4 g4f4,1667,86,73,42,advantage middlegame short,https://lichess.org/ZNvotomE/black#42,,
018YV,b4rk1/p1q2pbp/4p1p1/1PPp4/7r/1Q2BP2/P1N3PP/4RR1K w - - 5 31,e3f2 c7h2,799,77,79,99,kingsideAttack mate mateIn1 middlegame oneMove,https://lichess.org/bsswZ2ld#61,,
018ZF,n1r3k1/7p/q1bQ2p1/8/P2PP3/5P2/6PP/2R3K1 b - - 0 40,a6a4 d6e6 g8g7 e6c8,1253,92,93,253,crushing endgame fork short,https://lichess.org/ezPUmn9q/black#80,,
018b0,r4r1k/1ppq2p1/1pnp1nQp/4pN2/4P3/3PB2P/PPP2RP1/R5K1 b - - 11 18,c6e7 g6g7,1106,88,73,59,kingsideAttack mate mateIn1 middlegame oneMove,https://lichess.org/oD9GfZhW/black#36,Bishops_Opening Bishops_Opening_Vienna_Hybrid,
018eM,r3kb1r/1p1b1pp1/pq3p1p/3p4/3P4/2N2N2/PPP1QPPP/R3K2R b KQkq - 1 11,f8e7 e2e7 e8e7 c3d5 e7d6 d5b6,2162,76,94,2312,advantage attraction fork long middlegame sacrifice,https://lichess.org/l9vJlF2a/black#22,Caro-Kann_Defense Caro-Kann_Defense_Other_variations,
0191t,6k1/1p3r2/p1p1p3/4Pqpp/3P4/1P4QP/P4PP1/4R1K1 w - - 0 33,e1e3 h5h4 g3f3 f5b1 g1h2 f7f3,1783,74,97,3090,crushing discoveredAttack endgame long,https://lichess.org/HGBswAqB#65,,
0192c,2r3k1/1Q3ppp/2pB4/2Pp1b1n/3p3K/P4P2/4q1PP/R3R3 b - - 3 24,e2g2 b7c8 f5c8 e1e8,1051,75,100,381,backRankMate mate mateIn2 middlegame sacrifice short,https://lichess.org/VGL6kiN0/black#48,,
0193i,r5rk/2p2p1p/1p3p2/1P1P4/q3Pp1N/7P/4QP1K/5R2 b - - 1 24,a8a5 e2b2 g8g6 h4g6 h7g6 b2f6,1896,78,88,50,crushing endgame long pin,https://lichess.org/p2FhorSe/black#48,,
0195f,2b2rk1/2Q2ppp/p3pq2/1p6/6n1/PP3PN1/6PP/3R1BK1 b - - 0 24,g4e3 g3e4 f6h4 g2g3,1877,74,90,2310,advantage middlegame short,https://lichess.org/AQvgwH6B/black#48,,
0198I,3r1b2/1p1r1p1k/p1p2q1p/4p1pQ/P1B1P3/2PPBP2/1P5P/6RK b - - 3 23,h7g7 e3g5 h6g5 g1g5 f6g5 h5g5,1239,90,65,75,crushing long middlegame,https://lichess.org/JiDqtPn3/black#46,,
0198M,6rk/p1N2R1p/1n1Q4/2p1p3/8/7P/PPP3P1/4q2K w - - 1 33,h1h2 e1g3 h2g1 g3g2,942,95,97,1428,endgame mate mateIn2 short,https://lichess.org/ldvaocEE#65,,
0199s,r4r1k/1p2b1p1/4p1Qp/1qppP3/p4P2/2P1P1P1/PP4P1/1K1R3R b - - 0 20,b5e8 h1h6 g7h6 g6h6 h8g8 d1h1,1441,76,88,495,crushing defensiveMove kingsideAttack long middlegame sacrifice,https://lichess.org/alW9L2kD/black#40,,
019DY,rnb1k1nB/ppp2p1p/8/8/7q/1P3pb1/P1PPP2P/RN1QKB1R w KQq - 0 9,h2g3 h4g3,1084,183,0,8,mate mateIn1 oneMove opening,https://lichess.org/M6zRIUyg#17,,
019Ma,8/p1k5/P1P1ppp1/2K4p/5P1P/6P1/8/8 b - - 1 48,e6e5 c5d5 e5e4 d5e4 c7c6 f4f5,2575,98,91,963,crushing endgame long pawnEndgame,https://lichess.org/m3vIWZSu/black#96,,
019Oa,3q4/5kpp/p1p5/1p1n4/2p1Q1P1/P6P/1PPB4/1K6 w - - 0 33,e4h7 d5f6 h7f5 d8d2,1565,75,90,4954,advantage discoveredAttack endgame short,https://lichess.org/l5bCSDVr#65,,
019PB,5rk1/5p1p/1qp2p2/p2pb2Q/Pr6/1P5P/4R1P1/4RN1K b - - 2 32,b4b3 e2e5 f6e5 h5g5 g8h8 g5f6,2199,89,91,4470,advantage long middlegame sacrifice,https://lichess.org/HlEcGBSh/black#64,,
019Qi,3k4/p1pp3p/1p3K2/8/5P2/8/8/8 b - - 4 44,d8e8 f6g7 h7h5 f4f5 h5h4 f5f6,1268,83,94,12567,crushing endgame long pawnEndgame quietMove,https://lichess.org/xENaK26y/black#88,,
019R9,r4rk1/ppp2ppp/8/8/1P1P2nq/P1B1P2P/4NnPN/R2Q1RK1 w - - 0 18,f1f2 h4f2 g1h1 g4e3 d1g1 f2e2,1502,77,93,5553,crushing kingsideAttack long middlegame,https://lichess.org/RRZXxNLk#35,Polish_Opening Polish_Opening_Other_variations,
019V8,1r4k1/5p1p/4p1p1/p1p1P3/2Pn1P2/PPR1Q1P1/7q/1R3K2 w - - 4 30,e3f2 h2h1 f2g1 h1g1 f1g1 d4e2 g1h2 e2c3,1454,75,65,711,attraction crushing endgame exposedKing fork veryLong,https://lichess.org/uSArC7Si#59,,
019VE,r1r3k1/1b3ppp/4p3/p2q4/1p1n4/3P1N1P/2PN1PP1/R2QR1K1 w - - 2 20,f3d4 d5g2,894,92,58,48,kingsideAttack mate mateIn1 middlegame oneMove,https://lichess.org/miZAAtjq#39,,
019YE,1r5r/p1p1kppp/4p3/4P3/2B1n1K1/4P3/PP3PPP/R2R4 w - - 7 20,b2b3 e4f2 g4f3 f2d1,970,104,95,316,advantage endgame fork short,https://lichess.org/bseg167I#39,,
019Z4,r1b2rk1/p2n2bp/4pqp1/2pp4/5PPP/2N1B3/PPPQ4/2KR1B1R w - - 0 16,c3d5 f6b2,485,90,100,241,mate mateIn1 middlegame oneMove queensideAttack,https://lichess.org/Z6qRFYhT#31,Sicilian_Defense Sicilian_Defense_Dragon_Variation,
019cy,5b1r/1Q3p2/p3pk1p/1p1p2p1/3q4/1P3PPP/P5P1/2RK1B1R w - - 0 22,d1e2 d4b2 e2d3 b2c1,1373,78,93,13780,crushing fork middlegame short,https://lichess.org/OcyvZXLY#43,,
019gx,1r6/6R1/3p4/1P1Rp3/K1r1P3/2k2P2/8/8 w - - 1 45,a4a5 c4a4 a5a4 b8a8 g7a7 a8a7,2115,83,86,295,attraction endgame long mate mateIn3 rookEndgame sacrifice,https://lichess.org/pCBDwbPH#89,,
019i4,6rk/1R6/6Pp/p1p5/6K1/7r/3b4/8 b - - 5 43,h3h1 b7h7,645,78,100,229,endgame mate mateIn1 oneMove,https://lichess.org/JHLHa5FF/black#86,,
019se,6k1/5pp1/7p/2n5/rnN1PP2/3PK2P/6B1/2R5 w - - 3 40,e3d4 c5b3 d4c3 b3c1,1471,77,81,64,advantage endgame fork short,https://lichess.org/HE496aQi#79,,
019tx,4Qb1r/pp2R1k1/2pq1p2/8/3p4/1BP4P/PP1B2P1/6K1 b - - 0 32,f8e7 e8f7,1162,86,94,794,endgame mate mateIn1 oneMove,https://lichess.org/z4oFAOJD/black#64,,
019uR,8/4r2k/6p1/8/4qP1p/1P2pR1P/P3Q1PK/8 w - - 0 49,g2g4 e4f3 e2f3 e3e2 f3c3 e2e1q c3e1 e7e1,1894,77,93,838,advancedPawn crushing endgame promotion sacrifice veryLong,https://lichess.org/bDHhoBNV#97,,
019vo,8/5ppp/8/5KPP/5P2/4k3/8/8 b - - 0 41,e3f3 h5h6 g7h6 g5h6 f3g3 f5g5,2530,81,94,784,crushing defensiveMove endgame long pawnEndgame zugzwang,https://lichess.org/R4mNzclw/black#82,,
019wq,2r4r/pp2q1k1/2pp2p1/5pb1/2P2N2/1P4PP/P1Q3K1/3R1R2 b - - 0 26,g5f6 f4g6 g7g6 c2f5,2110,104,70,26,advantage attraction middlegame short,https://lichess.org/RS4zrmbv/black#52,,
019yp,5r1k/p1q3pp/2p1Q1p1/8/8/5RN1/P1P3P1/6K1 b - - 1 26,f8f3 e6e8 f3f8 e8f8,593,102,78,112,endgame mate mateIn2 short,https://lichess.org/gLC1NwZX/black#52,,
01A3W,4r3/pp5p/5k2/2p1r3/3p4/PP1P4/3KR2P/5R2 b - - 1 31,f6e6 e2e5 e6e5 f1e1 e5d6 e1e8,1009,83,89,733,attraction crushing endgame exposedKing long rookEndgame skewer,https://lichess.org/vvUxsteN/black#62,,
01A5W,4r1k1/pp3p2/3p1Ppq/5P2/4r3/6RP/PP3Q2/6RK b - - 2 39,e4e2 g3g6 f7g6 f6f7 g8f7 f5g6 f7e7 f2e2,2453,79,92,4590,advancedPawn attraction crushing discoveredCheck doubleCheck endgame interference intermezzo sacrifice veryLong,https://lichess.org/oykaypz8/black#78,,
01A6Y,2r4Q/p4k1R/1p2p3/3b1rq1/3P4/P1P5/3n1PPP/R5K1 b - - 4 28,f7g6 h8g7,1420,76,84,263,mate mateIn1 middlegame oneMove,https://lichess.org/mNU3DkdI/black#56,,
01AC9,1r6/p4pk1/4p2p/2R3P1/3P3Q/3qP3/5P2/6K1 b - - 0 37,b8b1 g1h2 h6g5 c5g5,2131,126,82,25,crushing defensiveMove endgame short,https://lichess.org/vNUhPnar/black#74,,
01AEw,5r2/p1p2p1k/5p1p/3Qp3/1b2P3/1P3P2/P1P1q2P/2KR2R1 w - - 3 26,d5c4 b4a3 c1b1 e2c4 b3c4 f8b8 b1a1 a3b2,1911,76,91,776,advantage endgame queensideAttack veryLong,https://lichess.org/hrqeWyLX#51,,
01AHi,1r5r/k2q1ppp/p2pbn2/N1p1N3/P1Q1P3/2PPP3/6PP/RR4K1 b - - 0 20,b8b1 a1b1 e6c4 e5d7,1466,76,88,1192,advantage middlegame short,https://lichess.org/cEITxig3/black#40,,
01AIF,8/8/2p4K/1p3kp1/1P6/2P5/7P/8 w - - 0 52,h2h3 g5g4 h3g4 f5g4,1712,80,92,1410,crushing endgame pawnEndgame short,https://lichess.org/0vSOFrqP#103,,
01ANO,5Nk1/2q3p1/2p1Pp2/1p3P2/1PpP4/2P1n3/3b2Q1/5R1K w - - 1 32,g2h3 e3f1 f8g6 c7h2 h3h2 f1h2 h1h2 d2c3 g6e7 g8f8,2392,79,92,2532,crushing endgame exposedKing veryLong,https://lichess.org/pkCHmW5V#63,,
01AO3,6k1/8/2p3p1/3pp2p/1P5P/2P2P2/6P1/6K1 w - - 0 34,g2g4 g6g5 h4g5 h5h4,2645,86,86,273,crushing defensiveMove endgame master pawnEndgame short,https://lichess.org/lrIgN0wg#67,,
01AQh,2rk4/5Rp1/p3p3/2B1P2p/2pP3P/2b5/5PP1/6K1 w - - 1 27,f7g7 c8c5 d4c5 c3b2,1979,163,47,10,advantage endgame sacrifice short,https://lichess.org/XOcXw0pf#53,,
01AU0,8/7k/4r3/pB6/P7/2Q3P1/4KP2/7q w - - 5 46,e2d3 h1d1 d3c4 e6d6,2809,110,83,404,crushing defensiveMove endgame short,https://lichess.org/oDCrsFl8#91,,
01AYq,r1b4r/p1B1ppbp/2p2np1/kp6/N2RP3/8/PPP2PPP/2K2B1R b - - 1 13,a5a6 a4c5,835,85,92,150,mate mateIn1 middlegame oneMove,https://lichess.org/aIGFaJ1u/black#26,Modern_Defense Modern_Defense_Modern_Pterodactyl,
01AcF,8/6k1/4pRP1/3pPp2/2r2K2/2P5/8/8 w - - 1 43,f4g3 c4g4 g3f3 g4g6,1946,75,100,1004,crushing endgame rookEndgame short,https://lichess.org/w0lYZRoX#85,,
01Ag5,2k2r1r/p2n1Q1p/1pqbp3/8/3P4/2P2N2/P2B1PPP/R4RK1 w - - 1 19,f7e6 d6h2 f3h2 c6e6,971,82,96,268,crushing discoveredAttack master middlegame short,https://lichess.org/glZlOfOd#37,Sicilian_Defense Sicilian_Defense_Alapin_Variation,
01Amj,8/8/8/2p1K3/p7/Bk6/8/8 w - - 1 54,a3c1 a4a3 c1a3 b3a3 e5d5 a3b4,2019,76,95,6875,bishopEndgame crushing defensiveMove endgame long,https://lichess.org/iXkrIxi8#107,,
01Amq,4r1k1/4Pp2/pQ3b1p/6pP/2p5/P4P2/5BPK/3q4 b - - 2 31,d1a4 b6f6 c4c3 f2d4 a4d4 f6d4,1682,76,96,6321,crushing endgame hangingPiece long,https://lichess.org/niewawqE/black#62,,
01Aoh,r1b2rk1/3nbppp/p2pp3/q5B1/2PQ3P/2NB4/PP4PR/3K2N1 b - - 4 16,e7g5 d3h7 g8h7 h4g5 h7g6 d4h4,2610,108,89,295,advantage clearance defensiveMove discoveredAttack discoveredCheck intermezzo kingsideAttack long middlegame,https://lichess.org/F17udSrK/black#32,English_Opening English_Opening_Agincourt_Defense,
01Aty,2kr3r/1pp2p2/p2p3p/3P1bpB/2P2P2/1P2q3/P5PP/R2QR2K b - - 3 18,e3f4 e1f1 f4e5 f1f5 e5f5 h5g4 f5g4 d1g4,1770,75,79,185,advantage middlegame pin sacrifice veryLong,https://lichess.org/DjgDrbsP/black#36,English_Opening English_Opening_Kings_English_Variation,
01AwS,8/7p/2PQ4/7k/P3r1r1/1P2nK2/8/8 b - - 8 52,g4f4 d6f4 e4f4 f3f4 e3d5 f4e5,1196,78,99,1930,crushing endgame long,https://lichess.org/goZSQL0z/black#104,,
01AxK,3r4/2kr2qp/pp1pRNp1/n1pP1n2/P1P5/7Q/2P2PPP/4R1K1 b - - 10 26,d7e7 h3f5 g6f5 e6e7 g7e7 e1e7,1994,87,85,176,advantage fork long middlegame,https://lichess.org/QH4PNif5/black#52,,
01AyE,8/4k3/ppp2pKp/4p2P/PPP5/3P4/8/8 b - - 2 38,e7e6 g6h6 e6f7 b4b5 a6b5 c4b5 c6c5 a4a5,2791,90,99,371,crushing endgame pawnEndgame veryLong,https://lichess.org/oT5KavrO/black#76,,
01Az7,r1bq1rk1/pp1p1ppp/2n1pn2/4P3/2B5/2B5/PPP2PPP/R2QK1NR b KQ - 0 9,c6e5 c3e5 d8a5 e5c3,1353,85,86,54,advantage hangingPiece opening short,https://lichess.org/nMfMTSlO/black#18,Sicilian_Defense Sicilian_Defense_Bowdler_Attack,
01B2X,4r1k1/3p1p1p/8/2pP1QpP/4n3/4N3/4NnP1/r5KR w - - 2 30,g1h2 a1h1,1190,75,100,220,master mate mateIn1 middlegame oneMove,https://lichess.org/cErYYOpu#59,,
01B3g,r2q1rk1/pp1b1pb1/2n1p3/3n2NP/3P4/3QB3/PP2BPP1/2KR3R b - - 2 18,d5e3 d3h7,665,86,78,155,mate mateIn1 middlegame oneMove,https://lichess.org/9lxz1ugK/black#36,Sicilian_Defense Sicilian_Defense_Alapin_Variation,
01B5q,r4rk1/1pp1np1p/p4Qp1/3P3P/P2Nq3/8/1B4R1/5B1K b - - 0 36,e7d5 f6g7 g8g7 d4f5 g7g8 f5h6,2227,74,94,10780,attraction discoveredCheck doubleCheck long mate mateIn3 middlegame pin sacrifice,https://lichess.org/seEUcuvw/black#72,,
01B6x,6k1/1B2ppbp/p2p2p1/3P4/1P2P3/P3B3/4qPPP/1Q1b2K1 w - - 1 28,g2g3 e2e1 g1g2 d1f3 g2f3 e1b1,1143,76,94,107,crushing discoveredAttack endgame long,https://lichess.org/30lJXHnJ#55,,
01B8h,r1b1r3/1p1p2k1/pq1P2p1/3nP1B1/8/4R3/PP4PP/2R1Q1K1 b - - 2 26,d5e3 g5e3 e8e5 e3b6 e5e1 c1e1,1884,76,94,1137,advantage long middlegame,https://lichess.org/6aFTbkwq/black#52,,
01B8l,5k2/3Pb3/8/pK6/4R3/1Bp4p/P5r1/8 b - - 6 52,c3c2 e4f4 f8g7 f4f7,1402,77,91,5891,advantage endgame short,https://lichess.org/v2atqYUk/black#104,,
01BBu,2r5/3R4/2P2p2/1P3P2/7k/6pp/1K6/8 w - - 2 48,d7h7 h4g4 c6c7 c8c7 h7c7 h3h2 b5b6 h2h1q,2558,87,92,580,advancedPawn crushing endgame promotion rookEndgame sacrifice veryLong,https://lichess.org/xI6LfrwV#95,,
01BDV,4r3/2p2p1k/3p3p/3PqP2/1p5P/1P1R4/r1P3Q1/1K4R1 w - - 0 29,b1a2 e8a8 a2b1 e5a1,979,76,83,109,endgame mate mateIn2 short,https://lichess.org/VfhRAYDX#57,,
01BDz,6k1/pp6/6p1/5pN1/b1r5/7P/3R2P1/7K b - - 1 37,c4c7 d2d8 g8g7 g5e6 g7f6 e6c7,982,91,95,725,advantage endgame exposedKing fork long,https://lichess.org/NoSKLr2U/black#74,,
01BG7,r4nk1/2q2p1p/6p1/1p4Q1/p1pPp1N1/2P3R1/6PP/6K1 b - - 1 25,a4a3 g4h6 g8g7 h6f5,2171,88,90,1496,advantage endgame master pin short,https://lichess.org/Hyjuq9Hr/black#50,,
01BI2,3R4/2p1k3/4p1p1/1p2P2p/1P6/8/4rr2/3R2K1 b - - 7 41,e7f7 d1d7,1063,87,94,167,endgame mate mateIn1 oneMove rookEndgame,https://lichess.org/FFtkhBNX/black#82,,
01BKZ,2kr1bnr/ppp2ppp/8/8/8/q4N2/bPPBPPPP/2KR1B1R w - - 0 11,b2a3 f8a3,735,96,95,979,mate mateIn1 middlegame oneMove queensideAttack,https://lichess.org/MLJUlMpw#21,Englund_Gambit Englund_Gambit_Other_variations,
01BNN,1r4k1/3R1pbp/1p2p1p1/p1q5/P1P5/1B3Q2/5PPP/6K1 b - - 0 24,c5a3 f3f7 g8h8 f7g7,955,85,87,37,endgame mate mateIn2 short,https://lichess.org/8LHFibnx/black#48,,
01BRf,8/p7/1p3Nnp/1B4p1/1P4P1/P3p1bP/2k1K3/8 b - - 1 42,g3f4 b5d3 c2b3 d3g6,1080,83,95,1223,advantage endgame fork short,https://lichess.org/3av5uIrJ/black#84,,
01BT1,r1bq1rk1/pp2bppp/4p3/3pn2N/1P1Q4/2P5/PB2BPPP/R4RK1 b - - 5 16,e5c6 d4g7,1083,108,69,26,kingsideAttack mate mateIn1 middlegame oneMove,https://lichess.org/njWp1YY9/black#32,Sicilian_Defense Sicilian_Defense_Modern_Variations,
01BTN,5Bk1/pp5p/1n4b1/2p5/2P5/2N1bB1P/PP4P1/Q2R1Kq1 w - - 9 29,f1e2 g1f2,920,77,100,99,mate mateIn1 middlegame oneMove,https://lichess.org/k5IuESQa#57,,
01BTS,2rqrk2/pb3ppB/1pn1pB1p/4N3/2PP1P2/8/P1Q3PP/2KR3R b - - 0 18,d8f6 e5d7 f8e7 d7f6,966,80,89,72,advantage fork middlegame short,https://lichess.org/KyySoA7o/black#36,Scandinavian_Defense Scandinavian_Defense_Mieses-Kotroc_Variation,
01BTT,8/7p/6pP/pp1k1p2/3P1P2/PP2K3/8/8 b - - 0 49,b5b4 a3b4 a5b4 e3d3 d5e6 d3c4,1066,81,90,171,crushing endgame long pawnEndgame zugzwang,https://lichess.org/T48vjGVD/black#98,,
01BUa,2kr4/pp3Rp1/2p1p1P1/4P3/4p3/2P5/PP6/1K6 w - - 0 28,f7g7 e4e3 g7h7 e3e2 h7h1 d8d1,1478,77,96,11321,advancedPawn crushing endgame long rookEndgame,https://lichess.org/yFWOkPXm#55,,
01BWS,5k2/p7/6RN/6K1/1pq5/8/P7/8 b - - 12 54,c4f1 g6f6 f1f6 g5f6 a7a5 h6f5 b4b3 a2b3,1601,78,94,1127,crushing endgame fork quietMove veryLong,https://lichess.org/1kSKoOLt/black#108,,
01Baj,r1b1r1k1/ppp2ppp/2n5/8/2P1q3/P4N1P/1P1QBPP1/R3K2R w KQ - 2 15,e1c1 e4e2 d2e2 e8e2,1273,76,93,5739,advantage middlegame short,https://lichess.org/SV0DvAns#29,Four_Knights_Game Four_Knights_Game_Other_variations,
01Bcd,4r1r1/pp1kRp1p/2n2p2/2pN3q/2P3bN/1P4P1/P2P1P1P/R3Q1K1 b - - 0 18,c6e7 d5f6 d7d8 f6h5,1188,79,82,202,crushing fork middlegame short,https://lichess.org/hwAyyLKW/black#36,Sicilian_Defense Sicilian_Defense_Kramnik_Variation,
01BeL,8/5Q1R/pr5p/6p1/5p1k/q6P/2P2PPK/8 w - - 6 39,f7g7 a3g3 f2g3 f4g3 h2g1 b6b1,1570,75,97,9199,endgame long mate mateIn3 sacrifice,https://lichess.org/jye6zZRK#77,,
01BjV,1r6/8/3bkN2/2p5/P2pp3/3P3P/R4PP1/6K1 w - - 2 47,f6e4 b8b1,685,112,96,886,endgame mate mateIn1 oneMove pillsburysMate,https://lichess.org/0vctqXhL#93,,
01Bmi,rn1qk2r/ppp2ppp/5b2/3P4/4P3/5b1P/PPP1QPP1/RN2KB1R w KQkq - 0 10,e2f3 f6b2 f3b3 b2a1,1052,85,91,955,advantage middlegame short trappedPiece,https://lichess.org/cUrVP72f#19,Elephant_Gambit Elephant_Gambit_Paulsen_Countergambit,
01BnQ,r1b1kb1r/pp1n1ppp/R3p3/1NppP1B1/3P4/3B1N2/1qP2PPP/3QK2R b Kkq - 0 11,b7a6 b5c7,1131,80,93,198,mate mateIn1 middlegame oneMove,https://lichess.org/Bb1uHbTP/black#22,Alekhine_Defense Alekhine_Defense_Scandinavian_Variation,
01BrE,3r3r/Qbk5/1p1p3p/1P1qpp2/6p1/2P2NP1/3N1PP1/R4RK1 w - - 1 25,a1a6 d5b5 a6a4 d8a8 a4c4 b5c4 a7b7 c7b7,2148,81,77,68,advantage middlegame trappedPiece veryLong,https://lichess.org/gOM7Eh5H#49,,
01Brx,5rk1/p1r3b1/1p1pR3/3b1n1q/3PNp2/2P2N2/PP2BPQP/R6K w - - 5 23,e4f6 f8f6 e6f6 f5h4 f3h4 d5g2 h4g2 h5e2,2105,89,89,868,advantage kingsideAttack middlegame sacrifice veryLong,https://lichess.org/Nvg7dPRn#45,,
01Btz,2r1k2r/1p2bppp/1q1p4/p2Pp1P1/5n1P/1N3P2/PPPQ4/2KR1B1R w k - 0 17,a2a4 b6b3 f1b5 e8f8,1482,73,94,33220,advantage defensiveMove middlegame pin short,https://lichess.org/FMeNuY7a#33,Sicilian_Defense Sicilian_Defense_Najdorf_Variation,
01Bxs,r2q1rk1/3b1pbp/pppQ4/2B2P2/6n1/1BN5/PPP3PP/R4RK1 w - - 0 17,c5d4 d8b8 b3f7 f8f7 d6b8 a8b8,2481,81,91,1030,advantage long middlegame,https://lichess.org/SklnG4s1#33,Scotch_Game Scotch_Game_Other_variations,
01BzR,5r2/3bppk1/3p1b2/2pPP2Q/7P/4q1P1/2B4K/1R6 b - - 1 33,f6e5 h5h7 g7f6 b1f1 e5f4 f1f4 e3f4 g3f4,1435,78,89,499,crushing middlegame veryLong,https://lichess.org/wKJ6dIZ0/black#66,,
01C5B,1r4k1/2pRrppp/1pP5/pQ6/8/q7/5PPP/3R2K1 b - - 3 28,e7d7 c6d7 a3e7 g1f1,2504,115,90,1074,advancedPawn advantage defensiveMove endgame short,https://lichess.org/JLP9v3nU/black#56,,
01C8M,r1b2rk1/p3n1b1/6pp/q2np3/2RpNPPP/3Q3N/1PPB4/3B1RK1 b - - 3 22,a5b5 c4c8 b5d3 c8f8 a8f8 c2d3,1755,77,90,1135,crushing exposedKing long middlegame,https://lichess.org/Nj8tFFC7/black#44,,
01CA6,2Rr1q1k/pp1P2pp/5p2/8/8/7P/P4P1K/2R5 b - - 8 29,h8g8 c8d8 f8d8 c1c8 g8f8 c8d8,813,100,93,163,endgame,https://lichess.org/RndsMTnV/black#58,,
01CAb,8/p2Q1p2/1p3p1p/2b1k3/5P2/8/PPBr1q1P/R6K b - - 0 31,e5f4 d7f5 f4e3 f5e4,1456,75,86,745,endgame mate mateIn2 short swallowstailMate,https://lichess.org/SyXXN7Qn/black#62,,
01CCG,3r1rk1/p1p1R1pp/1pq5/8/2PP4/PN4Pb/1P1Q1P1P/4R1K1 w - - 1 27,d2g5 c6g2,1017,170,67,13,mate mateIn1 middlegame oneMove,https://lichess.org/qh9NVBQS#53,,
01CDd,8/p4k2/R6K/3r2Pp/8/8/8/8 b - - 0 48,h5h4 a6a7 f7e6 g5g6,1925,189,100,37,crushing endgame rookEndgame short,https://lichess.org/oC9fNWpH/black#96,,
01CGR,r7/pppkq3/3b2Q1/8/5B2/8/PPn3PP/3R3K b - - 0 22,a8f8 f4d6 c7d6 g6c2,1842,77,92,1025,advantage middlegame short,https://lichess.org/yWAfHEnH/black#44,,
01CKc,2rq1rk1/1b3ppp/p2pp3/bp1n4/3PQ1N1/PP1B4/1BP2PPP/R4RK1 b - - 3 17,d8h4 g4f6 d5f6 e4h4,1339,76,94,19042,crushing discoveredAttack middlegame short,https://lichess.org/Krj1ThVv/black#34,Indian_Defense Indian_Defense_Other_variations,
01CQ7,1n3r1k/p5pp/8/7Q/4P3/2NP4/PPPB2qP/R2KRr2 w - - 3 21,d2e3 f1e1 d1e1 f8f1,1527,79,94,1613,attraction mate mateIn2 middlegame short,https://lichess.org/yu8CZvqe#41,,
01Cb9,4r2k/p3q1p1/7p/1Rp5/2PpN3/6P1/4Q2P/6K1 w - - 1 39,b5c5 e7c5 e4c5 e8e2,1730,76,84,46,crushing discoveredAttack endgame master short,https://lichess.org/Xem3uRi6#77,,
01Cdm,3b2rk/p3q2p/1r3p1P/2p1nP2/2P1R2Q/1P1P4/P5P1/B4RK1 w - - 0 33,e4e5 f6e5 h4e7 d8e7 a1e5 e7f6,1558,76,92,2514,crushing long middlegame,https://lichess.org/X7xjurhE#65,,
01Cds,8/p4k2/b2P4/3N2p1/4p3/2K4P/8/8 b - - 1 45,a6b7 d6d7 b7d5 d7d8q,928,75,89,232,advancedPawn crushing endgame promotion short,https://lichess.org/pKBfo6hS/black#90,,
01CgO,5rk1/pp5b/4p2B/1P1p3Q/3P4/2q4P/P4PP1/6K1 b - - 0 29,f8f7 h5g5 h7g6 g5g6,1052,77,87,155,crushing endgame short,https://lichess.org/ZU8eARhP/black#58,,
01Cjs,8/5p2/3pkPrp/1p1rp2R/1P6/2P2RP1/3K1P1P/8 w - - 1 34,d2e2 e5e4 h5h4 e4f3,1171,76,100,106,crushing endgame rookEndgame short,https://lichess.org/anQBXaJA#67,,
01CmR,5r1k/2p3p1/p1pp3p/8/Pb1PP3/1Q3P2/1P2RK1q/R1B5 w - - 3 25,f2e3 f8f3 e3f3 h2h3 f3f2 h3b3,2288,78,86,186,advantage attraction long middlegame sacrifice skewer,https://lichess.org/iNxnHQeK#49,,
01Cq8,r2r1k2/5p1p/p4p2/1pP1p3/3Nb3/P3P3/1P3PPP/2RR2K1 w - - 0 20,d4b3 d8d1 c1d1 e4c2 d1d6 c2b3,1172,77,100,852,advantage endgame fork long master,https://lichess.org/0jcejOU1#39,,
01Cqi,r3q1r1/1ppn3k/p2p3b/3Pp1Bp/1PP1N2P/5P1Q/P7/2K2RR1 w - - 9 27,e4f6 d7f6 g5h6 h7h6,1495,76,81,133,advantage middlegame pin short,https://lichess.org/WgxjfKN2#53,,
01Cry,3r2k1/1pq2pbp/3r2p1/1QnB4/8/4P2P/PP3PP1/1RBR2K1 w - - 3 24,b5c4 b7b5 c4c2 d6d5 d1d5 d8d5,1958,81,92,532,advantage long middlegame,https://lichess.org/lpZHNbz6#47,,
01CvP,1k6/pp5P/2p5/8/5P1b/2P4q/PP6/3R1RK1 b - - 4 38,h4g3 d1d8 b8c7 h7h8q g3h2 g1f2,2278,81,81,94,advancedPawn crushing endgame long master promotion,https://lichess.org/qsnoCVqZ/black#76,,
01CvZ,2b5/8/6p1/1R6/3kP3/5PPn/8/3K4 w - - 1 54,d1e2 c8a6 e2d2 a6b5,1232,77,73,97,crushing endgame pin short,https://lichess.org/kmi7b3M1#107,,
01CxB,4k3/R5R1/5pKp/1Pp3r1/8/6P1/4p2P/8 w - - 3 53,g6f6 g5g7 f6g7 e2e1q,1361,74,95,22217,advancedPawn crushing endgame master promotion rookEndgame short,https://lichess.org/RKxc3BDJ#105,,
01D1x,r3q2k/7p/p3p1BQ/1p2P3/P7/2p2b2/1P3P1K/6R1 b - - 0 31,e8f8 h6h7,990,85,95,268,endgame mate mateIn1 oneMove,https://lichess.org/c7vivmqC/black#62,,
01D3S,6k1/pp4pp/r2P4/5q2/2PR4/B2RK1Pb/P6P/8 b - - 3 32,h3g2 d6d7 a6e6 e3d2 f5a5 d2c2,2605,81,84,335,advancedPawn advantage defensiveMove endgame long,https://lichess.org/XNZkP9zx/black#64,,
01D3U,3r2k1/4qp1n/2p1b1rR/p3Q1P1/2P1P2P/P3P3/1PK5/6R1 b - - 4 33,d8d3 c2d3 e6c4 d3d4,2281,84,87,35,crushing middlegame short,https://lichess.org/KWPh6yLP/black#66,,
01DBx,3r2k1/1q4pp/p2p2P1/1pp5/6Q1/2P5/PP1r2PP/1R2R2K b - - 0 25,h7g6 g4g5 b7g2 g5g2 d2g2 h1g2,2065,102,79,47,crushing endgame fork long,https://lichess.org/ECqMqbgq/black#50,,
01DDB,3r2k1/3r1ppp/b4p2/1N4q1/Pp6/3nRB2/4QPPP/1R4K1 b - - 5 28,d3f4 e3e8 d8e8 e2e8,520,92,63,109,kingsideAttack mate mateIn2 middlegame short,https://lichess.org/2EVt2r6r/black#56,,
01DHd,r1bq1rk1/pp1nb1pp/4pp2/3pP2Q/2pP4/2P1P3/PPBN2PP/R1B2RK1 b - - 1 12,g7g6 c2g6 h7g6 h5g6,1141,75,95,4315,crushing kingsideAttack opening short,https://lichess.org/tYOhhfGL/black#24,Queens_Pawn_Game Queens_Pawn_Game_Other_variations,
01DJq,4R3/6p1/5bk1/N6p/8/1P6/6PP/3r1K2 w - - 1 45,e8e1 d1e1 f1e1 f6c3 e1d1 c3a5,1146,83,95,1386,attraction crushing endgame fork long,https://lichess.org/OAuPLlZG#89,,
01DKG,8/7p/p7/P1K2p1k/3B1P2/6P1/p3b2P/8 w - - 6 45,c5b4 h5g4 b4a3 g4h3,2196,86,90,338,bishopEndgame crushing endgame master short,https://lichess.org/tbE3egW7#89,,
01DLY,r5n1/1p3r1k/p5pp/4Q3/3P4/1N5P/PP4PK/R1B2q2 b - - 0 24,a8f8 c1h6 f1a1 b3a1,1775,80,89,69,crushing middlegame short,https://lichess.org/FctQbNac/black#48,,
01DM2,6k1/5p2/1p2pn2/3pN3/1P1P1Pp1/P3r1Pp/2q1RP1P/6K1 w - - 0 32,e2c2 e3e1,519,110,92,763,endgame mate mateIn1 oneMove,https://lichess.org/eW07IKXH#63,,
01DT3,8/6bp/6p1/Nkp5/1p6/1Pn3P1/P4P1P/B5K1 w - - 1 28,a1c3 b4c3 a5c4 b5b4 c4e3 b4a3,2311,75,94,3880,crushing endgame long,https://lichess.org/uBA5k1uv#55,,
01DVo,3q2k1/1p2brp1/1nn1p2p/p1p1P2N/P1Pp3P/1P1P2Q1/1B3P2/4RBK1 w - - 7 31,f1h3 e7h4 h3e6 h4g3,939,77,100,251,advantage middlegame short,https://lichess.org/Mm3OAzt5#61,,
01DXj,8/pR6/8/P7/2Pb1rk1/1P1K4/8/8 b - - 0 39,d4g1 b7g7 g4f5 g7g1,815,83,97,197,advantage endgame master short skewer,https://lichess.org/kyzVQnHB/black#78,,
01Dcf,1k4r1/3p1p2/1Bn4p/5q2/5P2/1Q4P1/P7/R5K1 w - - 2 29,a1b1 g8g3 b3g3 f5b1,1256,81,93,784,crushing deflection endgame short,https://lichess.org/x6stMH1k#57,,
01DhL,1r4k1/2q3p1/p3R2p/b2p4/1rpP3N/6P1/1PQ1RPP1/6K1 b - - 0 31,b4b2 e6e8 b8e8 e2e8 g8f7 c2g6,1326,76,97,12046,killBoxMate long mate mateIn3 middlegame,https://lichess.org/pT896h9l/black#62,,
01Dm4,3r2k1/pp2pp2/3p2pq/5P2/4P3/2P2N2/P1PK1QnP/6R1 w - - 5 28,d2e2 g2f4 e2d1 f4h3,1169,76,87,1742,crushing endgame short,https://lichess.org/nQB6Phy7#55,,
01Dmj,k2r4/pb1q1pp1/2n1p1n1/3pP3/2N3P1/1QP2N2/PP3P2/2KR3B w - - 8 20,h1g2 d5c4 d1d7 c4b3 d7d8 c6d8,1448,80,94,687,advantage long middlegame,https://lichess.org/Sjj9B0gl#39,,
01Dog,r2N1r2/ppp2Q1p/2n4k/2b1P1p1/3p2b1/2NP4/PPP3PP/R1B4K w - - 1 18,f7c7 f8f1,1048,175,100,37,backRankMate mate mateIn1 middlegame oneMove,https://lichess.org/sgeXQGIg#35,Kings_Gambit Kings_Gambit_Other_variations,
01Dor,8/3k2P1/3Pb3/p1q2p2/1p6/1P4r1/P1P1Q3/1K1R4 w - - 1 39,e2e6 d7e6 d6d7 g3g2 g7g8b g2g8,2192,80,91,3231,crushing endgame hangingPiece long master,https://lichess.org/0MUqBgJG#77,,
01Dq7,2k5/ppp3q1/4p1r1/4P3/3P4/1PP2RPp/P3Q1nP/5K2 b - - 2 30,g7h7 f3f8 c8d7 e2b5 c7c6 b5b7,1051,80,94,996,endgame long mate mateIn3 queensideAttack,https://lichess.org/4SXAZbeY/black#60,,
01Dsa,8/7Q/2kp4/4p3/5r1P/3P2K1/6P1/6b1 w - - 5 46,h4h5 g1f2 g3h3 f4h4,1023,77,88,233,endgame mate mateIn2 operaMate short,https://lichess.org/bgWBphZU#91,,
01Dsr,7k/rB2n1pp/5q2/1Q6/p6P/6P1/6PK/8 b - - 1 38,a4a3 b5e8 e7g8 b7d5 f6f7 d5f7 a7f7 e8f7,1158,76,98,384,crushing endgame veryLong,https://lichess.org/v4603EHf/black#76,,
01Dt6,3r2k1/1bqPn1pp/p3pp2/1pp3PQ/8/8/PPP4P/1K1R1R2 b - - 1 28,f6f5 h5e8 d8e8 d7e8q,1412,75,88,1935,advancedPawn kingsideAttack mate mateIn2 middlegame promotion short,https://lichess.org/rCyfbn1Z/black#56,,
01Dtr,b4rk1/2pn2p1/1p4q1/6N1/7Q/4B3/1P3PPP/3R2K1 w - - 6 27,d1d7 g6b1 e3c1 b1c1 d7d1 c1d1,670,117,95,1284,long mate mateIn3 middlegame,https://lichess.org/ZvCTnCI7#53,,
01DwE,6k1/5pb1/p1p1p1pp/P1Bq4/2bP1Q2/1rP1RN1P/5PP1/6K1 b - - 0 23,d5f5 f4f5 g6f5 f3d2 f5f4 e3f3,2158,77,92,1498,advantage clearance fork long middlegame,https://lichess.org/pOyJVJho/black#46,,
01E0R,1r1q3k/4B1p1/b1r2n1p/4RB2/P1pPp3/1pQ1P3/6PP/1R4K1 b - - 1 40,d8b6 d4d5 f6d5 e5d5,2010,78,77,60,crushing middlegame short,https://lichess.org/SMp2VxOa/black#80,,
01E12,2k5/1pp1r1bQ/pr2p3/3p1p2/q2P4/P2NP3/1PP3PP/K3RR2 b - - 0 25,g7d4 h7e7 d4b2 d3b2,2093,77,92,1675,crushing hangingPiece middlegame short,https://lichess.org/H8ePJ8ba/black#50,,
01E4E,r1bq1rk1/pp3pBp/2pp2p1/8/B3n3/P1N4P/1PP2PP1/R2QK2R b KQ - 0 12,e4c3 g7c3 f8e8 e1f1,1776,75,100,764,advantage defensiveMove middlegame short,https://lichess.org/mwgyWvSQ/black#24,Pirc_Defense Pirc_Defense_Classical_Variation,
01E5s,r1b1kbnr/p1ppqppp/8/1p2P3/1n1Q4/5N2/PPP1PPPP/RNB1KB1R w KQkq - 4 8,d4e4 d7d5 e4f4 b4c2,1788,99,79,31,advantage opening short,https://lichess.org/jBa71LkS#15,Englund_Gambit_Complex Englund_Gambit_Complex_Stockholm_Variation,
01E8U,r3k2r/p2n1ppp/q1pBp3/3p2Q1/1PpPb3/5NP1/1P2PPBP/5RK1 b kq - 3 18,h8g8 g5e7,709,78,100,134,mate mateIn1 middlegame oneMove,https://lichess.org/G5FKTq2v/black#36,Kings_Indian_Attack Kings_Indian_Attack_Yugoslav_Variation,
01EB4,7k/6p1/2p4p/p3P3/P7/1P1Bq2P/2P3P1/5R1K b - - 0 32,e3e5 f1f8,437,91,55,102,endgame master mate mateIn1 oneMove pillsburysMate,https://lichess.org/fNOT9tE8/black#64,,
01EDR,8/8/8/p4R1p/2p1k3/P4R1P/1P2q1P1/7K w - - 4 38,f5a5 e2e1 h1h2 e1a5,1166,77,95,648,endgame,https://lichess.org/W89MP6kG#75,,
01EEp,5r1k/2p3p1/7p/p4N2/Pb1B1n2/3B1b2/1PP4P/R5K1 b - - 0 23,f4d3 d4g7 h8h7 g7f8 b4f8 c2d3,1422,78,94,12567,crushing fork long middlegame,https://lichess.org/AKTT9Ch7/black#46,,
01EFz,2r2rk1/p2bbpp1/2n1pn1p/q3P1N1/3P1B1P/2PQ4/P2N1PP1/R3K2R b KQ - 0 16,f6d5 d3h7,761,87,79,80,mate mateIn1 middlegame oneMove,https://lichess.org/nIzUwces/black#32,Queens_Pawn_Game Queens_Pawn_Game_London_System,
01EK4,r1q1r1k1/p1p2p2/1p3Qpp/3b4/3N4/3B4/PPP4P/3R1R1K w - - 1 24,h1g1 c8g4 g1f2 g4g2,1296,76,77,280,kingsideAttack mate mateIn2 middlegame short,https://lichess.org/AWpxEbkI#47,,
01EKU,rn1q2k1/p1pp2pB/1p2pb2/6NQ/3P4/2P5/PP3P2/R3K2b b Q - 5 20,g8f8 h5f7,929,75,91,375,mate mateIn1 middlegame oneMove,https://lichess.org/zhb0rnDg/black#40,,
01EMd,r6k/4q1pp/1n1pBp2/2p1nP2/1p2R2Q/1P5P/r5P1/2B1R1K1 b - - 6 31,b6d7 h4h7 h8h7 e4h4,1328,81,93,7194,attraction kingsideAttack mate mateIn2 middlegame pillsburysMate sacrifice short,https://lichess.org/cQMrswkE/black#62,,
01EPu,r2q1rk1/pp1n1pbp/3p2p1/2pN4/Q3PB2/8/PPP2PPP/R4RK1 w - - 4 13,f4d6 d7b6 d5b6 a7b6 a4a8 d8a8,1703,75,93,2049,advantage long middlegame,https://lichess.org/Uu5kbZPv#25,Scotch_Game Scotch_Game_Lolli_Variation,
01EQu,8/2n5/8/Pkp1K3/2N5/8/8/8 w - - 7 57,e5d6 b5c4 d6c7 c4b5 a5a6 b5a6,1861,78,91,610,crushing endgame knightEndgame long,https://lichess.org/PXioHcpt#113,,
01ESO,1r3n2/p3p1kp/3p1n1N/1p3P1R/2r3P1/3B1P2/PPP5/1K1R4 w - - 1 27,g4g5 f6h5 d3c4 b5c4,935,79,85,489,advantage master middlegame short,https://lichess.org/0uV7SRFm#53,,
01EUl,r2qk2r/ppp2pp1/2p2n2/7p/3bP1b1/2N3Q1/PPP2PPP/R1B1KB1R w KQkq - 0 9,h2h3 d4c3 g3c3 d8d1,1337,77,96,36424,clearance mate mateIn2 opening short,https://lichess.org/eR5rGPfR#17,Russian_Game Russian_Game_Stafford_Gambit,
01EfV,rn2k2r/ppq2p2/2p1pp2/8/2BN2p1/3P4/PPPB1P2/R2Q1RbK w kq - 4 16,h1g1 c7h2,672,100,98,1050,mate mateIn1 middlegame oneMove,https://lichess.org/YkITVZm0#31,Scandinavian_Defense Scandinavian_Defense_Main_Line,
01Egl,2k5/r5p1/2K2p1p/8/7P/p7/8/4R3 b - - 7 61,a3a2 e1e8,686,94,73,178,endgame mate mateIn1 oneMove rookEndgame,https://lichess.org/HRglcTgk/black#122,,
01EiO,6k1/3n2bp/3Np1p1/1p1pP3/1PpP4/2P1PQ2/rq4PP/5R1K b - - 1 27,d7f8 d6e8 b2g2 f3g2 a2g2 h1g2,2166,93,83,30,advantage long middlegame,https://lichess.org/eW0NFRh4/black#54,,
01Epj,5r2/1p2Q3/8/pk3rK1/5P2/3P3P/8/8 w - - 2 46,g5g6 f8f6 e7f6 f5f6 g6f6 a5a4 f4f5 a4a3 f6g6 a3a2 f5f6 a2a1q,1554,80,93,1276,advancedPawn crushing endgame master masterVsMaster promotion queenRookEndgame quietMove veryLong,https://lichess.org/oXYJR89c#91,,
01Esj,2r5/p2bk1Q1/1p2p3/3nN3/3P4/8/Pq3PPP/4R1K1 b - - 0 25,e7d6 g7d7,1298,78,71,128,mate mateIn1 middlegame oneMove,https://lichess.org/TYiEDFul/black#50,,
01Eta,3r4/5kp1/1pp5/6p1/1P1q1pN1/P3p2P/4Q1P1/5R1K w - - 2 33,f1d1 d4d1 e2d1 d8d1,400,118,90,330,crushing endgame short,https://lichess.org/TFDdFcUV#65,,
01EuL,3Q4/5pk1/5P2/4K2p/P2P4/2q1p3/5r2/8 b - - 0 52,g7g6 d8g8 g6h6 g8g7,966,89,95,316,endgame mate mateIn2 short,https://lichess.org/RG5h38pt/black#104,,
01F1G,r2q3k/4n1bp/bpB1Qrp1/pN3p2/P4B2/5N2/1P3PPP/R2R2K1 b - - 0 18,d8d1 a1d1 f6e6 c6a8,1618,75,80,93,crushing middlegame short,https://lichess.org/I15Vgant/black#36,Sicilian_Defense Sicilian_Defense_Smith-Morra_Gambit_Accepted,
01F1N,r4rk1/pp1q2pp/3p1p2/2p1nP2/5Q2/2P4P/PP1N1PP1/4RRK1 b - - 3 17,e5d3 f4c4 d6d5 c4d3,1185,77,88,143,crushing fork middlegame short,https://lichess.org/OPiXnLpo/black#34,Philidor_Defense Philidor_Defense_Exchange_Variation,
01F3z,r4rk1/pp1b1ppp/8/2bBB3/8/8/PP3PPP/R4RK1 b - - 0 16,f8e8 d5b7 e8e5 b7a8,1768,77,93,2823,advantage middlegame short,https://lichess.org/d9xyOCEM/black#32,Horwitz_Defense Horwitz_Defense_Other_variations,
01F65,8/8/8/8/8/3K1p1k/5P2/8 b - - 3 63,h3h2 d3e4 h2g2 e4e3,1883,76,87,289,crushing endgame pawnEndgame short zugzwang,https://lichess.org/2vUQQCwY/black#126,,
01F7L,r3kb1r/ppp2ppp/8/2p1Pb2/3Pn2q/3B1P2/PPP3PP/RNBQK2R w KQkq - 1 9,e1e2 h4f2,959,77,86,243,mate mateIn1 oneMove opening swallowstailMate,https://lichess.org/bHxdc27g#17,Russian_Game Russian_Game_Stafford_Gambit,
01FAd,8/8/8/8/3R1pkP/1r6/6K1/8 w - - 1 46,h4h5 b3b2 g2f1 g4g3 d4d6 b2b1 f1e2 f4f3 e2e3 b1e1,2379,77,98,860,crushing endgame exposedKing rookEndgame veryLong,https://lichess.org/MNrpQKfz#91,,
01FB6,5n1k/6p1/7p/8/Qb1P2N1/2q1B2P/6P1/6K1 w - - 0 31,a4e8 c3e1 g1h2 b4d6 g4e5 e1e3,1287,77,85,402,advantage deflection endgame long,https://lichess.org/StB6avH2#61,,
01FCo,1k2r2r/1Pp2pb1/1n1p3p/3Pq1p1/1Q1NP3/2P2P2/P4R1P/R3K3 b Q - 0 22,g7f6 d4c6 b8b7 c6e5,1013,78,96,2251,crushing fork middlegame short,https://lichess.org/ppE9yTN1/black#44,,
01FHB,4k2r/r2p1pp1/p3p2p/1P2q3/Q2bP3/5B2/P2R1PPP/3R2K1 b k - 0 20,a6b5 a4d4 e5d4 d2d4,1497,77,94,2403,advantage master middlegame short,https://lichess.org/UDs8qH3o/black#40,,
01FId,2rr4/1Q3p1k/6pp/p4q2/8/2P1R1R1/P4PK1/8 b - - 5 38,d8d2 e3f3 d2b2 b7b2,1902,74,94,5711,crushing endgame short,https://lichess.org/8yPoEYjy/black#76,,
01FJi,3q1rk1/p4p1p/4p1p1/3rN3/1P1nRQP1/P7/5P1P/4R1K1 b - - 4 35,d8h4 e4d4 d5d4 f4d4,1362,79,93,262,advantage middlegame short,https://lichess.org/aa5AaEHa/black#70,,
01FSC,4r3/5Qkp/p5pN/8/6P1/6KP/P1P1r3/8 b - - 0 34,g7h6 g4g5 h6h5 f7f3 h5g5 f3f4 g5h5 f4h4,2083,82,88,502,endgame mate mateIn4 queenRookEndgame veryLong,https://lichess.org/efFWEKnd/black#68,,
01FU2,rnb1r1k1/pp3p1p/3p2pQ/3NB3/2P5/3BPN2/Pq1b2PP/3K3n b - - 1 16,e8e5 d5f6 g8h8 h6h7,1207,82,88,360,kingsideAttack mate mateIn2 middlegame short,https://lichess.org/qyKU499m/black#32,Indian_Defense Indian_Defense_Budapest_Defense,
01FXr,7r/1p2bk2/p1P1p1p1/2Np1p2/Q2P4/4P3/4BKPq/R7 w - - 0 28,c6b7 e7h4 f2f3 h2g3,1263,78,86,453,mate mateIn2 middlegame short,https://lichess.org/UUewicB0#55,,
01Fbm,4r1k1/4rp1p/p2p2pP/1p1P2P1/2qb1B2/PP6/2PQ1R2/1K3R2 b - - 0 29,c4c5 f4d6 c5c3 d2c3,1583,75,95,3836,crushing master middlegame short,https://lichess.org/JBjYDUYH/black#58,,
01Fhe,2r3bk/3R3p/p5p1/1p6/8/PPq4P/2P1Q1P1/7K b - - 0 33,c3c2 e2e5,932,143,100,24,endgame mate mateIn1 oneMove,https://lichess.org/z84GOxUb/black#66,,
01FjT,r3k1nr/pp2B3/2p1p3/3q3p/4N1p1/3P2P1/PPP2P1P/R3Q1K1 b kq - 0 18,g8e7 e4f6 e8f7 f6d5,833,92,100,136,advantage fork middlegame short,https://lichess.org/ypELDUnH/black#36,Scandinavian_Defense Scandinavian_Defense_Valencian_Variation,
01FmQ,3r2k1/2B3pp/1Q2Pp2/2b5/P3n3/5N2/2q2PPP/5RK1 w - - 4 32,e6e7 c2f2 f1f2 d8d1 f3e1 d1e1,1595,75,96,10690,long mate mateIn3 middlegame pin sacrifice,https://lichess.org/e8I8ds3w#63,,
01Fml,8/8/1p2pk1p/pP4p1/P2PpPP1/4P3/3K4/8 w - - 0 43,f4g5 f6g5 d4d5 e6d5,1491,78,87,2400,crushing endgame pawnEndgame short,https://lichess.org/tf8EObMs#85,,
01FzV,8/8/6k1/5p2/2R4P/3K1n2/2p5/8 w - - 2 49,c4c2 f3e1 d3c4 e1c2,946,90,94,223,crushing endgame fork short,https://lichess.org/M4hQwWy8#97,,
01G4i,6r1/1pp2rpk/p4nR1/3qpP1P/8/2P3Q1/PP3P1K/6R1 b - - 6 35,f6h5 g6h6 g7h6 g3g8,1743,76,95,4581,discoveredAttack mate mateIn2 middlegame short,https://lichess.org/z8X3byMF/black#70,,
01G5k,8/b6p/P1K2k2/2p3p1/6P1/8/1P3P2/8 b - - 1 49,f6e5 c6b7 e5d6 b7a7 d6c7 b2b3 h7h6 f2f3,1916,74,86,376,bishopEndgame crushing defensiveMove endgame quietMove trappedPiece veryLong zugzwang,https://lichess.org/1wwwMKcH/black#98,,
01G6K,r2r2k1/pp2bppp/2n1p3/8/2BP4/4BN1q/PP3P2/2RQ1R1K w - - 6 20,f3h2 e7d6 f2f4 h3e3,1318,74,95,36763,advantage middlegame short,https://lichess.org/tcrbi3Dc#39,,
01G6T,5rk1/1p1b3p/p2pN2q/2pP2p1/2P3nP/1P4P1/P5B1/4QR1K b - - 1 30,g5h4 f1f8 h6f8 e6f8,1018,78,86,510,crushing kingsideAttack middlegame short,https://lichess.org/d4XkLc0L/black#60,,
01G8m,8/6pk/1R5p/3r4/4p3/5pP1/5P1P/4R1K1 w - - 0 41,e1e4 d5d1 e4e1 d1e1,571,100,87,42,endgame mate mateIn2 rookEndgame short,https://lichess.org/Vue5hudw#81,,
01GAH,2n1k3/p7/1q1b1p2/n3pP2/b2pP3/1p1P4/1P1BN3/3QNB1K b - - 1 26,b6c7 d1a1 c7d7 d2a5,1889,74,87,747,advantage master middlegame short,https://lichess.org/NwwqQHc2/black#52,,
01GBu,5r1k/3p2bp/p4pp1/qp1br3/4P3/1Q4B1/PP2RPPP/4R1K1 w - - 0 23,e4d5 a5e1 e2e1 e5e1,1257,80,94,5060,backRankMate mate mateIn2 middlegame short xRayAttack,https://lichess.org/t1gBJrWV#45,,
01GC2,3b4/pp2kprp/8/1Bp5/4R3/1P6/P4PPP/1K6 b - - 0 22,e7f8 e4e8,505,109,93,1045,endgame mate mateIn1 oneMove operaMate,https://lichess.org/6c75Zk3T/black#44,,
01GCT,5r1k/6p1/R3bn1p/8/1P6/P2PqB2/1B2P2P/6RK b - - 0 30,h8h7 f3e4 h7h8 a6e6,1273,77,85,237,advantage interference middlegame short,https://lichess.org/lC8C6VlE/black#60,,
01GHp,r4r1k/ppp4p/2n5/2b5/8/6N1/PPPP2PP/R1B2RK1 w - - 7 18,g1h1 f8f1 g3f1 a8f8 f1g3 f8e8,2347,92,87,620,advantage clearance defensiveMove long middlegame,https://lichess.org/xBiZzLMA#35,Kings_Gambit Kings_Gambit_Other_variations,
01GJo,b2r3k/6pp/6q1/2QN1p2/2B1rPn1/4PKP1/PP1B4/4R2R w - - 1 28,d2c3 e4c4 c5c4 a8d5 c4d5 d8d5,1868,144,100,20,crushing fork long middlegame,https://lichess.org/Y2B3GNXA#55,,
01GKn,2r2rk1/pbb1qp1p/1pn1p1p1/8/1P1PN3/P2BP2R/2Q1N1PP/5RK1 b - - 3 20,c6b8 e4f6 e7f6 f1f6,966,88,90,611,crushing kingsideAttack middlegame short,https://lichess.org/uBkKtvl9/black#40,,
01GQI,8/5p2/1kbB2p1/4Pp1p/p2P1P2/1pR3P1/1Kn4P/8 b - - 13 58,c2d4 d6c5 b6c7 c5d4,1038,77,88,216,crushing endgame fork short,https://lichess.org/URyEHRKp/black#116,,
01GT7,2r5/p2q1k1p/1p2p1p1/3b4/4n3/Q3PN2/5PPP/3R2K1 b - - 7 27,e4c3 f3e5 f7e8 e5d7,1186,77,91,180,advantage fork middlegame short,https://lichess.org/YAS6FCof/black#54,,
01GXf,r3k2r/pR2bppp/4p3/3N4/8/8/P4PPP/4R1K1 b kq - 0 20,e7f6 d5c7 e8f8 c7a8,1105,82,95,2019,crushing endgame fork short,https://lichess.org/iduwCdmp/black#40,,
01GYU,r5k1/p2nqppp/1p1b1n2/2p1r3/8/1BNPB2P/PPP2PP1/R2QR1K1 w - - 2 16,e3f4 e5e1 d1e1 e7e1 a1e1 d6f4,831,123,89,34,middlegame,https://lichess.org/3qIfu9yd#31,Scandinavian_Defense Scandinavian_Defense_Boehnke_Gambit,
01GcH,8/KP3k2/8/5p2/8/8/1R2p3/2r5 w - - 0 56,b7b8q c1a1 a7b6 e2e1q b8c7 e1e7 c7e7 f7e7,1621,81,93,2234,advancedPawn advantage endgame master promotion queenRookEndgame veryLong,https://lichess.org/j76CnG9Q#111,,
01GiU,6rk/1p3p2/1qb1pP1p/p2p2B1/P2P2Q1/2P5/7P/R4RK1 w - - 0 26,g4h5 g8g5 h5g5 h6g5,975,83,78,41,advantage fork middlegame short,https://lichess.org/rlEIa92S#51,,
01Gjl,rn2k2N/p1pn3p/8/3b2B1/3p4/N7/PP4PP/4R1K1 b - - 3 21,e8f8 g5h6 f8g8 e1e8 d7f8 e8f8,1730,74,95,9828,exposedKing long mate mateIn3 middlegame operaMate,https://lichess.org/ATVeox2b/black#42,,
01GkW,5b1k/pQ6/5BBp/5P2/3q2p1/7P/6PK/8 b - - 0 36,d4f6 b7h7,629,100,95,290,endgame mate mateIn1 oneMove,https://lichess.org/i07nEgsG/black#72,,
01GnH,1R6/P7/6p1/7p/8/7k/K7/2q5 b - - 1 43,c1c4 b8b3 h3g4 a7a8q,1139,79,95,527,advancedPawn advantage endgame promotion queenRookEndgame short,https://lichess.org/QXjY4nyw/black#86,,
01Gqt,4Q3/6bk/6pp/pp6/8/3qBP1P/PP6/K1R5 w - - 0 37,a2a3 d3a3 a1b1 a3b2,1382,74,98,3993,endgame mate mateIn2 pin short,https://lichess.org/9fYQl16d#73,,
01Gvc,1k1r3r/ppp4p/3np1p1/Pb1pQ2P/3P4/2P5/1P1K1PP1/R6R w - - 1 22,h5g6 d6c4 d2c2 c4e5,1008,81,85,76,advantage fork middlegame short,https://lichess.org/CTGHtpTC#43,,
01GwB,1r1b1r2/3P2pk/7p/4R3/P6P/4RpP1/5P2/6K1 b - - 3 44,b8b7 e5e8 f8g8 e8g8 h7g8 e3e8 g8f7 e8d8,1309,75,95,495,advantage attraction endgame fork veryLong,https://lichess.org/3iyCcPso/black#88,,
01H0Y,r1b2rk1/p2p1pp1/1p3q1p/3Np3/1P2P3/P4P2/4Q1PP/R4R1K b - - 1 19,f6g6 d5e7 g8h7 e7g6,826,93,76,66,crushing fork middlegame short,https://lichess.org/4RkoQDEf/black#38,Sicilian_Defense Sicilian_Defense_Taimanov_Variation,
01H0o,r4Bk1/5p1p/p1q3p1/1p3N2/2pPr3/2P5/5PQ1/R4K2 b - - 0 31,a8f8 f5e7 e4e7 g2c6,1569,79,94,826,advantage endgame master short,https://lichess.org/bfDCOeTo/black#62,,
01H4V,r5k1/6p1/2N3pp/3p4/P2P4/1P5n/6PP/5RqK w - - 7 34,f1g1 h3f2,810,76,100,571,endgame mate mateIn1 oneMove smotheredMate,https://lichess.org/ekvxZJSu#67,,
01H66,4r3/6K1/8/5RP1/1PpP4/P1P3k1/8/4b3 w - - 5 52,f5e5 e8e5 d4e5 e1c3 g7g6 c3e5 g6f5 c4c3 f5e5 c3c2 g5g6 c2c1q,1883,75,96,4463,advancedPawn crushing endgame pin promotion veryLong,https://lichess.org/ycrq3HDe#103,,
01H6V,8/RR4pk/6r1/7p/P3KP1P/4P1P1/1pr5/8 w - - 0 50,e4f3 c2c7 b7b2 c7a7,1938,76,94,3544,advantage endgame master rookEndgame short,https://lichess.org/rHuUZ772#99,,
01HAa,r1bq3r/1np1k1b1/pp1p3p/3Pp2B/2P1Pp1Q/2N5/PP1N2PP/R4RK1 b - - 5 19,e7d7 h4g4 d7e7 g4g7,1913,78,86,288,fork mate mateIn2 middlegame short,https://lichess.org/duha46pd/black#38,,
01HAq,rn1q1rk1/1bppppbp/1p4pn/6N1/p1B1P3/2PP3Q/PP3PPP/RNB1K2R w KQ - 0 9,c4f7 f8f7 g5f7 h6f7,1811,74,77,101,advantage opening short,https://lichess.org/jjI0oEay#17,Owen_Defense Owen_Defense_Other_variations,
01HBm,r4rk1/pb2bpp1/4pn1p/2pqN3/3p3B/3P3P/PPP1NPP1/1R1Q1RK1 w - - 2 15,h4g3 d5g2,543,139,33,21,kingsideAttack mate mateIn1 middlegame oneMove,https://lichess.org/uptCqzGJ#29,Caro-Kann_Defense Caro-Kann_Defense_Other_variations,
01HI3,Q3R3/1R3ppk/7p/8/2p5/2P5/1Pr4r/4K3 w - - 3 54,b7f7 c2c1,1217,85,94,1194,endgame mate mateIn1 oneMove queenRookEndgame,https://lichess.org/cBCqtthS#107,,
01HLj,r4rk1/p1p1bpp1/2pp2b1/4n1Pp/4P2P/1BN2P1q/PPP2K2/R1BQ3R b - - 6 17,h3f3 d1f3 e5f3 f2f3,883,104,85,30,advantage middlegame short,https://lichess.org/GTfFQthl/black#34,Italian_Game Italian_Game_Scotch_Gambit,
01HQ8,r4rk1/pp2qppp/2pp4/4p1B1/2BnP3/P2P1b2/1PP2P2/R1Q2RK1 b - - 1 15,e7f6 g5f6 d4e2 g1h2 e2c1 f1g1,2236,78,94,5080,advantage clearance long middlegame pin,https://lichess.org/5WPd9cpZ/black#30,Philidor_Defense Philidor_Defense_Other_variations,
01HQs,2k2b1r/ppp1ppp1/2n4p/8/3r2nq/2NPB3/PPP2P1N/R2QRBK1 w - - 6 14,h2g4 d4g4 f1g2 h4h3 d1g4 h3g4,1671,74,82,543,advantage kingsideAttack long middlegame pin,https://lichess.org/oHuhR4v1#27,Scandinavian_Defense Scandinavian_Defense_Mieses-Kotroc_Variation,
01HU7,2R3k1/8/1p2pBq1/3bP2p/8/5P2/5KP1/8 b - - 1 45,g8h7 c8h8,705,97,100,146,endgame mate mateIn1 oneMove,https://lichess.org/I0FSgmDV/black#90,,
01HV2,3rk2r/p3nppp/1pp5/q7/1B2QRP1/4P2P/P7/4KR2 b k - 11 30,a5d5 e4e7,928,78,84,191,mate mateIn1 middlegame oneMove,https://lichess.org/wYnJuODv/black#60,,
01HXY,8/8/1p1P1k1K/1p6/pP6/P7/8/8 w - - 0 42,h6h5 f6e6 d6d7 e6d7,884,80,99,608,crushing endgame master pawnEndgame short,https://lichess.org/THUPRnRv#83,,
01HgC,rn1q1rkn/pbppbppp/1p2p2B/4P2P/3P2Q1/3B1N2/PPP2PP1/RN2K2R b KQ - 2 9,f7f5 g4g7,661,90,100,147,kingsideAttack mate mateIn1 oneMove opening,https://lichess.org/0KY2Dkpf/black#18,Owen_Defense Owen_Defense_Other_variations,
01HgH,r3k2r/pppqbppp/2n1b3/3p2PQ/1P1Pp2P/2P1P3/P4PB1/RNB1K1NR w KQkq - 1 11,a2a4 e6g4 g2h3 g4h5 h3d7 e8d7,1504,75,87,324,advantage long middlegame trappedPiece,https://lichess.org/yEhL5ybm#21,Grob_Opening Grob_Opening_Other_variations,
01Hgu,2k5/p1p5/r6q/3b4/8/3P4/PPP2P1P/R1B2RK1 w - - 0 31,c1h6 a6g6 h6g5 g6g5,1035,105,94,6162,endgame fork mate mateIn2 pillsburysMate short,https://lichess.org/9laF2Tml#61,,
01HoZ,r5rk/1p3p1p/1b1p1p2/pP1P3q/P1P1Pn2/3B1NK1/5P2/R2Q3R w - - 8 28,g3f4 h5g4,1779,85,84,968,mate mateIn1 middlegame oneMove,https://lichess.org/VOay9YDM#55,,
01HvT,r1b1k2r/pp3ppp/2p1pn2/4P1B1/Pbp5/2N1P3/1P3PPP/3RKB1R b Kkq - 0 10,f6e4 d1d8,432,99,100,317,mate mateIn1 middlegame oneMove operaMate,https://lichess.org/mOSK58xR/black#20,Slav_Defense Slav_Defense_Soultanbeieff_Variation,
01HwG,r6k/1p2R1b1/3P2P1/8/b1B2p2/pKp2P1P/8/7R w - - 4 34,b3a3 a4d1 c4a6 c3c2,2600,99,91,713,advancedPawn advantage discoveredAttack discoveredCheck endgame master pin short,https://lichess.org/WWYKvTiO#67,,
01Hyk,r4rk1/5ppp/4pn2/p1Q5/1ppP4/4PqPP/1P3P2/RNB1K1R1 w Q - 2 21,a1a5 f6e4 c5f8 a8f8,1395,79,92,1591,crushing middlegame short,https://lichess.org/FEYtcgVm#41,,
01Hzj,8/8/RP6/p1b5/r1k5/8/5PP1/5K2 b - - 0 40,c4b5 b6b7 b5a6 b7b8q a4a1 f1e2,1040,80,82,55,advancedPawn advantage endgame long master promotion,https://lichess.org/4nloPac3/black#80,,
01I0q,2k2n1r/prp3pp/8/Q1RP4/2N1Pq2/P7/1P3PPP/5RK1 w - - 3 28,f1c1 f4c1 a5e1 c1e1,791,100,97,683,hangingPiece kingsideAttack mate mateIn2 middlegame short,https://lichess.org/sFXEAJ3W#55,,
01I14,2r1r1k1/pp3ppp/5n2/3p4/1P1Nn3/2P4P/PB2RPP1/R5K1 b - - 0 20,e4c3 e2e8 f6e8 a1c1,1941,80,87,46,advantage middlegame short,https://lichess.org/d06YLjlW/black#40,,
01I1O,5k2/2p1n1p1/1p1b1N1p/p2BpP2/q7/2P3PP/1P1Q1P2/6K1 b - - 0 29,g7f6 d2h6 f8e8 h6h8,1078,127,71,9,crushing endgame master masterVsMaster short,https://lichess.org/8JG00ofD/black#58,,
01I8x,8/1p2R2p/3k4/1p1q4/P7/5P2/6K1/4R3 w - - 2 42,e1e6 d5e6 e7e6 d6e6,774,79,100,198,crushing endgame queenRookEndgame short,https://lichess.org/X0c2JZm8#83,,
01I9J,8/8/6p1/p1N1p3/P1PpPkPp/3P3P/1P6/1K2n3 w - - 1 49,b1c1 f4g3 b2b4 g3h3,2231,76,38,57,crushing endgame knightEndgame short,https://lichess.org/etp9VyzX#97,,
01I9O,r5k1/1pp2r2/p3n3/3pP1qp/2P2R1P/8/PP1Q2P1/5RK1 b - - 0 22,g5h6 f4g4 h5g4 d2h6 f7f1 g1f1,1286,77,89,368,crushing discoveredAttack long middlegame,https://lichess.org/zDjiIG17/black#44,,
01IA8,r4r1k/pp2QRpp/2p5/8/2n5/8/Pq4PP/3R3K b - - 0 28,f8f7 d1d8 a8d8 e7d8 f7f8 d8f8,1299,107,81,43,endgame long mate mateIn3,https://lichess.org/0sYYsIVJ/black#56,,
01ICu,8/5B2/8/8/5k2/2n1p3/Pr3PKP/R7 w - - 0 38,g2f1 b2f2 f1g1 c3e2 g1h1 e2d4,2148,108,70,31,crushing defensiveMove endgame long,https://lichess.org/ajg0odGo#75,,
01IDN,r3r1k1/5ppp/b4n2/3pR3/1b1N4/p4N2/PP3PPP/R1B3K1 w - - 0 22,b2a3 b4c3 e5e8 a8e8 a1b1 c3d4,2181,193,78,18,crushing long middlegame,https://lichess.org/kwtJ5Dux#43,,
01IFU,r1b2rk1/pp3pp1/3b3p/3Bn3/P2N1q2/2P4P/1P3PP1/RN1Q1RK1 w - - 1 17,d4e2 e5f3 g2f3 f4h2,1020,76,95,2371,kingsideAttack mate mateIn2 opening sacrifice short,https://lichess.org/0kHqIPwO#33,Philidor_Defense Philidor_Defense_Other_variations,
01IFr,6Rk/pp6/1bpN3p/4P1p1/7q/3Q3P/PP4P1/7K b - - 0 28,h8g8 d3g6 g8h8 d6f7,981,90,92,1737,cornerMate endgame mate mateIn2 short,https://lichess.org/3Rc0bO6Y/black#56,,
01IKM,8/3Q1pkp/6p1/8/4Pp2/7P/r1p3P1/7K w - - 0 40,d7c7 a2a1 h1h2 c2c1q c7c1 a1c1,934,92,93,503,advancedPawn crushing endgame long master promotion queenRookEndgame,https://lichess.org/9eAmZrdx#79,,
01IKi,8/5Qpk/ppp3p1/3pN3/3Pqn2/2P4P/PP1K1PP1/8 w - - 3 29,f7e7 e4e2 d2c1 f4d3 e5d3 e2e7,1171,75,94,14075,crushing endgame long,https://lichess.org/5mN1tv6O#57,,
01IKl,k1r4r/2Qn1p1p/1p1Bpnp1/q7/2BP4/2P5/1PK2P1P/3R2R1 w - - 5 29,c7c8 h8c8 d1a1 c8c4 a1a5 b6a5,1860,74,94,6854,advantage hangingPiece long middlegame,https://lichess.org/ehmsGMwl#57,,
01ILK,8/8/2p2kp1/ppn4p/1P1pP1qP/P5P1/2P3K1/4QB2 b - - 2 49,g4e4 e1e4 c5e4 b4a5,1615,76,94,2150,crushing endgame short,https://lichess.org/lsmelGki/black#98,,
01IUe,8/pp2qpk1/2p2N1p/1n1nPPpQ/1P3P2/PB5P/6K1/8 w - - 1 38,f4g5 d5f4 g2f1 f4h5,1232,77,71,434,crushing endgame fork short,https://lichess.org/fgRT9vxj#75,,
01IW8,r5r1/pb2kp1Q/2p5/q1b1N2P/1p2P3/8/PnP1N3/1K1R4 b - - 0 24,b2d1 h7f7 e7d6 e5c4,1778,77,86,340,mate mateIn2 middlegame short,https://lichess.org/JPaYHpzn/black#48,,
01IWK,8/8/8/8/3pPk2/3K4/2p2r2/6R1 w - - 0 59,d3d4 f2d2 d4c3 d2d1 c3c2 d1g1,1373,78,89,748,crushing endgame long rookEndgame,https://lichess.org/T8QXzJiA#117,,
01IWu,7k/4q1p1/4p1B1/5n2/8/P6P/4QPP1/2r1N1K1 b - - 4 35,f5d4 e2h5 h8g8 h5h7 g8f8 h7h8,915,80,43,64,endgame long mate mateIn3,https://lichess.org/SnUiyG9c/black#70,,
01IX7,1k2r3/1p3ppp/3p4/2n5/1rPN4/1P3P2/P5PP/2KR1R2 w - - 1 23,f1e1 e8e1 d1e1 c5d3 c1d2 d3e1,1341,77,69,168,advantage attraction endgame exposedKing fork long,https://lichess.org/SN4RFfBg#45,,
01IZP,6k1/pp1b2pp/2p1p3/3pq3/4P3/3B1r1P/PPPQ4/2K1R3 b - - 0 20,d5e4 d3e4 e5f4 e4f3 f4d2 c1d2,1939,75,80,115,advantage endgame long,https://lichess.org/dwmbWkIJ/black#40,,
01IdQ,Q3r3/1P6/KP1q4/5k2/8/8/8/8 b - - 0 72,d6d8 a8d8 e8d8 a6a7,1687,76,94,1608,crushing defensiveMove endgame master short,https://lichess.org/dqJdxwOV/black#144,,
01Ie5,8/3R3p/6pk/5p2/5PP1/1r5P/r2B1K2/8 b - - 0 46,b3b2 g4g5 h6h5 d7h7,868,87,95,2211,deflection endgame mate mateIn2 short,https://lichess.org/MSON3n5v/black#92,,
01IiI,5b1k/1p5p/p1n1QPp1/8/3q1R2/P5PK/2r4P/5R2 b - - 3 29,d4d3 e6f7 d3d8 f1d1 d8c8 d1d7,2383,85,79,111,crushing defensiveMove long middlegame,https://lichess.org/ZZHls8bT/black#58,,
01Iix,rn1r4/pp2k3/8/2b4N/4p1Q1/1B6/PPP2qPP/R1BK3R w - - 2 17,c1d2 f2d2,1299,183,56,31,mate mateIn1 middlegame oneMove,https://lichess.org/LvKED8Vy#33,Vienna_Game Vienna_Game_Stanley_Variation,
01IjU,3R4/8/2k1p3/p2pP3/1prP2Pp/2PK3P/8/8 b - - 1 53,b4c3 d8c8 c6d7 c8c4 d5c4 d3c3,1641,77,94,1818,crushing endgame long rookEndgame,https://lichess.org/rVYb8je3/black#106,,
01ImN,8/8/p6p/2K2p1P/P3k3/2P5/8/8 w - - 0 43,c5d6 f5f4 c3c4 f4f3 c4c5 f3f2 c5c6 f2f1q,941,91,75,220,advancedPawn crushing endgame pawnEndgame promotion quietMove veryLong,https://lichess.org/K6ka82c8#85,,
01ImY,r7/4R2p/1B1P1kq1/1p2pp2/5n2/2Q2N2/PP3P1P/6rK w - - 3 29,f3g1 g6g2,954,83,100,59,mate mateIn1 middlegame oneMove,https://lichess.org/iyzaj32t#57,,
01InH,4k1nr/r1pp1ppq/1p2p3/2b5/2P1PP2/pPNP1nP1/P2B1N1P/R2Q1RKB w k - 3 21,d1f3 h7h2,821,104,97,2478,kingsideAttack mate mateIn1 middlegame oneMove,https://lichess.org/mT8UmU6y#41,,
01Inf,r2q3k/pp2R1pp/3p4/Q7/8/8/Pb3PPP/4R1K1 b - - 0 29,d8a5 e7e8 a8e8 e1e8,530,92,78,137,backRankMate endgame mate mateIn2 short,https://lichess.org/CkfSk11W/black#58,,
01Ipo,3r2k1/pp3p2/3N1p2/1P6/2P5/3R3P/1P1K1n2/8 w - - 3 29,d3d5 d8d6 d5d6 f2e4 d2d3 e4d6,1575,395,100,18,attraction crushing endgame exposedKing fork long sacrifice,https://lichess.org/XjK1mOA0#57,,
01Isj,1kq1r2r/p1p2pp1/1pPb4/3P3p/Q1B2nb1/4B3/P2N1PPP/1R2R1K1 b - - 1 20,h5h4 c4a6 c8f5 e3b6 e8e1 b1e1 c7b6 c6c7 d6c7 e1e8 h8e8 a4e8 f5c8 a6c8,2728,99,80,107,advancedPawn crushing middlegame queensideAttack sacrifice veryLong,https://lichess.org/YoMn61lq/black#40,,
01IvQ,8/2rN1pk1/2P4p/pB6/1b4RP/5K2/8/4r3 b - - 4 44,g7h7 d7f6 h7h8 g4g8,1160,77,88,563,arabianMate endgame mate mateIn2 short,https://lichess.org/nxBcd0PT/black#88,,
01Ivs,r1k4r/pp3Qp1/2nb3p/1B2q3/4N3/8/PP3PPP/R4RK1 w - - 1 18,b5c6 e5h2,999,95,98,353,kingsideAttack mate mateIn1 middlegame oneMove,https://lichess.org/Nx6lrEN2#35,Caro-Kann_Defense Caro-Kann_Defense_Accelerated_Panov_Attack,
01IyI,k1r2n2/p2r1pp1/P1BBp2p/4P3/2P5/2K4P/5PP1/1R6 b - - 0 34,c8c6 b1b8,560,85,64,84,endgame master mate mateIn1 oneMove operaMate,https://lichess.org/HhbcAeLd/black#68,,
01Iz5,4r1k1/1R3bpp/3b4/4n3/P2B2P1/2P2P2/5K2/7R w - - 1 38,a4a5 e5d3 f2g2 e8e2,1288,76,75,265,crushing middlegame short,https://lichess.org/Jo50VzeN#75,,
01J3m,4r1k1/p1q2pbp/2p3p1/NrPp4/3P4/3QP2P/5PP1/R4RK1 w - - 1 25,a1a2 b5a5 a2a5 c7a5,1097,85,91,1679,crushing master middlegame short,https://lichess.org/AI7tSNcU#49,,
01J3q,r3r1k1/ppq1ppb1/2p3nN/2Pp3p/3Pn2N/1P2P2P/PB3QP1/R4RK1 b - - 9 23,g7h6 f2f7 g8h8 h4g6,1144,78,96,22585,fork mate mateIn2 middlegame short,https://lichess.org/CUMxzqX2/black#46,,
01J49,6R1/p4q2/2p4p/6pk/6P1/8/P4r1P/6QK b - - 0 42,h5h4 g1g3,852,76,100,232,endgame mate mateIn1 oneMove,https://lichess.org/7yF88jWj/black#84,,
01J4m,r1b2q1k/1p4pp/4pn2/2n2p2/p1BN4/P1P4P/2Q2RP1/4R1K1 b - - 5 21,f6e4 e1e4 c5e4 c2e4,1644,82,60,46,crushing middlegame short,https://lichess.org/IRWa435M/black#42,,
01J4y,r2qkb1r/1p1npppp/p4n2/8/2BP2b1/1Q3N2/PP1N1PPP/R1B1K2R b KQkq - 1 9,b7b5 c4f7,1205,128,68,29,attackingF2F7 mate mateIn1 oneMove opening,https://lichess.org/HNo7ehQ8/black#18,Queens_Pawn_Game Queens_Pawn_Game_Colle_System,
01J5O,r4r1k/1pp1NppR/3p4/p3n3/4P3/1PPP2P1/1P1K2P1/3R4 b - - 0 22,h8h7 d1h1,638,89,90,2921,anastasiaMate endgame mate mateIn1 oneMove,https://lichess.org/2DUSUcNf/black#44,,
01J6z,6k1/2qn2bp/3p2p1/1p1r4/1P2N3/4BN2/P4PPP/2R3K1 w - - 0 26,c1c7 d5d1 f3e1 d1e1,533,99,100,419,backRankMate mate mateIn2 middlegame short,https://lichess.org/x5acZ9ke#51,,
01J8c,r1bqk2r/pp2bpp1/2p1pn1p/4N3/3PNQ2/2P3P1/PP3PBP/R3K2R b KQkq - 4 13,f6e4 f4f7,836,78,84,250,attackingF2F7 mate mateIn1 middlegame oneMove,https://lichess.org/p8782uZk/black#26,Caro-Kann_Defense Caro-Kann_Defense_Other_variations,
01JCL,3r1kQ1/p1qr1pb1/bp2pNp1/2p1nnN1/5P2/2P2BP1/PP6/R1B1R1K1 b - - 1 23,f8e7 g8f7 e5f7 e1e6 e7f8 g5h7,1917,195,40,4,long mate mateIn3 middlegame sacrifice,https://lichess.org/5hIRCbHO/black#46,,
01JEA,5rkr/1QN5/4R3/p7/P1Pp4/1B1q3P/1P4P1/6K1 w - - 1 44,c4c5 f8f1 g1h2 h8h3 g2h3 f1f2 b7g2 f2g2 h2g2 d3b3,2216,79,93,8959,advantage middlegame sacrifice veryLong,https://lichess.org/rcwW2M7E#87,,
01JIQ,3r4/1pp3bk/3p3n/p2P3Q/P3p3/4q3/1P2Nr2/R2K2R1 b - - 7 39,f2e2 h5g6 h7h8 g6g7,1009,79,89,41,mate mateIn2 middlegame short,https://lichess.org/cTUCVX0V/black#78,,
01JJc,4k3/4P3/2p1KP2/2N5/7r/8/p7/8 b - - 4 42,h4h6 c5e4 c6c5 e4d6,2120,87,63,123,endgame mate mateIn2 quietMove short,https://lichess.org/beTqPTep/black#84,,
01JKz,r3r1k1/ppp1qppp/5n2/4P3/8/2Q1B3/PPP4P/2KR2R1 b - - 0 19,e7e5 e3d4 e5f4 c1b1 a8d8 g1g7 g8f8 g7g1,2600,111,89,1013,advantage defensiveMove middlegame veryLong,https://lichess.org/Eptc3qIK/black#38,,
01JUS,8/2k4p/2P1Kpp1/8/5P2/8/7P/8 b - - 1 48,f6f5 e6d5 g6g5 f4g5 f5f4 d5e4 c7c6 e4f4,2489,80,91,1160,crushing endgame pawnEndgame veryLong,https://lichess.org/qSvjNJDM/black#96,,
01Ja1,4r1k1/p6p/1p1rNb1P/5K2/1P3p2/PR3P2/6P1/7R w - - 6 39,e6f4 e8e5 f5g4 e5g5 g4h3 f6e5 g2g4 e5f4,1706,75,100,964,advantage clearance endgame veryLong,https://lichess.org/cxk7MJLA#77,,
01JeV,2R5/6p1/4p2k/3bN2p/3P1P2/8/5K2/4r3 b - - 2 46,e1e4 c8h8,1283,87,100,68,endgame mate mateIn1 oneMove,https://lichess.org/84tx4izp/black#92,,
01JlK,3b2k1/2q2pp1/7p/P1pB4/2QpP1P1/7P/5P2/6K1 b - - 0 35,c7a5 d5f7 g8h8 c4e6 d8e7 e6e7,1835,80,55,58,crushing endgame long,https://lichess.org/35Rb3SlS/black#70,,
01JlU,4r2r/p4pk1/1pp3p1/6q1/2BP2P1/6Q1/PP2N1R1/6K1 w - - 8 35,g3c7 g5e3 g2f2 h8h1 g1h1 e3f2 c7f7 f2f7,2332,80,96,1327,crushing deflection exposedKing middlegame veryLong,https://lichess.org/GtVqTnhn#69,,
01Jnn,8/1Pk5/5p1p/1P4p1/4p3/7P/5PP1/5K2 b - - 2 40,c7b7 g2g4 f6f5 g4f5,2100,80,91,430,crushing endgame pawnEndgame quietMove short,https://lichess.org/KEEL5ALC/black#80,,
01Jpm,3R4/8/p5pp/2B5/5b1P/P3p3/8/3K1k2 w - - 2 46,d8f8 e3e2 d1c2 e2e1q f8f4 f1g2,1346,76,100,1453,advancedPawn advantage defensiveMove deflection endgame long promotion,https://lichess.org/ScInufn8#91,,
01Jqz,1r4k1/2q2pb1/1n1p2pp/NQ1P1P2/2p1P3/rP4BP/4R1P1/5RK1 w - - 2 33,a5c4 b6c4 b5c4 c7c4 b3c4 a3g3,1630,89,100,91,advantage long master middlegame,https://lichess.org/IkeaJuV3#65,,
01Jrn,5rk1/3q1r1p/1p1bQ1p1/8/1P4R1/7P/3N2P1/5R1K w - - 5 34,e6d7 f7f1 d2f1 f8f1,690,105,88,836,mate mateIn2 middlegame pillsburysMate short,https://lichess.org/eRVQUz9d#67,,
01JtE,8/8/R7/8/6P1/1k5K/p3r3/8 w - - 1 53,h3h4 e2e1 a6a2 b3a2,2480,85,85,75,crushing endgame master quietMove rookEndgame short,https://lichess.org/Fhnb6tRp#105,,
01Jtn,2rq1rk1/1b1n1p2/4p2Q/pn1pP2P/1p1P2NP/8/PP3PB1/R3R1K1 b - - 0 24,d8h4 g4f6 d7f6 e5f6 h4f6 h6f6,1471,78,84,109,crushing kingsideAttack long middlegame,https://lichess.org/Rp98VdQs/black#48,,
01Jto,r1bqr1k1/1p3ppp/p5n1/8/4Q3/4N3/PP2BPPP/R4RK1 w - - 2 18,f1d1 d8d1 a1d1 e8e4 d1d8 g6f8,1257,81,93,1259,advantage long master middlegame,https://lichess.org/EB39LZsw#35,Caro-Kann_Defense Caro-Kann_Defense_Other_variations,
01Jy6,r2r2k1/p3qppp/1pb1p3/2p1P1N1/5n2/2P2N2/PPQ2PPP/R4RK1 b - - 7 16,h7h6 c2h7 g8f8 h7h8,828,102,67,26,kingsideAttack mate mateIn2 middlegame short,https://lichess.org/r6Io6rlI/black#32,Sicilian_Defense Sicilian_Defense_Alapin_Variation,
01JzG,8/2k5/8/1r2p2R/6p1/3K4/1p4PP/1N6 w - - 0 41,h5g5 e5e4 d3c2 b5g5,1347,77,94,11114,crushing discoveredAttack endgame short,https://lichess.org/Pq6aorBc#81,,
01K12,5r2/1bN1N1k1/5rp1/4p2p/2PbP3/pP5P/P3R1P1/3R3K w - - 0 34,e7d5 f6f1 d1f1 f8f1 h1h2 d4g1,1385,77,94,1278,advantage kingsideAttack long middlegame,https://lichess.org/nnSgOzEw#67,,
01K5t,rn3rk1/pp4pp/2pbbq2/3p1p1Q/3P3N/2NB4/PPP2PPP/3R1RK1 w - - 4 14,c3e2 e6f7 h5f5 f6h4,2255,78,84,243,crushing middlegame short,https://lichess.org/Ejwk4Hrw#27,French_Defense French_Defense_Knight_Variation,
01K6c,1r2r1k1/p1p3pp/6q1/2nb4/Q7/5P2/PPP3PP/RNB2RK1 w - - 1 19,a4a7 d5f3 f1f3 e8e1 f3f1 e1f1,2126,84,90,706,crushing fork long middlegame pin sacrifice,https://lichess.org/M5YkSRcA#37,,
01K7q,6rk/2r5/1Q6/4q2p/p3P2P/5R2/1P3PP1/4R1K1 w - - 3 34,e1e3 c7c1 e3e1 c1e1,863,75,85,111,endgame mate mateIn2 short,https://lichess.org/Q3DRRTV4#67,,
01KAj,r4rk1/1p3pp1/1p1p1q1p/1BpP4/P3Pn1n/2N2N2/1PPQ1PPK/R3R3 w - - 3 22,f3h4 f6h4 h2g1 h4g5 d2f4 g5f4,1798,75,88,827,advantage long middlegame,https://lichess.org/nTqK7Mxa#43,,
01KDp,r2qk2r/pp1n1ppp/3bp3/1bppN3/4PP2/1P1P4/PBPN2PP/R2QK2R b KQkq - 0 11,f7f6 d1h5 g7g6 e5g6 h7g6 h5h8,1153,77,91,878,crushing long middlegame,https://lichess.org/zvxPwMmj/black#22,Bird_Opening Bird_Opening_Dutch_Variation,
01KFo,5rk1/ppq2ppp/3bp3/3p1nP1/3P3P/2P1B3/PP2Q1P1/R4RK1 w - - 1 19,h4h5 d6h2 g1h1 f5g3 h1h2 g3e2,1377,79,92,7657,crushing discoveredAttack discoveredCheck fork long middlegame,https://lichess.org/mck7Lr6h#37,Caro-Kann_Defense Caro-Kann_Defense_Other_variations,
01KQY,2r2k2/1R3p1p/6pP/P2p4/1p6/1P2RPP1/3r4/1K6 b - - 2 39,c8c2 b7b8 c2c8 b8c8,893,105,96,752,endgame mate mateIn2 rookEndgame short,https://lichess.org/O7OlrfG1/black#78,,
01KQc,r1bqr1k1/1pp2ppp/1p1p4/3Ppn2/1P6/2PB1N2/P1Q2PPP/R4RK1 b - - 2 15,d8e7 d3f5 c8f5 c2f5,729,80,80,95,advantage middlegame short,https://lichess.org/elRWrVit/black#30,Kings_Pawn_Game Kings_Pawn_Game_Leonardis_Variation,
01KVi,2r3q1/1p6/p2p3R/3PpkP1/4np2/3B4/PP6/1K4R1 b - - 5 31,g8d5 h6f6,1252,156,81,61,endgame epauletteMate mate mateIn1 oneMove pin,https://lichess.org/3alLBNAk/black#62,,
01Kb6,r2qkbnr/1b1p1pp1/p1n1p2p/1pp1P3/4NP2/3PBN2/PPP3PP/R2QKB1R b KQkq - 1 8,g8e7 e4d6,903,77,100,169,mate mateIn1 oneMove opening smotheredMate,https://lichess.org/SqZYoiw7/black#16,Sicilian_Defense Sicilian_Defense_Closed,
01Kdn,1k1r4/pb3p2/1pq2r2/4p1B1/PQ2p1p1/6P1/2P2P1P/1R3RK1 w - - 2 28,g5f6 e4e3 f2f3 g4f3 f6e5 b8a8,1798,102,41,23,crushing defensiveMove long middlegame,https://lichess.org/OD8tiea0#55,,
01KiF,r3kb1r/p1p1qppp/bp2p3/1N1pN3/3P4/PQ6/1P3PPP/R3K2R b KQkq - 0 13,c7c5 b3a4 a6b5 a4b5 e8d8 e5c6 d8c7 c6e7,1982,76,88,213,advantage fork middlegame veryLong,https://lichess.org/d1ijJecI/black#26,Queens_Gambit_Declined Queens_Gambit_Declined_Other_variations,
01Kjc,r2r4/4kppp/p1npb3/4p3/2N1P3/1Bq5/PRP2PPP/3Q1RK1 w - - 1 18,b2b1 e6c4 b3c4 c3c4,1190,80,69,98,advantage middlegame short,https://lichess.org/LybLAkCF#35,Sicilian_Defense Sicilian_Defense_Other_variations,
01Kjm,8/KP2r1pk/5p2/7p/4b2P/3Q4/8/8 w - - 3 72,d3e4 e7e4 b7b8q e4a4 a7b7 a4b4 b7c8 b4b8,1189,77,88,396,crushing endgame master skewer veryLong,https://lichess.org/MfV6fbcL#143,,
01KmU,5k2/5pp1/3P2p1/2pP4/5PP1/4nBbP/2r5/BR5K b - - 0 35,g3f4 b1b8,1157,86,89,63,endgame mate mateIn1 oneMove,https://lichess.org/sBBoVMG3/black#70,,
01Kn5,8/8/8/1R3p2/1P6/6k1/r6p/7K w - - 2 50,b5f5 a2a1 f5f1 a1f1,437,103,79,200,endgame mate mateIn2 rookEndgame short,https://lichess.org/k647Qsyr#99,,
01KyF,5rk1/6bp/1p2p1p1/1Pp5/2P4q/4NQ1P/5PP1/1R4K1 w - - 0 32,f3c6 h4f2 g1h1 f2e3,1087,77,92,756,crushing endgame fork short,https://lichess.org/dyxvNO3Q#63,,
01Kz0,4rr2/RQ4pk/2p2q1p/8/8/1P1P4/2P2PPP/5RK1 w - - 3 29,a7a6 f6f2 f1f2 e8e1 f2f1 e1f1,1156,89,87,1989,endgame long mate mateIn3 sacrifice,https://lichess.org/Q262mNXq#57,,
01L4j,r2q1rkb/pb4Np/1n3p1P/3pn1p1/6P1/P1NBBP2/1P1Q4/R3K2R w KQ - 0 22,d3e2 b6c4 d2d4 c4e3,2123,89,91,805,crushing middlegame short,https://lichess.org/hFb6tU26#43,,
01L59,rnb2rk1/pp1p1ppp/4p3/4P3/3b1Pnq/2N5/PPPNB1PP/R1BQ1R1K w - - 2 12,g2g3 h4h2,1073,84,90,1420,kingsideAttack mate mateIn1 oneMove opening,https://lichess.org/5qG1QQrX#23,Mieses_Opening Mieses_Opening_Other_variations,
01L9G,4k3/1b2bNp1/2p1BpP1/r7/p2P1P1p/P6P/1P3n1B/2K4R w - - 1 31,h1e1 f2d3 c1b1 d3e1,762,94,71,74,advantage fork middlegame short,https://lichess.org/w3EHrdLG#61,,
01LA9,2r3k1/p4q2/4N1pQ/1p1nP3/3P4/8/5PP1/6KR b - - 0 32,f7e6 h6h8 g8f7 h1h7,1456,76,85,1324,endgame mate mateIn2 short,https://lichess.org/mFqNeSJb/black#64,,
01LBw,r6r/ppp1kBp1/2np4/4p3/4P1p1/P2P3q/1PPN1P2/R2Q1RK1 w - - 0 17,d1g4 h3g4,725,95,85,338,hangingPiece kingsideAttack mate mateIn1 middlegame oneMove,https://lichess.org/b4KcZaUU#33,Philidor_Defense Philidor_Defense_Other_variations,
01LEM,8/8/p7/1P2kp2/P2q2pp/KR6/1R5P/8 b - - 0 66,a6a5 b5b6 d4d6 a3a2,1650,76,94,1356,crushing endgame queenRookEndgame short,https://lichess.org/HO5OEmwJ/black#132,,
01LGS,2R5/p5pk/2p1r1q1/4p1pn/1P4Q1/P4P1P/6P1/2R4K w - - 7 37,g4e4 h5g3 h1h2 g3e4,939,77,81,169,crushing endgame fork short,https://lichess.org/KC0yf0ED#73,,
01LGs,4rr2/ppp2q1k/3p2p1/2bP4/4RPP1/1RBQ4/P6P/7K b - - 0 32,e8e4 d3h3 h7g8 h3h8,1248,79,88,1612,mate mateIn2 middlegame short,https://lichess.org/Z3tr3Uaf/black#64,,
01LIb,8/p4kp1/4r3/3R2P1/5P2/P3PQ2/4R2K/2q2r2 w - - 1 40,f3h5 f7e7 d5d7 e7d7 h5f7 d7d6,2431,78,83,82,advantage defensiveMove endgame long,https://lichess.org/f812IDXr#79,,
01LIu,7k/p5p1/8/2P1p2p/6n1/PqBQ2P1/7P/6K1 w - - 3 32,c5c6 b3b6 c3d4 e5d4,1754,77,94,9683,crushing endgame master short,https://lichess.org/cwoKYsfh#63,,
01LLU,r3r1k1/1pp3pp/p2p4/2qPnR2/4Q3/P5NP/1P4PK/R7 b - - 3 24,c5c4 f5e5 c4e4 e5e4 e8e4 g3e4,1341,79,93,1766,advantage long middlegame,https://lichess.org/SQosIQ2S/black#48,,
01LO7,r3r1k1/1pqb1p1p/4p1nQ/p1bp3N/3p4/P2B1P2/1PP2P1P/R3R1K1 b - - 0 17,c5f8 h5f6 g8h8 h6h7,1109,78,94,739,fork mate mateIn2 middlegame short,https://lichess.org/o7FKUW1k/black#34,French_Defense French_Defense_Advance_Variation,
01LPf,2k5/pp2b3/2p1p2p/4N3/2P1Pp2/2N4n/PPBr1P2/5R1K w - - 1 27,c2b3 h3f2 f1f2 d2f2,900,77,100,339,advantage kingsideAttack middlegame short,https://lichess.org/4HYTdN0R#53,,
01LPz,8/p6k/2pr2p1/4Np1p/4n2P/2n1P1P1/P4PB1/2R3K1 w - - 4 37,g2e4 c3e2 g1g2 e2c1,1073,88,95,2559,advantage endgame fork master short,https://lichess.org/zjEzF4hk#73,,
01LQB,3r3r/p4pk1/2p2nP1/4p1Q1/4P2P/2qB4/b1P3P1/3R1RK1 b - - 0 23,d8d6 g6f7 g7f7 d3c4 c3c4 g5e5 c4e6 e5d6,2382,97,85,31,advancedPawn advantage attraction deflection discoveredAttack discoveredCheck middlegame pin sacrifice veryLong,https://lichess.org/VxjOSFSM/black#46,,
01LSB,8/8/p3k1p1/Pp1pB3/3PnK2/1P6/6P1/8 w - - 2 38,b3b4 e4f2 e5c7 f2d3,2488,83,85,111,crushing endgame master masterVsMaster quietMove short,https://lichess.org/5JrKbdvP#75,,
01LVo,4r3/1R2bkpp/1Q1p4/B4p2/4nNP1/7P/2q2P2/1R4K1 w - - 1 36,b6c7 c2f2 g1h1 e4g3,1149,76,89,90,cornerMate fork mate mateIn2 middlegame short,https://lichess.org/SckihoVX#71,,
01LXW,6k1/5ppp/rp1q1nb1/3p4/3P4/P3P2P/5PP1/R1Q2RK1 b - - 1 24,h7h5 c1c8 g8h7 c8a6,889,77,89,67,advantage fork middlegame short,https://lichess.org/ENXZT5yF/black#48,,
01LXq,2rq1rk1/pb3ppp/1p2p3/8/2RPn3/3QP3/PB2BPPP/5RK1 b - - 0 17,b7a6 c4c8 a6d3 c8d8 d3e2 d8f8,1221,76,88,395,crushing long middlegame,https://lichess.org/pbND5s2h/black#34,Nimzo-Indian_Defense Nimzo-Indian_Defense_Spielmann_Variation,
01LYN,r1b2r2/pp3pk1/2p1p1p1/4qnBp/2B5/2P2Q2/PP3PPP/R4RK1 b - - 0 16,f5d6 g5f4 e5c5 b2b4 c5c4 f4d6,2472,99,90,838,advantage long middlegame,https://lichess.org/Y01wV3Vb/black#32,Sicilian_Defense Sicilian_Defense_Old_Sicilian,
01LaG,6rk/R7/3p1q1p/3P2pQ/1P2P3/3P1p1P/P1r3PB/1R5K w - - 0 28,a7f7 f3g2 h1g1 f6d4 f7f2 d4f2,1599,76,92,1367,advancedPawn kingsideAttack long mate mateIn3 middlegame,https://lichess.org/UtNFI4I6#55,,
01Lbu,3r1rk1/3PRppp/8/3Q4/p7/1P6/q5PP/4R1K1 w - - 1 29,d5f7 f8f7 e7e8 f7f8,1545,76,76,136,crushing endgame short,https://lichess.org/Tw8virMI#57,,
01Ldf,rn1q2r1/pb3p1k/1p2pPP1/3pP3/8/2p2N2/PPP2P2/R3KB1R b KQ - 0 17,h7g6 f1d3,1308,76,71,79,mate mateIn1 middlegame oneMove,https://lichess.org/bMBf1RZs/black#34,Zukertort_Opening Zukertort_Opening_Queenside_Fianchetto_Variation,
01Lik,2K5/2P5/8/8/3r1kp1/8/8/6R1 b - - 0 49,g4g3 g1c1 g3g2 c8b8,2731,111,88,285,crushing defensiveMove endgame quietMove rookEndgame short,https://lichess.org/GVXtmuNP/black#98,,
01LlS,4rrk1/ppp1qppp/8/6N1/4N1P1/b2Q3P/P4P2/1R4K1 b - - 0 24,h7h6 e4f6 g7f6 d3h7,870,78,99,617,clearance kingsideAttack mate mateIn2 middlegame sacrifice short,https://lichess.org/2D65uUUV/black#48,,
01Lm4,r3k1nr/2pp1pp1/npbbp1q1/7p/2PP3B/2N1PN1P/PP3PP1/2RQKB1R w Kkq - 3 12,f1d3 g6g2 h1g1 g2f3 d1f3 c6f3,1613,76,84,81,advantage long opening,https://lichess.org/ZBLlFmFC#23,English_Defense English_Defense_Other_variations,
01Lmi,2r3k1/5pp1/2P4p/2R5/1r6/6P1/p4P1P/2R3K1 w - - 2 32,g1g2 b4b1 c5a5 b1c1,1483,81,82,41,crushing endgame rookEndgame short,https://lichess.org/ZyWteqqn#63,,
01Lo7,r2qb2r/6k1/p2p1p2/1ppN1Pp1/4P1Q1/2PP3P/P5P1/3R1RK1 w - - 6 29,g2g3 e8h5 g4h5 h8h5,1183,82,91,589,crushing middlegame short trappedPiece,https://lichess.org/jwV6XI0r#57,,
01LoE,r1b2k1r/pppp2pp/2n5/4q1N1/2Q1P3/8/P4PPP/R1B2RK1 b - - 2 15,h7h6 c4f7,982,87,81,82,mate mateIn1 middlegame oneMove,https://lichess.org/BmlNRrDy/black#30,Italian_Game Italian_Game_Evans_Gambit,
01LsE,8/8/5pkp/8/P4rPp/1P5P/r4P2/1R1R1K2 w - - 4 37,b3b4 f4f2 f1g1 f2g2 g1h1 g2h2,1407,78,93,4004,crushing endgame long master masterVsMaster rookEndgame,https://lichess.org/GaLzyn48#73,,
01LtT,8/8/5kp1/1P2p1Rp/7P/1K4P1/P7/1r6 w - - 3 57,b3a4 e5e4 g5c5 e4e3,1054,85,50,56,advantage endgame quietMove rookEndgame short,https://lichess.org/JR4SbCjt#113,,
01Luf,3r1rk1/p1p2p2/2Q4p/2P1q1p1/3p2P1/1P2P2P/P1PK1P2/4RR2 w - - 2 23,d2c1 d4e3 c1b1 e3e2,1648,77,77,54,advancedPawn advantage endgame short,https://lichess.org/gEYBQ5RS#45,,
01Lvt,r5k1/pp2p1bp/6p1/8/4N1P1/1q5P/4QP2/3R2K1 b - - 0 25,b3h3 e2c4 g8h8 e4g5 h3g4 c4g4,2052,81,91,2276,crushing endgame long master,https://lichess.org/m1lWojI9/black#50,,
01Lyl,3r1rk1/pp4b1/2p2p2/5P1p/6n1/2N2B2/PPP1Q1Pq/3RR1K1 w - - 2 26,g1f1 h2h1,936,81,88,551,mate mateIn1 middlegame oneMove,https://lichess.org/sZYNjKzl#51,,
01M07,1r6/2p4p/2r5/kN1p2p1/P4p2/2PRnP2/3R2PP/6K1 b - - 6 36,a5a4 b5d4 b8b1 g1f2 c6c3 d3c3 e3d1 d2d1,2389,109,90,631,advantage endgame veryLong,https://lichess.org/2Mo0mqhm/black#72,,
01M1X,4r3/4bpkp/3p2pN/4P1P1/1p2qn1P/5N2/1P1Q1P2/3R2K1 w - - 0 30,e5d6 e4f3 d2d4 f7f6,1900,77,93,4696,crushing hangingPiece middlegame short,https://lichess.org/7Ybap0Fs#59,,
01M2U,1k5r/pp4p1/7r/3p2p1/3P2R1/2P1pP1P/PP2Bb2/K6R w - - 0 38,e2f1 h6h3 f1h3 e3e2 h1b1 h8h3,2267,78,92,3869,advancedPawn advantage endgame long master sacrifice,https://lichess.org/L4WpZJZC#75,,
01M7o,r5r1/p3kp1p/2q1p3/2p2p2/5Q2/6N1/PPP3PP/3R2K1 b - - 1 21,a8d8 f4h4 f7f6 h4h7 e7f8 d1d8,1680,77,94,726,crushing deflection endgame long,https://lichess.org/tR0ImCxU/black#42,,
01M89,8/2p5/1p2B3/p7/5r2/P4pN1/1PP4k/1K4R1 w - - 1 59,g3e2 f3e2 g1e1 f4f1 b1c1 f1e1,1158,77,94,1618,advancedPawn crushing endgame hangingPiece long pin,https://lichess.org/XOFOkMQr#117,,
01MAv,2r1r1k1/2q2pp1/bpn2b1p/p2pp1P1/3P3P/P1P1QN2/1PBN1P2/3RR1K1 b - - 0 21,e5d4 e3e8 c8e8 e1e8,953,78,70,193,kingsideAttack mate mateIn2 middlegame pillsburysMate short,https://lichess.org/ykWLYdOX/black#42,,
01MCO,Q6k/7p/6p1/8/3b4/4q3/PP5B/2r2R1K b - - 3 32,h8g7 a8f8,1483,185,63,43,endgame master mate mateIn1 oneMove,https://lichess.org/HWBbx7PB/black#64,,
01MLC,8/4kp2/4p1pp/1r2P2P/1P3PK1/8/8/1R6 b - - 0 39,f7f6 h5g6 f6e5 g4h5 e5f4 h5h6 f4f3 g6g7 e7f7 b1f1,2464,107,89,2192,advancedPawn crushing endgame rookEndgame veryLong,https://lichess.org/kq5aKXa2/black#78,,
01MNV,8/1p4k1/1p1p4/2p1p2K/P1P1P3/1P1P4/8/8 b - - 0 38,g7f6 h5h6 f6e6 h6g6 e6e7 g6g7,1853,74,87,1132,crushing defensiveMove endgame long pawnEndgame zugzwang,https://lichess.org/fFIG7SW1/black#76,,
01MOR,1k6/1p2R3/2p1B1r1/p6p/N4r2/8/PPP5/3R3K w - - 2 32,a4c5 f4h4 e6h3 h4h3,1271,76,86,400,endgame mate mateIn2 short,https://lichess.org/z28CI1fv#63,,
01MPw,3r4/p1k3q1/1p2p2p/2p1n1p1/2P1N3/P2R2Q1/1P3PPP/6K1 w - - 1 29,d3e3 d8d1 e3e1 d1e1,664,102,65,169,backRankMate endgame mate mateIn2 short,https://lichess.org/XVfpxq4Y#57,,
01MQ3,2r5/1Rb1k3/p3p2p/B5p1/2r1p3/6PP/3R1P2/6K1 b - - 0 37,c8b8 b7c7 c4c7 a5c7,834,90,96,3590,advantage endgame short,https://lichess.org/p97EKhqM/black#74,,
01MRs,r5k1/p2qppbp/1p1p1np1/2p5/2Pn4/P1NP2PP/1P2PP2/1RBQ1RK1 w - - 0 14,e2e3 d7h3 e3d4 f6g4 d1g4 h3g4,1417,77,92,1033,advantage long master middlegame sacrifice,https://lichess.org/jIGXIyov#27,English_Opening English_Opening_Symmetrical_Variation,
01MaH,1q5k/p4pp1/8/3p3n/6B1/P7/2QB1PPb/5K2 b - - 0 29,b8b5 g4e2 h5g3 f2g3,1061,78,80,84,advantage defensiveMove endgame fork short,https://lichess.org/936qIspu/black#58,,
01Mct,2r5/2pk2p1/p1Rp1p2/1P1PbPq1/4P1p1/6Qb/1PR1BP1P/6K1 w - - 1 35,g3a3 g5f4 a3g3 f4e4 c6c4 e4d5,2401,77,88,94,advantage long middlegame,https://lichess.org/5ZyvaDxe#69,,
01Md6,4r1k1/p4pp1/7p/4P3/P2pB3/4n2P/1r4P1/2R1R2K b - - 0 29,e8e5 c1c8 e5e8 c8e8,936,90,83,177,endgame master mate mateIn2 pillsburysMate short,https://lichess.org/KSMUL81f/black#58,,
01Me6,8/8/8/pK3k2/P7/8/8/8 b - - 1 59,f5e5 b5a5 e5d6 a5b6 d6d7 b6b7,1344,77,86,311,crushing defensiveMove endgame long pawnEndgame,https://lichess.org/njaVheic/black#118,,
01Mee,8/8/4p1R1/3p1n1k/3P1P2/5K2/8/8 w - - 0 53,g6e6 f5d4 f3e3 d4e6 f4f5 e6c7,1822,75,100,526,crushing defensiveMove endgame fork long,https://lichess.org/sNNfZQ4w#105,,
01Mgn,1r4kQ/3b4/3qp1p1/3p3R/p2P3P/2P3P1/P4P2/6K1 b - - 1 32,g8f7 h5h7,1350,116,87,84,endgame master mate mateIn1 oneMove,https://lichess.org/bmPBG7N6/black#64,,
01MhR,4r2k/8/p1p3Qp/6p1/1qB3b1/2N3N1/1P4PP/R3r2K w - - 2 31,c4f1 e8e6 a1e1 e6g6,2061,74,88,399,advantage master middlegame pin short,https://lichess.org/Qr4qMzRK#61,,
01MiZ,r1b2rk1/p1ppq3/5n1p/2p3p1/2Q1p3/2N2P2/PPP2KPP/4RB1R b - - 1 15,d7d5 c3d5 f6g4 f2g1,1540,76,94,686,advantage defensiveMove middlegame short,https://lichess.org/8UEH9blg/black#30,Duras_Gambit Duras_Gambit_Other_variations,
01Mlb,4rr2/p4k2/1pnp1Pp1/7p/7N/1P1Pq1P1/P1P3QP/5R1K b - - 4 24,c6d4 g2d5 d4e6 d5b7 e6c7 b7c7,1583,75,91,1219,crushing long middlegame,https://lichess.org/FsLuinvg/black#48,,
01MnR,r7/q1pb1pbk/3p2pp/3P4/2Pp2P1/2BP3P/2Q2PB1/R5K1 b - - 8 24,a7a1 c3a1 a8a1 g2f1,1913,74,79,189,advantage defensiveMove master masterVsMaster middlegame short,https://lichess.org/Lbcui4gX/black#48,,
01Mnd,6rk/3Q3p/p1r2q2/2Np4/3P4/P1K1P3/1P6/R1B5 w - - 15 36,d7d5 g8g5 d5g5 f6g5,2353,77,100,148,middlegame,https://lichess.org/wn9q3bzN#71,,
01Mp3,8/8/2p4p/3kp1p1/2qp4/6P1/Q4PKP/2N5 w - - 14 47,f2f3 c4a2 c1a2 d5c4 g2f2 c4b3,2308,76,91,3240,crushing endgame long,https://lichess.org/XVqNulDH#93,,
01MpA,6k1/5p1p/1r3p2/8/3P4/6P1/p4P1P/RrR1N1K1 w - - 3 31,e1d3 b1a1 c1a1 b6b1 g1g2 b1a1,1638,76,95,2104,attraction clearance crushing endgame long,https://lichess.org/cZCHluCL#61,,
01MsO,5rk1/2p3b1/3pq3/P4rp1/1PP1p1Q1/4B2P/5P1K/2R2R2 w - - 0 36,e3g5 e6e5 f2f4 e4f3,2214,76,80,261,crushing discoveredAttack discoveredCheck enPassant middlegame short,https://lichess.org/spc2b08F#71,,
01Mwq,r4b2/1p3R2/3kp1p1/1B1p1b2/P2P4/8/1PP1N2r/2K1R3 b - - 1 27,a8c8 f7d7,760,76,100,458,mate mateIn1 middlegame oneMove operaMate,https://lichess.org/pGz2Uq5K/black#54,,
01N0w,2kr3r/1pp3Q1/p1p5/2b2p1P/q1P5/6BP/PP3P2/1K1RR3 w - - 1 26,g7f6 d8d1 e1d1 a4d1,947,107,97,314,master mate mateIn2 middlegame queensideAttack short,https://lichess.org/uaGsJ7mX#51,,
01N1L,4r1k1/ppp1qp2/2np3p/6p1/4r3/2P3B1/PP2NPPP/R2QR1K1 w - - 3 17,d1d2 e4e2 d2e2 e7e2,1195,102,60,29,advantage middlegame short,https://lichess.org/hqMrC4ae#33,Russian_Game Russian_Game_Three_Knights_Game,
01N6h,7k/pp4pp/6q1/2P5/3Bp2n/2Pn1rPP/PP2QP2/R4RK1 w - - 1 20,g1h2 d3f4 f1e1 f4e2,1994,80,88,80,crushing middlegame short,https://lichess.org/xdTtDqts#39,,
01N7E,1r4k1/5ppp/p7/3R4/2p5/PrP5/1P3PPP/3R2K1 b - - 0 23,b3b2 d5d8 b8d8 d1d8,458,105,76,108,backRankMate endgame master mate mateIn2 rookEndgame short,https://lichess.org/NTYOEGJb/black#46,,
01N7F,6k1/Q7/6p1/2p4p/P6P/1P3qPK/2P5/8 w - - 1 46,a7c5 f3h1,1384,77,94,4565,endgame mate mateIn1 oneMove queenEndgame,https://lichess.org/NBOfEd8e#91,,
01NAY,8/pk1K4/1p6/1P6/8/P7/8/8 b - - 4 55,a7a6 a3a4 a6b5 a4b5,1683,75,61,97,crushing endgame pawnEndgame quietMove short,https://lichess.org/bM8MJCNV/black#110,,
01NEe,4r3/1pp3k1/3p2P1/p2P4/2P1P2N/1PK3P1/r7/5R2 b - - 8 34,e8e4 f1f7 g7h6 f7h7 h6g5 g6g7,1670,104,57,49,advancedPawn advantage endgame exposedKing long master,https://lichess.org/ddQdWBt2/black#68,,
01NGp,8/4k3/4p3/4b1p1/6P1/1N4p1/p1N3K1/8 w - - 2 47,b3d2 e7d6 d2b3 d6d5,2296,92,83,89,advantage defensiveMove endgame master masterVsMaster short,https://lichess.org/knQO69mD#93,,
01NPD,8/5p2/6pk/3PQp2/8/p3PP2/6PK/4q3 b - - 6 39,a3a2 e5h8 h6g5 f3f4 g5g4 h8h3,1263,77,97,9067,endgame long mate mateIn3 queenEndgame,https://lichess.org/Bjg4tsry/black#78,,
01NVd,8/1K3Npk/5n2/R6p/7r/p7/8/8 b - - 1 48,h4h3 f7g5 h7g6 g5h3,940,77,100,635,advantage endgame fork master short,https://lichess.org/acDgVv4Q/black#96,,
01NYs,8/8/pkr5/4KB2/1P4P1/8/2P5/8 b - - 5 57,b6b5 f5d7 b5b6 d7c6,1277,78,92,271,crushing endgame master pin short,https://lichess.org/akGkyajG/black#114,,
01NZ8,r1b1kb1r/pp3ppp/4p3/qNpn4/8/P2Q2B1/1PP2PPP/1K1R2NR b kq - 0 13,c8d7 b5c7 a5c7 g3c7,1028,166,8,15,crushing fork opening short,https://lichess.org/q5tbSjgO/black#26,French_Defense French_Defense_Schlechter_Variation,
01NZA,8/p7/6p1/P1KR1k1p/1P2r3/8/8/8 b - - 2 52,e4e5 d5e5 f5e5 b4b5,1704,77,94,3325,crushing defensiveMove endgame rookEndgame short,https://lichess.org/igpHQlEe/black#104,,
01Nbh,2r3k1/P4pp1/4p2p/3p4/4n3/2q3P1/2P1QP1P/1R5K b - - 2 24,c8a8 b1b8 a8b8 a7b8q,1050,90,93,574,advancedPawn crushing endgame promotion short,https://lichess.org/Pt8APZeL/black#48,,
01Nco,8/3R2p1/2p2pkp/1bB5/pP1K2P1/P4P2/4r2P/8 w - - 7 39,h2h4 e2d2 d4c3 d2d7,774,89,80,295,crushing endgame short skewer,https://lichess.org/6NJSBbsI#77,,
01NfH,rr4k1/2q2ppp/p1p1p3/3p1b2/3Pn3/Q3P3/PPRB1PPP/4KB1R b K - 4 16,e4f2 d2a5 c7a5 a3a5,1811,77,93,833,advantage middlegame short,https://lichess.org/8uUSZ2As/black#32,Slav_Defense Slav_Defense_Quiet_Variation,
01NfS,r3k2r/pp2bppp/2pQ4/2Bn4/6P1/3P4/PPP4P/1K2R1Nq b kq - 3 19,a8d8 e1e7 d5e7 d6e7,1160,76,97,13232,mate mateIn2 middlegame short,https://lichess.org/ENLFjMzb/black#38,Scandinavian_Defense Scandinavian_Defense_Mieses-Kotroc_Variation,
01Nfj,b1r2rk1/R5pp/1p6/3p4/4pP2/1q2N2P/4Q1PK/5R2 b - - 2 30,d5d4 e2g4 a8b7 a7b7,1722,80,58,39,crushing middlegame short,https://lichess.org/rexdZUmV/black#60,,
01Ni2,2k2r2/1bNp4/pB1P4/8/P7/4Kn2/1P3R1p/5R2 w - - 0 43,e3e2 f3g1 e2d2 f8f2 b6f2 h2h1q,1738,74,89,1336,advancedPawn advantage deflection discoveredAttack exposedKing long middlegame promotion,https://lichess.org/f1qBEzxV#85,,
01Nky,r2r2k1/p3ppbp/b1p1n1p1/q7/7P/PBN1B1Q1/1PPR1PP1/4K2R w K - 1 18,h4h5 g7c3 b2c3 a5c3 e3d4 c3g3,1985,76,86,73,advantage long master masterVsMaster middlegame pin,https://lichess.org/EnFu45A1#35,Sicilian_Defense Sicilian_Defense_Hyperaccelerated_Fianchetto,
01Nny,8/p7/5k2/8/3PK2p/P7/8/8 w - - 2 46,e4f4 f6e6 f4g4 e6d5 a3a4 d5d4,2122,113,38,21,crushing endgame long pawnEndgame,https://lichess.org/lOaQ9JOy#91,,
01Npb,8/8/2p3p1/2P2p1b/3Bk2K/4P3/7P/8 w - - 15 41,h4g5 f5f4 e3f4 e4d4 f4f5 g6f5,2089,77,81,249,bishopEndgame crushing deflection endgame long,https://lichess.org/Q1lmmoFb#81,,
01O3y,8/1Q5p/3q1ppk/2p1p3/4P1P1/1PP2PK1/r2r4/7R b - - 13 44,h6g5 h1h5 g6h5 b7g7,1688,74,100,510,endgame mate mateIn2 sacrifice short,https://lichess.org/Rmah8KfB/black#88,,
01OAI,2r2rk1/pp1b1pq1/4p1p1/6Q1/3p4/1P3R1P/P4PPB/R5K1 b - - 3 27,d7c6 h2e5 g7e5 g5e5,1308,77,49,177,advantage middlegame short,https://lichess.org/HNTQ6PCo/black#54,,
01OE9,r1b1k2r/ppqn1pb1/2ppB2p/6pn/3P4/1QP1PNB1/PP1N1PPP/R3K2R b KQkq - 0 11,f7e6 b3e6 e8d8 g3d6 c7d6 e6d6,1074,75,91,257,advantage long master middlegame,https://lichess.org/Fh5M4CuV/black#22,Indian_Defense Indian_Defense_Wade-Tartakower_Defense,
01OFL,8/8/KPk5/2rp1p1P/4p1p1/2n5/2R3B1/8 b - - 0 51,e4e3 g2f1 c3e4 f1b5 c6d6 b6b7,1974,213,82,34,advancedPawn advantage endgame long quietMove,https://lichess.org/UquBiCsy/black#102,,
01OFy,r4rk1/pppbq1pp/1b3p2/3Bp2R/3P4/2P3P1/PP3P1P/R1BQ2K1 b - - 0 16,g8h8 h5h7 h8h7 d1h5,1392,119,69,28,attraction kingsideAttack mate mateIn2 middlegame sacrifice short,https://lichess.org/JpoGe8OK/black#32,French_Defense French_Defense_Kings_Indian_Attack,
01OIA,r4rk1/pp3ppp/4p3/1B1pn1q1/7P/2Q1n3/PPP1NRP1/3R2K1 b - - 0 16,a8c8 h4g5 c8c3 e2c3 e3d1 c3d1,1500,500,100,8,advantage long middlegame,https://lichess.org/K2FCU5lH/black#32,Caro-Kann_Defense Caro-Kann_Defense_Advance_Variation,
01OKT,r1b2r1k/1ppn1pp1/p2p3p/4p3/1P2q3/PBP2N1P/2P2PP1/R2Q1RK1 b - - 1 14,f7f5 b3d5 e4d5 d1d5,1709,78,91,375,advantage middlegame short,https://lichess.org/ipbfcWN9/black#28,Russian_Game Russian_Game_Three_Knights_Game,
01OKt,r2q1r2/pp1k4/2p4Q/3pn3/8/2P3PP/PP1N4/2KR1R2 w - - 2 28,f1e1 e5d3 c1c2 d3e1,1052,93,64,182031,advantage fork middlegame short,https://lichess.org/0UAYPkWO#55,,1609770440599
01OSA,1r2r3/R3nkb1/5p2/3p4/3P2N1/2P1R1PP/5P2/5K2 b - - 10 34,b8a8 e3e7 e8e7 a7a8,1613,76,90,81,advantage deflection middlegame short,https://lichess.org/odCy1UeG/black#68,,
01OTB,8/8/3R2k1/6P1/1p3K2/8/8/1r6 b - - 3 59,g6h5 d6h6,546,86,84,352,endgame mate mateIn1 oneMove rookEndgame,https://lichess.org/Tk895nNl/black#118,,
01OYe,3Q4/p5k1/1p2p1pn/1P1p1p1R/3P1P2/qN2r3/P1r3PP/R5K1 w - - 2 40,d8d7 h6f7 h5h7 g7h7,1129,80,90,1181,crushing defensiveMove middlegame short,https://lichess.org/GbHWYq9g#79,,
01OfD,8/1p6/k1q5/7P/p7/6P1/4Q2K/8 b - - 5 77,c6b5 e2b5 a6b5 h5h6 a4a3 h6h7,1300,80,92,4277,advancedPawn crushing endgame long master queenEndgame,https://lichess.org/01VgU6k2/black#154,,
01OgB,r3r1k1/1ppQ1pp1/1p5p/1P6/3P4/2P5/3B1PPP/5qK1 w - - 0 22,g1f1 a8a1 d2c1 a1c1,897,75,100,1354,endgame mate mateIn2 short,https://lichess.org/3ASaJgPf#43,,
01OkZ,8/p7/8/2p3P1/3k1N1P/6K1/8/3b4 b - - 4 42,a7a5 h4h5 d4e5 h5h6 d1c2 g3g4 c2f5 g4h5 e5f4 g5g6,2171,111,82,48,crushing defensiveMove endgame master masterVsMaster quietMove sacrifice veryLong,https://lichess.org/7YyhD0TT/black#84,,
01Ooi,1r2r1k1/6bp/p2p2p1/2pPpP2/q1b1n1PQ/5N2/PP5R/KB5R b - - 1 35,c4a2 h4h7 g8f8 b1a2,2003,92,81,86,advantage intermezzo master middlegame short,https://lichess.org/yezTqvSv/black#70,,
01Opl,8/8/4n3/4B3/2k1K3/1p6/5P2/8 w - - 0 56,e4f5 e6d4 f5e4 b3b2 e5d4 b2b1q,1369,75,85,360,advancedPawn crushing endgame long promotion,https://lichess.org/ND7kZ8aU#111,,
01Ot9,8/8/5p2/5r1k/6Rp/5P2/4KP2/8 w - - 3 58,e2e3 f5e5 e3d3 e5g5 g4b4 h4h3,2521,93,67,48,crushing endgame long rookEndgame,https://lichess.org/XHnJHUML#115,,
01Ou9,5N1k/5qp1/p6p/8/8/4r3/6PP/5R1K w - - 0 32,f1f7 e3e1 f7f1 e1f1,445,96,100,242,backRankMate endgame mate mateIn2 short,https://lichess.org/Fh2rZgZT#63,,
01Ovv,r2r2k1/4qppp/8/1Q6/Rp1P4/1P4P1/K1P4P/5R2 w - - 0 31,a4a8 d8a8 a2b2 e7a7 b5b4 a7a2 b2c3 a8c8,1717,75,88,227,advantage endgame veryLong,https://lichess.org/kwsNUNzr#61,,
01OwE,r2q1r2/5pkp/4p1p1/pp1pP2P/3P1Q2/1P3P2/P1P5/2KR3R b - - 0 21,a5a4 h5g6 f7g6 f4h6,1723,75,94,1138,crushing endgame short,https://lichess.org/PrDniYWc/black#42,,
01Ox8,r5n1/1pp2rbk/p2p3p/3P3P/1PP1R3/P1q2N2/4QPP1/5RK1 b - - 2 27,g8f6 e4e3 a8e8 e3e8,1793,76,79,127,advantage middlegame short,https://lichess.org/Aiq1KKlt/black#54,,
01P1X,r1b2rk1/pp2ppbp/5np1/2qP4/1n2P3/2N2N2/PP1B1PPP/R2QKB1R w KQ - 0 11,a2a3 f6e4 c3e4 b4c2 d1c2 c5c2,2223,81,89,310,advantage fork long opening sacrifice,https://lichess.org/MoQo8XAN#21,Grunfeld_Defense Grunfeld_Defense_Three_Knights_Variation,
01P69,6k1/5p2/b2P1p1p/p7/P3PQ2/6PP/1pr2qBK/4R3 w - - 0 37,d6d7 f2g2,1182,91,100,31,endgame,https://lichess.org/iLwX580M#73,,
01P8L,3r3r/4bk2/1RQ1p3/3pP2p/P2n4/5p1P/6P1/R5K1 w - - 0 31,c6c3 d4e2 g1h2 e2c3,722,94,93,1592,crushing fork middlegame short,https://lichess.org/rkvIhbCW#61,,
01P93,5r2/ppN1r1kp/2n1p1p1/3p1qNn/3P3P/5P2/PPPQ4/2K1R2R b - - 0 18,e7c7 g5e6 g7g8 e6c7,1111,76,100,127,advantage fork master middlegame short,https://lichess.org/cs66hsUq/black#36,Dutch_Defense Dutch_Defense_Staunton_Gambit,
01PBg,5r2/2p2pbk/4p1p1/5n1p/1q3P1P/pP3Q2/P5P1/1BBR3K b - - 1 28,f5h4 f3h5 h7g8 h5h4,1399,74,96,4646,advantage middlegame pin short,https://lichess.org/1LECkn6C/black#56,,
01PDL,8/p6k/6p1/1pK1Bp2/2p2P2/P2bP1P1/1P5P/8 w - - 4 31,c5b5 c4c3 b5b4 c3c2 b4c3 c2c1q,1354,75,100,397,endgame,https://lichess.org/SWSZt5hP#61,,
01PDg,1b5k/ppq2p1b/2p1pp1p/2n4Q/2N1PP2/PPN3rP/2P3BK/3R4 w - - 0 24,h5c5 c7f4 c3e2 g3g5 e2f4 b8f4 h2g1 g5c5,2686,109,86,114,advantage discoveredAttack discoveredCheck middlegame sacrifice veryLong,https://lichess.org/iybxpj1j#47,,
01PES,6rk/1RQ3b1/8/3Pp2p/2P1Pp1q/r1N2PpP/8/5BRK w - - 0 31,c3b5 a3f3 f1g2 f3f2 g1a1 f4f3,2472,102,90,307,crushing long middlegame,https://lichess.org/l3Qw6CYW#61,,
01PI1,r5k1/pp1q4/2pp1Q1p/5b2/2P2bp1/5N2/PP3PB1/4RRK1 b - - 0 25,g4f3 e1e7 d7e7 f6e7,1480,76,88,243,crushing middlegame short,https://lichess.org/ztgUWEuK/black#50,,
01PI9,2k2r1r/1pq2p2/p1p1p3/2NpP2p/3P1RpP/6P1/PPPQ2P1/2K5 b - - 4 27,h8h7 c5e6 f7e6 f4f8,1349,81,92,6485,advantage endgame short,https://lichess.org/YE44gmiR/black#54,,
01PIP,8/8/6pR/3P2P1/1kn5/1p2P3/3K4/8 w - - 4 45,d2c1 b4c3 h6h2 b3b2 h2b2 c4b2,2305,77,88,128,advancedPawn crushing endgame exposedKing long,https://lichess.org/2F4GTcOr#89,,
01PIs,r7/6kp/5rp1/K2Bn3/4P3/2P3b1/PP1B2P1/R6R w - - 1 33,a5b4 f6b6 b4c5 g3f2 d2e3 f2e3,1909,75,88,596,long mate mateIn3 middlegame,https://lichess.org/cGPyOmEJ#65,,
01PKH,3r2k1/1pq1pp1p/1nb3p1/1B6/4P3/p4N1P/PbR2PP1/3Q1RK1 w - - 2 20,d1e2 c6b5 c2c7 b5e2,1229,77,86,329,advantage middlegame short,https://lichess.org/VbUvd2TY#39,,
01PPM,3r2k1/p1p2ppp/2B1b3/4q3/N6Q/3n4/P4PPP/5RK1 b - - 5 20,d3f4 h4d8,1056,133,38,22,backRankMate hangingPiece mate mateIn1 middlegame oneMove,https://lichess.org/8o5hsina/black#40,,
01PQE,7R/kb6/2pp1p2/4qP2/3pPN2/1QbP4/B1P5/2K5 w - - 1 38,h8h7 e5f4 c1b1 f4f1,1104,151,53,36,hangingPiece master mate mateIn2 middlegame short,https://lichess.org/ZqbSx2nz#75,,
01PQv,3k3r/2R2p2/p7/1p4P1/3PpB2/5bP1/P5r1/4RK2 w - - 13 32,e1c1 h8h1,1051,79,86,65,endgame mate mateIn1 oneMove pillsburysMate,https://lichess.org/whjjRDxH#63,,
01PTR,2bq1r2/r5bk/1p1P3p/pPpBppp1/P1P5/5PB1/6PP/R2Q1RK1 b - - 0 21,d8d6 d5g8 f8g8 d1d6,1256,77,79,165,crushing discoveredAttack middlegame short,https://lichess.org/eVOlQeMa/black#42,,
01PVq,5b1N/p1pkq1pp/b3p3/3p4/3P4/1RB1P3/P1Q2KPP/8 w - - 3 21,c2h7 e7f6 f2e1 f6f1 e1d2 f1e2 d2c1 a6d3 h7d3 e2d3,2077,80,91,1862,advantage middlegame veryLong,https://lichess.org/TdnLNoRn#41,,
01Pbw,6k1/ppp2pp1/7p/8/2R5/2Pr4/Pr4PP/1R5K w - - 0 26,b1b2 d3d1,717,91,75,54,backRankMate endgame mate mateIn1 oneMove rookEndgame,https://lichess.org/ishxOTLS#51,,
01PcY,r6k/4rpp1/n1P4p/1n3R2/4pB1P/8/5PP1/R5K1 b - - 0 45,a6c7 a1a8 c7a8 f5b5,1483,78,91,10084,advantage middlegame short,https://lichess.org/3g7o7Ad3/black#90,,
01Pe4,r2qkb1r/1b3ppp/p1p1p3/2ppN3/4nPP1/1P2P3/PBPP3P/RN1QK2R w KQkq - 2 10,d2d3 d8h4 e1f1 h4f2,1163,78,92,1341,mate mateIn2 middlegame short,https://lichess.org/RdO1i0xH#19,Bird_Opening Bird_Opening_Dutch_Variation,
01PhQ,1kr5/3n1b2/1p1Pp1p1/p3n3/2P2Q2/1P6/PK6/3R4 w - - 0 34,d1h1 e5d3 b2a1 d3f4,828,96,83,131,crushing endgame fork master short,https://lichess.org/MvDlrAuh#67,,
01PjH,5rk1/8/4ppp1/2P1b3/Q7/4R1PP/1q2N2K/8 b - - 2 33,e5d4 a4d4 b2d4 e2d4,1089,78,88,396,crushing endgame short,https://lichess.org/kmyjpX85/black#66,,
01Pjd,6r1/1pp5/p2kp2R/3b1p2/3P1N2/P1P3rP/1P4PK/6R1 w - - 2 34,g1e1 g3g2 f4g2 g8g2,918,97,96,1942,crushing endgame short,https://lichess.org/Cvd7ZMxY#67,,
01Pkf,r2q1rk1/3pb1pp/1p1Npn2/pB2B3/3P3P/PQ6/1P3Pb1/R3K1R1 b Q - 1 20,g2d5 b3g3 g7g6 b5d3 e7d6 d3g6,2540,88,83,45,crushing long middlegame sacrifice,https://lichess.org/4eK8QZdx/black#40,,
01Pko,5rk1/b4ppp/4P3/pp1N4/8/P2rP3/B5PP/2B2RK1 b - - 0 26,f7e6 d5e7 g8h8 f1f8,1196,117,47,42,backRankMate deflection mate mateIn2 middlegame pin short,https://lichess.org/xRhxZONG/black#52,,
01Pkt,8/p6p/6p1/1P2p3/Pk6/4KP2/6PP/8 w - - 4 34,e3e4 b4a4 e4e5 a4b5 f3f4 a7a5,1071,75,100,834,crushing defensiveMove endgame long pawnEndgame,https://lichess.org/7GmDEdjf#67,,
01PlY,r5k1/p4p1p/1p1R2nQ/4p3/1P2qn2/P7/1B3PP1/R5K1 w - - 0 24,h6g5 h7h6 g5g4 f4e2 g4e2 e4e2,2110,78,92,6281,crushing long middlegame,https://lichess.org/lRX5WZlw#47,,
01Pn6,3r3k/p5qp/Qp1bPp2/3P2p1/1P4N1/P6P/6P1/2B3K1 b - - 2 35,f6f5 a6e2 g7a1 e2b2 a1b2 c1b2,2158,78,90,177,advantage endgame long quietMove,https://lichess.org/QWOXzXkT/black#70,,
01PoF,1r4k1/1pp4p/p2p2p1/8/4r3/2b2B1P/P1P4P/1R3RK1 b - - 1 22,e4c4 f3d5 g8h8 d5c4,821,107,95,1026,advantage endgame fork short,https://lichess.org/NhFPQ8Tz/black#44,,
01Prl,r1bqn1k1/4prbp/p1p3p1/3p4/5P2/1BN5/PPP3PP/R1BQR1K1 b - - 1 14,d8c7 c3d5 c6d5 d1d5 e7e6 d5a8,2125,74,93,8462,crushing long opening,https://lichess.org/2sPwGlma/black#28,Sicilian_Defense Sicilian_Defense_Dragon_Variation,
01Prn,3r2k1/p4pp1/1p4qp/2pNp2n/2P1P3/5P1P/PP3QP1/3R2K1 b - - 0 26,g6d6 f2h4 h5f6 d5f6,1836,77,68,48,advantage endgame kingsideAttack short,https://lichess.org/xbfdjky9/black#52,,
01Ptp,r1b3k1/1pq3b1/p2N2Q1/2PB4/1P1p4/3Pp3/P4rpP/R5KR b - - 1 30,g8f8 g6e8,1418,87,89,734,mate mateIn1 middlegame oneMove,https://lichess.org/nGsChwtG/black#60,,
01Q83,1k2r3/p7/PpB2p1p/1Pq1r1p1/8/1Q4PP/6P1/5R1K b - - 2 34,e8e7 b3g8 e7e8 c6e8,1392,76,83,89,crushing endgame short,https://lichess.org/PNWpUULP/black#68,,
01Q8c,r5k1/p4ppp/q1p3b1/3p1PQ1/4n3/2P1R3/P1P4P/4R1K1 b - - 0 23,e4g5 e3e8 a8e8 e1e8,585,90,67,96,backRankMate endgame mate mateIn2 short,https://lichess.org/ca7orS72/black#46,,
01QHF,2r1k1nr/ppqn1ppp/4p3/3p4/1Q1NbPP1/P3B3/1PPR3P/2K2BR1 b k - 6 16,g8e7 d4b5 c7c2 d2c2 c8c2 c1d1,1673,75,90,102,advantage long middlegame,https://lichess.org/ZDZrONsV/black#32,Caro-Kann_Defense Caro-Kann_Defense_Advance_Variation,
01QIH,4rr1k/1pq1R1bp/p4npN/2p2pB1/3p4/3P3Q/PPP2PPP/4R1K1 w - - 8 24,e7c7 e8e1,400,112,100,218,backRankMate hangingPiece mate mateIn1 middlegame oneMove,https://lichess.org/kDZlpM2U#47,,
01QId,8/Q4pk1/1Pq3p1/8/4RKP1/4RP1P/P7/6r1 w - - 9 43,a7c7 c6f6,1092,75,97,1103,endgame epauletteMate mate mateIn1 oneMove,https://lichess.org/GHY79hnM#85,,
01QK3,r4rk1/p4p1p/2p1b2R/3q4/2P2Qp1/8/PP4PP/5R1K b - - 0 23,d5c5 f4e4 f7f5 e4e6 f8f7 h6h7,2490,78,91,552,crushing long middlegame pin,https://lichess.org/Nm6Tpy4t/black#46,,
01QLj,5rk1/p4ppp/7q/4p3/1PP2b2/P4Q2/3r2PP/2B1RR1K w - - 3 23,c1d2 h6h2,831,94,92,845,mate mateIn1 middlegame oneMove,https://lichess.org/DmZEfOWZ#45,,
01QSk,6k1/7r/4P1p1/Q7/3P4/1r3K2/6P1/8 w - - 9 51,f3e4 h7h4 e4d5 h4h5 d5c4 h5a5,1151,75,100,308,crushing endgame long queenRookEndgame skewer,https://lichess.org/CAhxmY2w#101,,
01QSt,2k4r/1ppq1pp1/p2p1b2/4p3/2BnP1p1/P1NP2Pr/1PP2PKN/R2Q3R w - - 0 16,d1g4 h3h2 h1h2 h8h2 g2h2 d7g4,1735,75,87,121,crushing long middlegame,https://lichess.org/iKNfDQg1#31,Italian_Game Italian_Game_Other_variations,
01QTc,R1b3k1/4pp1p/3p2p1/2pP4/2P1PP2/2Q2B1P/5qPK/1r6 b - - 9 27,h7h5 a8c8 g8h7 c3h8,804,97,95,758,endgame hangingPiece master mate mateIn2 short,https://lichess.org/YTB6JMoe/black#54,,
01QV2,8/pp6/4k3/P4p2/1PP2K2/8/8/8 w - - 1 50,b4b5 e6d6 f4f5 d6c5 f5e6 c5c4 b5b6 a7b6,2072,77,92,1332,crushing endgame master pawnEndgame veryLong,https://lichess.org/74ngzUtJ#99,,
01QWz,8/2K2pkp/R7/5P1N/1b4P1/p6P/6r1/8 b - - 5 51,g7f8 a6a8 f8e7 f5f6,1476,76,79,194,advantage endgame short,https://lichess.org/2M5y0iDZ/black#102,,
01QcQ,4r1k1/2p1qpp1/3b3p/pP1p4/P2P4/7P/2QB1PP1/R3r1K1 w - - 0 33,a1e1 e7e1 d2e1 e8e1,632,82,53,42,endgame kingsideAttack mate mateIn2 pillsburysMate short,https://lichess.org/h6N2W0kY#65,,
01QcW,5R2/8/8/p1p5/PbP3p1/1P3pk1/8/5K2 w - - 4 44,f8b8 b4c3 b8f8 g3h3 f8f7 g4g3 f7f3 h3h2 f1e2 g3g2 f3c3 g2g1q,2886,106,83,350,advancedPawn crushing endgame promotion quietMove veryLong,https://lichess.org/UwsZhZ4i#87,,
01Qdr,6k1/pp4p1/7p/1PPp4/P2b2rq/5rN1/6PP/3QR2K w - - 0 30,d1f3 h4h2 h1h2 g4h4,1730,75,94,4524,attraction endgame mate mateIn2 pillsburysMate sacrifice short,https://lichess.org/HyDaLl1q#59,,
01Qf0,2r1r1k1/1p2b1p1/p2p1pPp/2nPpP1Q/3pP3/1P1q3P/P2B2B1/R4RK1 w - - 0 22,d2h6 g7h6 h5h6 d3e3 h6e3 d4e3,1807,75,87,117,advantage exposedKing long middlegame,https://lichess.org/A3EsrxaJ#43,,
01QgQ,r1qk4/pp4Q1/2p1p3/4Pp1B/7P/6P1/P5K1/8 b - - 4 41,c6c5 g7f8 d8c7 f8d6,1650,76,97,3450,dovetailMate endgame mate mateIn2 short,https://lichess.org/xBcvuwZY/black#82,,
01QgT,8/8/p1pk1R2/1pp1rp2/8/1P1K4/P1P5/8 b - - 1 36,d6d5 c2c4 b5c4 b3c4,909,79,98,988,endgame mate mateIn2 rookEndgame short,https://lichess.org/H2u6Pf0I/black#72,,
01Qia,1k4rr/pp3p2/b3p1q1/3p4/6R1/Q6P/PPP2PP1/4R1K1 b - - 4 27,g6c2 a3g3 e6e5 g4g8 h8g8 g3g8,1890,74,96,3763,crushing long middlegame pin,https://lichess.org/JJboyzp6/black#54,,
01Qnk,4Q3/2p2ppk/p2bb2p/4N3/3PPP1q/2P5/Pr4PP/RN3RK1 w - - 1 17,e5f7 h4g4 e8h8 h7g6 b1d2 b2d2 f7e5 d6e5,2690,93,92,541,crushing middlegame veryLong,https://lichess.org/K93YlVyz#33,Ruy_Lopez Ruy_Lopez_Berlin_Defense,
01QrX,r1b2Qk1/p2p1ppp/1pn5/3N2q1/4PR2/3B4/PPP3PP/5RK1 b - - 0 17,g8f8 f4f7 f8g8 f7f8,1104,78,94,138,mate mateIn2 middlegame short,https://lichess.org/6xvz6ePA/black#34,Sicilian_Defense Sicilian_Defense_Lowenthal_Variation,
01Qs6,6k1/1N3ppp/p1PK4/8/4p3/7P/8/1r6 b - - 0 43,e4e3 c6c7 b1d1 d6c6 h7h6 c7c8q,1933,77,89,507,advancedPawn advantage defensiveMove endgame long promotion,https://lichess.org/PobTSlWC/black#86,,
01QsE,k1r5/P1p5/3p1p1r/3Pp2p/4P3/8/3N2PP/R5K1 b - - 1 35,c7c6 d2c4 h6h8 c4b6 a8b7 b6c8,1796,74,86,520,crushing endgame exposedKing fork long,https://lichess.org/xpzYKWtP/black#70,,
01Qta,6r1/8/p1p1k3/P1B3pr/1P2ppRP/2P5/7K/6R1 w - - 2 44,g4g5 h5h4 h2g2 g8g5,1112,79,86,429,crushing endgame interference intermezzo short,https://lichess.org/GnRDQgRO#87,,
01Qv4,r4bnr/ppq1kQp1/2p1Pn1p/3p4/3P3P/8/PPP5/RNB1K1NR b KQ - 4 14,e7d6 c1f4,1100,79,94,522,mate mateIn1 middlegame oneMove,https://lichess.org/OR319prB/black#28,Caro-Kann_Defense Caro-Kann_Defense_Advance_Variation,
01QvL,1R6/2k2p2/5Pp1/3PN1Pp/r3PK2/8/6b1/8 w - - 6 46,e5f7 a4e4 f4g3 e4g4 g3f2 c7b8 d5d6 g2c6,2228,97,87,27,crushing defensiveMove endgame veryLong,https://lichess.org/MpsfnsOP#91,,
01Qwv,5rk1/p3Q1pp/2p5/3q4/4p1B1/6PP/4P1K1/8 b - - 3 31,d5d1 g4e6 g8h8 e7f8,988,97,95,1622,deflection endgame mate mateIn2 short,https://lichess.org/hT9Udn33/black#62,,
01R41,4rr1k/6bp/p1bp2p1/1p2q3/1P2PN2/2N2QP1/1BP2n1P/2K1R2R b - - 4 26,f8f4 g3f4 e5d4 c3d1,2125,73,92,8588,crushing middlegame short,https://lichess.org/6y6sdouc/black#52,,
01R6L,2k5/8/1K1Q4/2P5/8/8/8/1q6 w - - 13 67,b6c6 b1b7,803,103,98,360,endgame mate mateIn1 oneMove queenEndgame,https://lichess.org/5Nz1EXwU#133,,
01R8j,r6k/6pp/p7/1p6/Q1b5/7P/Pq4P1/R3R2K w - - 0 28,a4a5 c4d5 e1g1 d5g2 g1g2 b2a1,1590,88,80,34,crushing deflection endgame long,https://lichess.org/K1dL3noO#55,,
01RBb,2k5/ppp1r3/4qpp1/3p4/3n1B1P/1PbQ2P1/P1P2K2/R6R w - - 0 24,d3c3 e6e2 f2g1 d4f3 c3f3 e2f3,984,77,100,196,advantage long middlegame,https://lichess.org/l1R19uwm#47,,
01RDK,8/p1B2p2/8/PP6/5P2/3ppk2/8/4K3 w - - 1 49,c7e5 d3d2 e1d1 e3e2 d1d2 f3f2 e5d4 f2f1 d2d3 e2e1q,1719,101,100,65,advancedPawn bishopEndgame crushing endgame exposedKing promotion veryLong,https://lichess.org/MI4or8AD#97,,
01RKd,8/8/r3p1R1/4K2p/5P2/5kP1/8/8 b - - 6 40,a6b6 f4f5 b6b5 e5e6,2193,78,94,2201,advantage endgame rookEndgame short,https://lichess.org/QBJ03nGZ/black#80,,
01RLM,3rk2r/ppp2ppp/5n2/4p3/4P1b1/2P2N2/PPP2PPP/R1B1K2R w KQk - 0 9,f3e5 d8d1,883,90,100,56,mate mateIn1 middlegame oneMove,https://lichess.org/MEIDiHiI#17,Four_Knights_Game Four_Knights_Game_Spanish_Variation,
01RPQ,1Q6/2Pk4/p3pp1p/3q2p1/1p6/1P2P1P1/5P1P/6K1 b - - 2 42,d5c6 b8d8,1021,85,83,102,endgame mate mateIn1 oneMove queenEndgame,https://lichess.org/GAWpyeOU/black#84,,
01RPd,1R6/4P1k1/6p1/6P1/2p1b3/2Pn2pP/r7/6K1 w - - 0 38,e7e8q a2a1 b8b1 a1b1,1015,89,94,356,endgame mate mateIn2 pillsburysMate short,https://lichess.org/ibPP9sZo#75,,
01RQj,k7/5n2/1Qpp4/2r1pq1p/2P5/3P1P2/PP4rP/2KR2R1 b - - 1 32,g2g1 d1g1 f5c8 b2b4 c5c4 d3c4,1908,241,100,7,crushing endgame long trappedPiece,https://lichess.org/NkBUHRME/black#64,,
01RWL,8/1B1K4/p4k2/8/1P4p1/5p2/P7/8 w - - 0 46,b7a6 g4g3 b4b5 g3g2 b5b6 g2g1q,1556,75,100,967,advancedPawn bishopEndgame crushing endgame long promotion,https://lichess.org/mp7s11NO#91,,
01RXs,8/8/3r3p/p1P1k3/4pp2/PPKp4/6PR/8 b - - 0 40,d3d2 h2h5 e5e6 h5h6,1684,75,86,211,crushing endgame interference master rookEndgame short,https://lichess.org/67sQLB4C/black#80,,
01RZq,6k1/5pq1/8/4rRB1/6Q1/8/6PK/r7 b - - 9 38,g7h7 g5h4 h7g7 g4g7,1708,171,100,6,advantage discoveredAttack endgame short,https://lichess.org/u3szL8bV/black#76,,
01Rax,6k1/1p6/p2p1N2/P1pPp3/2P1Pbp1/1P6/6K1/8 b - - 0 42,g8g7 f6e8 g7f8 e8d6,1908,75,95,13665,crushing endgame short,https://lichess.org/szQCm5Dn/black#84,,
01Rge,2r1rn1k/1p5B/p7/6R1/3b1q2/2B5/PPQ3P1/2K4R w - - 1 28,c2d2 f4d2 c1d2 d4c3 b2c3 f8h7,2160,113,78,44,advantage attraction long middlegame pin,https://lichess.org/7DovSzOm#55,,
01Rl0,r2qr1k1/ppp3bp/3p2p1/2n3P1/8/2PBPQ2/P1P1KP2/R6R b - - 0 17,e8f8 d3c4 d6d5 c4d5 d8d5 f3d5,1893,76,88,380,crushing kingsideAttack long middlegame,https://lichess.org/e6tLMWBw/black#34,Indian_Defense Indian_Defense_Other_variations,
01RuT,8/8/8/1P5R/4bk2/4R2P/5P2/r5K1 w - - 1 43,g1h2 a1h1,440,107,84,191,endgame mate mateIn1 oneMove operaMate,https://lichess.org/PRrBTjsl#85,,
01RvJ,8/8/2pp2kb/p3p3/P1P3NK/2P2P2/8/8 w - - 0 51,g4h6 g6h6 f3f4 h6g6 c4c5 d6d5 h4g4 d5d4 c3d4 e5d4,2737,117,82,199,crushing endgame quietMove veryLong zugzwang,https://lichess.org/cB5tNFFr#101,,
01RxX,3r3r/2k2ppp/p1n1p3/8/PpR5/3P4/1P2NPPP/4R1K1 b - - 2 21,d8d3 e1c1 d3d6 e2d4 d6d4 c4d4,1739,76,93,2338,advantage endgame long pin quietMove,https://lichess.org/Td18XdCn/black#42,,
01S0o,rq3rk1/p1pn1p2/1pQ1p2p/1N2P1p1/2P3n1/8/PP3PPP/R3KB1R w KQ - 3 17,b5c7 d7e5 c6a8 b8c7 a8e4 c7c5 e4c2 f8d8,2400,93,58,392,crushing defensiveMove middlegame veryLong,https://lichess.org/w4256bcb#33,Indian_Defense Indian_Defense_Seirawan_Attack,
01S11,r2r2k1/pp3p1p/3qbQp1/n5NP/2p1P3/2P5/P4PP1/2R1KB1R w K - 3 18,h5g6 d6d2,1192,280,100,2,mate mateIn1 middlegame oneMove,https://lichess.org/Ou8jZk2m#35,Grunfeld_Defense Grunfeld_Defense_Three_Knights_Variation,
01S1N,6k1/5ppp/1P2p3/3p4/3n4/6P1/1r4bP/R5K1 b - - 0 33,g2e4 a1a8,663,92,73,138,backRankMate endgame mate mateIn1 oneMove,https://lichess.org/GfQ7pZ29/black#66,,
01S2P,r4rk1/5qpp/p1p1p3/3pB3/6Q1/8/PPP2PPP/R3R1K1 w - - 4 18,e1e3 f7f2 g1h1 f2f1 a1f1 f8f1,980,84,95,1953,backRankMate fork long mate mateIn3 middlegame sacrifice,https://lichess.org/PpvbkBkX#35,Vienna_Game Vienna_Game_Other_variations,
01S5S,8/p7/1p5B/1kp5/6K1/1P3R2/1r6/8 w - - 2 52,h6g7 b2g2 f3g3 g2g3 g4g3 b5b4,1254,78,100,589,crushing endgame long master,https://lichess.org/UsLqzvpj#103,,
01SBn,krr5/8/8/1q1p3P/N2P4/Q1P5/PP4P1/1K6 b - - 0 46,c8c6 a4c5 c6a6 a3a6 b5a6 c5a6,2068,124,70,19,crushing discoveredAttack discoveredCheck endgame exposedKing long,https://lichess.org/DChAkgd8/black#92,,
01SJ3,r3k2r/ppq2ppp/2p1pn2/4b1B1/7P/3Q2N1/PPP2PP1/2KRR3 b kq - 1 14,a8d8 d3d8 c7d8 d1d8 e8d8 e1e5,1564,76,93,2003,advantage long middlegame,https://lichess.org/oAOvTFiI/black#28,Caro-Kann_Defense Caro-Kann_Defense_Classical_Variation,
01SLc,3k4/5p2/3Pb3/4P1p1/N7/4K3/8/8 b - - 9 54,d8d7 a4c5 d7c6 c5e6,943,77,97,569,crushing deflection endgame short,https://lichess.org/UzKjaQjs/black#108,,
01SMk,r4rk1/pbp2ppp/1pNbp3/1B2n3/Q2P4/4PqP1/PP3P1P/RNB2RK1 b - - 0 13,e5c6 b1d2 f3d5 e3e4 d5d4 b5c6 d4a4 c6a4,1806,78,93,457,advantage middlegame veryLong,https://lichess.org/Bgmp2kSF/black#26,Reti_Opening Reti_Opening_Reti_Accepted,
01SN2,8/r7/P1p5/3p4/3K2k1/1P5p/2P5/R7 b - - 1 44,g4g3 d4c5 h3h2 c5b6,1705,79,93,1096,crushing endgame master rookEndgame short,https://lichess.org/u1wGtOf8/black#88,,
01SWp,r1b5/5pk1/1p1qpnp1/2ppN2r/1p1P3P/1B1Q4/PPP2P2/2K3RR b - - 1 22,c5c4 g1g6 g7f8 d3g3 c4b3 g6f6,2465,84,82,45,advantage long master middlegame quietMove,https://lichess.org/f4WRPAU5/black#44,,
01Sak,B1bq2k1/p4ppp/3b3r/1pp5/6n1/PP1P1nP1/4PP1P/R1BQR1K1 w - - 0 17,a8f3 g4f2 c1h6 f2d1,2240,78,77,73,advantage middlegame short,https://lichess.org/fxeDB2Tj#33,English_Opening English_Opening_Anglo-Indian_Defense,
01ScQ,r1bqk1nr/pp3ppp/2n5/2bP4/2P1pP2/6P1/PP5P/RNBQKBNR w KQkq - 1 9,d5c6 c5f2 e1e2 c8g4,1691,78,94,2047,advantage opening short,https://lichess.org/BEejaOEt#17,Kings_Gambit_Declined Kings_Gambit_Declined_Falkbeer_Countergambit,
01Shz,5k2/1p1r1p2/p1p4p/2Pn2p1/N2R4/1P4P1/P4PKP/8 w - - 0 29,a4b2 d5f4 d4f4 g5f4,1625,77,95,24241,crushing endgame short,https://lichess.org/gILDftXE#57,,
01Siq,5rk1/5p2/p2p1Rp1/1p1P2Pp/7r/8/PPPR4/1K6 w - - 0 28,f6d6 h4h1 d2d1 h1d1,467,96,100,356,backRankMate endgame mate mateIn2 rookEndgame short,https://lichess.org/qoBdj9xn#55,,
01Soi,8/8/8/3p1pk1/3P2p1/4PPK1/8/8 b - - 0 55,g5g6 f3g4 g6h6 g4f5,1557,77,87,669,crushing endgame pawnEndgame short,https://lichess.org/SZJSUMQg/black#110,,
01Sqe,r5k1/R3Qppp/1p2p3/3q4/3P4/4P3/2r2PPP/5RK1 b - - 0 23,a8a7 e7e8,1212,119,44,39,endgame mate mateIn1 oneMove,https://lichess.org/t0ghv79B/black#46,,
01Sr1,1r4k1/6pp/4p3/QBR2p2/3q4/B3nP1P/P5P1/6K1 w - - 0 35,a5a7 e3g4 g1h1 d4d1 b5f1 d1f1,1808,75,96,8408,discoveredAttack discoveredCheck long mate mateIn3 middlegame,https://lichess.org/mKXjReAm#69,,
01St9,r4rk1/pbq2p1p/1pnbpnp1/6N1/3PN3/P6Q/1PB2PPP/R1B2RK1 b - - 5 16,f6e4 h3h7,1160,78,90,256,kingsideAttack mate mateIn1 middlegame oneMove,https://lichess.org/IyagUnX1/black#32,Queens_Pawn_Game Queens_Pawn_Game_Symmetrical_Variation,
01StK,1r4k1/5pp1/2Bp3p/q2P4/8/1Pb5/P2Q2PP/1K1R4 w - - 0 27,d2d3 b8b3 a2b3 a5a1 b1c2 a1b2,1331,78,78,355,endgame long mate mateIn3 sacrifice,https://lichess.org/URJoRWKJ#53,,
01StO,r2r2k1/pp6/2p1p2Q/4qp1R/2P5/5BPP/1P3P2/6K1 b - - 1 26,g8f7 h5g5 d8h8 f3h5 f7e7 g5g7 e5g7 h6g7,2316,77,91,2069,clearance crushing endgame veryLong,https://lichess.org/vdgMKtjk/black#52,,
01Suf,r1bqk1nr/pp3ppp/2nbp3/1Bp5/3pP3/5NN1/PPPP1PPP/R1BQK2R w KQkq - 4 7,d2d3 d8a5 f3d2 a5b5,1114,78,91,1231,crushing fork opening short,https://lichess.org/BfscjGsT#13,French_Defense French_Defense_Two_Knights_Variation,
01Svs,r3k2r/1q3ppp/p1b1pn2/8/2BP2Q1/4P3/3N1PPP/R4RK1 w kq - 3 15,g4g7 h8g8 g7g8 f6g8,1320,77,56,133,advantage middlegame short,https://lichess.org/fF8MvSeS#29,Slav_Defense Slav_Defense_Other_variations,
01Syz,2r2k2/1bR2pp1/7p/1Bnp1N2/8/7P/2P2PP1/6K1 w - - 4 33,c7e7 g7g6 e7b7 c5b7,1708,77,92,1295,crushing endgame short,https://lichess.org/K2V4oHCA#65,,
01T0h,r3r2k/1p3pp1/p1p2b1n/q4B2/3P4/B1P1P3/P1Q2PPP/R4RK1 w - - 7 22,a3b4 a5f5 c2f5 h6f5,1063,77,82,550,advantage middlegame short,https://lichess.org/w5Rod6zL#43,,
01T20,8/5pk1/5b2/P5p1/6Pp/3R3K/R1P1r2P/8 w - - 0 45,a5a6 f6e5 d3g3 h4g3,1634,74,92,2718,crushing endgame short,https://lichess.org/9KsUlxun#89,,
01T3Y,4k3/p2b1p2/4pPr1/q7/2pP1Q2/8/P1P2PPP/1R4K1 b - - 0 24,d7c6 f4d6 g6g2 g1f1 g2f2 f1f2 a5d2 f2f1,2339,82,89,545,crushing defensiveMove endgame veryLong,https://lichess.org/NDKxc48s/black#48,,
01T6r,q4rk1/pRPQ1p2/b3p2p/3pP1p1/8/2P1P1P1/5PP1/6K1 w - - 0 31,c7c8q a8c8 d7c8 f8c8,1826,79,55,54,crushing endgame short,https://lichess.org/38hnUJ0l#61,,
01TCa,2n5/p1k5/7p/6p1/P1B1KpP1/5P2/7P/8 w - - 0 46,e4f5 c8d6 f5g6 d6c4 g6h6 c7d6 h6g5 d6e5,2417,91,75,62,crushing defensiveMove endgame fork veryLong,https://lichess.org/lh0rjLFL#91,,
01TDT,r3r1k1/ppqN2p1/2pb1p1p/5b2/3PRP1B/2P4P/PPQN2P1/R5K1 b - - 0 18,f5e4 d7f6 g7f6 d2e4 e8e4 c2e4,1957,77,90,223,advantage intermezzo kingsideAttack long middlegame,https://lichess.org/MMJHlgLj/black#36,French_Defense French_Defense_Exchange_Variation,
01TEE,2r1r1k1/pp2bppp/1q3n2/4B3/4N3/1P3Q2/P5PP/3R1R1K b - - 4 18,f6e4 f3f7 g8h8 f7g7,1029,77,94,1323,kingsideAttack mate mateIn2 middlegame short,https://lichess.org/UsAmUQ8r/black#36,Sicilian_Defense Sicilian_Defense_McDonnell_Attack,
01TIK,4R3/p4kpp/6p1/7q/3P1r2/2P5/PP3P2/5QK1 w - - 0 43,f1e2 f4g4 e2g4 h5g4,1394,76,84,672,crushing endgame short,https://lichess.org/I86rNhhD#85,,
01TLc,r4r1k/1p2q2p/1Qp5/p4p2/2b1p3/P1P1P2P/5P1N/1K1R2R1 b - - 0 27,e7a3 b6d4 f8f6 d4f6,1431,82,85,65,fork mate mateIn2 middlegame short,https://lichess.org/kWdDwITU/black#54,,
01TMP,r3k2r/pp2qpp1/2n1b2p/8/3PR3/2P2NP1/PPQ2PP1/2K4R b kq - 0 16,e8g8 d4d5 c6b4 e4b4,2268,127,100,33,equality middlegame short,https://lichess.org/hD8JXDdV/black#32,,
01TPw,rnb1k2r/ppp2p1p/4p3/8/3N2Bq/2NP2b1/PPP2PP1/R1BQ1R1K w kq - 1 13,h1g1 h4h2,947,83,92,404,mate mateIn1 oneMove opening,https://lichess.org/DEVakUh7#25,Scandinavian_Defense Scandinavian_Defense_Valencian_Variation,
01TRg,4k3/6R1/4B1K1/1r4p1/6P1/8/3b4/8 b - - 15 45,d2c3 e6d7 e8d8 d7b5 c3g7 g6g7,1428,75,97,2478,crushing endgame fork long,https://lichess.org/RLrfYDZk/black#90,,
01TSj,3r1r1k/ppp2Pb1/7p/4pbNR/4n3/BPP2P2/P3K1P1/R7 w - - 0 23,f3e4 f5g4 e2e3 g4h5,1066,77,80,157,advantage fork master middlegame short,https://lichess.org/URzdXeO5#45,,
01TUk,1Q6/1p3ppk/2p4p/4p3/8/P2q2Pb/1P3P2/R4RK1 w - - 2 27,b8e5 d3f3 e5e4 f3e4,1444,75,87,1105,crushing endgame short,https://lichess.org/lTjd9qSn#53,,
01TUw,r1b1kb1r/pp1p1ppp/5q2/2p1p3/2PnP3/3P1N2/PP3PPP/R1BQKB1R w KQkq - 1 8,c1g5 d4f3 d1f3 f6g5,1242,102,0,55,advantage middlegame short,https://lichess.org/Oaf2WrJd#15,English_Opening English_Opening_Symmetrical_Variation,
01TXv,Q1bk3r/2p2pNp/8/3PP3/2p3q1/B1P5/6BP/7K w - - 3 33,a8c6 g4d1 g2f1 d1f1,780,89,80,371,mate mateIn2 middlegame short,https://lichess.org/WeILnMLY#65,,
01Tbk,5k2/2r3b1/p2pPr2/1pqP2Q1/8/P7/1PPR4/1K5R b - - 0 32,c5c4 d2f2 c4d4 h1f1,2107,137,82,16,crushing defensiveMove master middlegame short,https://lichess.org/gKfuBR0r/black#64,,
01Tea,r6r/N2k1pQ1/4p2p/1Nbp4/P3n3/8/2P3PP/R3R1qK w - - 2 26,e1g1 e4f2,835,101,82,360,mate mateIn1 middlegame oneMove smotheredMate,https://lichess.org/ueweliE1#51,,
01Tfr,1q2r1Qk/4B1bp/6pN/p1pN4/8/8/P1P2PPP/1r1R2K1 b - - 8 25,e8g8 h6f7,1204,89,55,101,mate mateIn1 middlegame oneMove smotheredMate,https://lichess.org/UhmNTl3i/black#50,,
01TgD,8/q4k1r/p2pRbpp/5n2/1PP2P2/P2Q1N1P/6PK/4R3 w - - 12 30,g2g4 a7f2 h2h1 f5g3,1206,79,91,233,mate mateIn2 middlegame short,https://lichess.org/LW4akFc5#59,,
01Tlc,8/1p3k2/p1p3p1/P1P3K1/1P5P/8/8/8 w - - 9 60,g5h6 f7f6 h6h7 g6g5 h4g5 f6g5,1850,75,88,322,crushing endgame long pawnEndgame zugzwang,https://lichess.org/GFfDX9eL#119,,
01Tm7,1r2r1k1/2p2pbp/pp5q/5p2/4p3/1PPnP1PP/PB2QPB1/R4RK1 b - - 4 22,h6c6 e2d3 e4d3 g2c6,1565,77,93,2635,crushing middlegame short,https://lichess.org/9g0qGlSd/black#44,,
01TmZ,r1b2rk1/1p2bppp/pqnp4/3Np3/2B1PP2/PN6/1PP2nPP/R1BQ1R1K w - - 5 13,h1g1 f2h3 g1h1 b6g1 f1g1 h3f2,1289,76,87,4025,discoveredCheck doubleCheck kingsideAttack long mate mateIn3 opening sacrifice smotheredMate,https://lichess.org/RIwXCRjL#25,Sicilian_Defense Sicilian_Defense_Najdorf_Variation,
01To6,1b6/k3Rp2/pr4pp/3p4/3P1p2/5P1q/PPQ2P2/6K1 b - - 1 29,b6b7 c2c5 a7a8 c5c6 h3c8 c6c8,2208,86,89,750,advantage endgame long pin,https://lichess.org/EqTv5MmL/black#58,,
01Tpw,r3r1k1/p4ppp/8/3Q4/3P4/Ppp2N2/K1b2PPP/3R3R w - - 0 24,a2a1 b3b2 a1a2 c2d1 h1d1 c3c2,2326,77,92,5841,advancedPawn advantage long middlegame,https://lichess.org/iIhKzWva#47,,
01Tr3,2R5/8/7p/2P2p1k/5K2/7P/PP4R1/4rr2 w - - 1 41,f4g3 f5f4 g3h2 f1h1,1603,101,71,31,endgame mate mateIn2 rookEndgame short,https://lichess.org/q1VHmfdD#81,,
01Tr9,6k1/1p3pp1/2q4p/p3PQb1/2p1N3/2PrP2P/PP2R1PK/8 b - - 0 36,d3e3 e4g5 h6g5 e2e3,1829,75,87,273,capturingDefender crushing endgame intermezzo short,https://lichess.org/nt1hWJ8p/black#72,,
01TxI,2k2r1r/pp2q3/2p1b3/7p/1P1pPBn1/3B4/P3Q1PP/1RR4K w - - 4 22,e2d2 f8f4 d2f4 h8f8 f4f8 e7f8,2201,78,81,195,clearance crushing long middlegame sacrifice,https://lichess.org/2rdwsQOE#43,,
01U1t,k1r4r/1p6/p2Q3b/4p3/N7/7P/PPP2P2/1K5b b - - 0 29,h8d8 a4b6 a8a7 b6c8 d8c8 d6h6,1192,78,94,112,crushing endgame fork long,https://lichess.org/uan91DVa/black#58,,
01U3J,r3q1k1/p5b1/npp3p1/3n1pB1/Q1b1p3/2N1PP1P/PP4BN/3R2K1 b - - 1 24,a6b4 c3d5 c6d5 a4b4,1363,76,82,721,advantage capturingDefender middlegame short,https://lichess.org/S7dtyWl6/black#48,,
01U4x,r3k2r/ppp2ppp/n3b3/1N1p1q2/3P4/1BP5/PP4PP/R1BQ3K b kq - 0 14,c7c6 b5d6 e8d7 d6f5,1216,75,98,2504,advantage fork middlegame short,https://lichess.org/FCqaqSp8/black#28,Petrovs_Defense Petrovs_Defense_Italian_Variation,
01U73,8/8/p4k2/2np3p/P4K1P/2P5/8/4B3 w - - 1 47,e1f2 c5d3 f4e3 d3f2,747,87,77,391,crushing endgame fork short,https://lichess.org/vzk0I9K0#93,,
01UBF,1R6/p1p5/3b2kp/3Kp1r1/r4pPR/2B5/1P3P2/8 b - - 3 37,e5e4 d5e6 g5e5 c3e5,1621,75,82,218,advantage defensiveMove endgame master short,https://lichess.org/WwxEa59Y/black#74,,
01UH3,2r1kb1r/ppq2ppp/2n1p3/3pPn2/N2P4/4BN2/PP2QPPP/2R2RK1 w k - 9 14,c1c2 c6d4 f3d4 f5d4 e3d4 c7c2 e2b5 c2c6,1904,75,95,10165,crushing fork master middlegame veryLong,https://lichess.org/E4vbCZEr#27,French_Defense French_Defense_Advance_Variation,
01UHL,r6k/1p3Q2/p4b2/P4bqp/5Rp1/1P3P2/5P2/3R1BK1 w - - 1 34,d1d7 g4f3 g1h1 a8g8 f4g4 h5g4,2227,84,79,53,crushing discoveredAttack long middlegame quietMove,https://lichess.org/iXrBAEpV#67,,
01UPC,3r1k2/1b3ppQ/p2q3p/1p2b3/8/P2p2P1/1P3P1P/1BR1R1K1 w - - 0 31,c1d1 d6d5 h7h8 f8e7 e1e5 d5e5 h8d8 e7d8,1659,77,94,7315,crushing middlegame quietMove veryLong,https://lichess.org/3liE0X18#61,,
01UQI,r3kb1r/1p2pppp/pqnp4/3P4/B3n1b1/5N2/PP1B1PPP/RN1QK2R w KQkq - 0 11,d5c6 b6f2,1391,90,55,87,attackingF2F7 mate mateIn1 oneMove opening,https://lichess.org/Qnh7qhgq#21,Sicilian_Defense Sicilian_Defense_Modern_Variations,
01UXl,r1bqkb1r/pp4pp/2n1pn2/2p2p2/Q1P5/3P2P1/PP1P1PBP/R1BNK1NR b KQkq - 0 9,d8d3 g2c6 b7c6 a4c6 d3d7 c6a8,1002,85,94,1295,advantage exposedKing fork long opening,https://lichess.org/WP6oYrOE/black#18,English_Opening English_Opening_Symmetrical_Variation,
01UYy,3k4/1K1p4/4p2p/2P1Pp2/B4n2/8/7P/8 w - - 0 51,a4d7 f4d3 d7b5 d3c5 b7c6 c5e4,2236,84,90,460,crushing defensiveMove endgame long master,https://lichess.org/Cr2bsbhv#101,,
01UaM,8/8/p4nk1/Pp2Br2/8/2P3PK/1P2Qr1P/8 w - - 5 46,e2e1 f5h5,917,78,100,471,endgame mate mateIn1 oneMove,https://lichess.org/rcKp52nw#91,,
01UeQ,r4r2/pb1qknQ1/1p1nppB1/3p2p1/3P4/1PP3NP/P2B1PP1/1R2R1K1 w - - 1 25,g3f5 d6f5 g6f5 f8g8 g7h7 g8h8,1311,81,91,98,advantage long middlegame,https://lichess.org/XnPq7alo#49,,
01Uff,8/5p2/2rk4/3b4/7P/3Q2P1/5P2/6K1 w - - 3 48,d3h7 c6c1 g1h2 c1h1,617,97,77,400,endgame mate mateIn2 operaMate short,https://lichess.org/FkmFi9a3#95,,
01UiU,q4rk1/n2P1ppp/p7/6b1/Pp1B2P1/1Pp1RN1n/2Q2P2/R4K2 w - - 0 30,f3g5 a8h1 f1e2 h3f4,1768,77,85,489,mate mateIn2 middlegame short,https://lichess.org/P9J5A2x6#59,,
01Uoq,r4rk1/pb3ppp/2q2n2/4p1B1/8/2PB4/P1Q2PPP/R2R2K1 w - - 4 16,g5f6 c6g2,639,86,96,406,kingsideAttack mate mateIn1 middlegame oneMove,https://lichess.org/ahy33Lxe#31,English_Opening English_Opening_Symmetrical_Variation,
01UpP,8/pB5p/6pk/5p2/1P3P1P/P3r1n1/3R3K/8 w - - 0 41,a3a4 g3f1 h2g2 f1d2,1118,111,95,1018,crushing endgame fork short,https://lichess.org/3RLbs3zb#81,,
01UsT,r3r1k1/pp2qp1p/3b2p1/3p4/3P2n1/1PN5/PBP1BPPP/R2QK2R w KQ - 6 15,h2h3 g4f2 e1f2 e7e3 f2f1 d6g3,1942,78,94,12287,advantage attackingF2F7 attraction defensiveMove long middlegame sacrifice,https://lichess.org/WC1zB0Po#29,Zukertort_Opening Zukertort_Opening_Nimzo-Larsen_Variation,
01Uvy,8/7p/6p1/8/3k1KPP/8/8/8 b - - 0 50,d4d5 f4g5 d5e4 g5h6,1309,84,94,871,crushing endgame pawnEndgame short,https://lichess.org/r3rrr0WR/black#100,,
01UwB,8/8/8/4kp1p/7P/4K1P1/8/8 b - - 0 45,e5f6 e3f4 f6e6 f4g5 e6e5 g5h5 e5f6 h5h6 f5f4 g3f4,1539,75,73,129,crushing endgame pawnEndgame veryLong zugzwang,https://lichess.org/Ql6y8vnP/black#90,,
01UwU,8/5ppp/4p3/4PPP1/2k1K2P/8/8/8 b - - 0 41,e6f5 e4f5 c4d5 h4h5 h7h6 g5h6 g7h6 f5f6 d5e4 f6g7 e4e5 g7h6,2614,113,90,1625,crushing endgame pawnEndgame quietMove veryLong,https://lichess.org/nPGl3BeO/black#82,,
01UyQ,4r3/3NP1kp/2p2Rp1/5p2/8/2rp3P/5PP1/4R1K1 w - - 2 34,f6f8 d3d2 e1d1 c3c1 g1h2 c1d1,1713,77,95,15786,advancedPawn crushing endgame long pin,https://lichess.org/4Rze3FMZ#67,,
01Uzs,rnbqk2r/ppp2ppp/3bpn2/8/4P3/1BN5/PPPP2PP/R1BQK1NR b KQkq - 0 6,f6e4 c3e4 d8h4 e4f2,1818,75,96,2227,advantage defensiveMove hangingPiece master opening short,https://lichess.org/miqEQghf/black#12,French_Defense French_Defense_Other_variations,
01V4g,3r1rk1/p2nppbp/2p2np1/qpPp4/N2P1B2/PP1BP2P/5PP1/R2Q1RK1 b - - 0 15,b5a4 b3b4 a5b5 d3b5,1170,78,92,515,advantage middlegame short trappedPiece,https://lichess.org/ezL0g2ue/black#30,Queens_Pawn_Game Queens_Pawn_Game_London_System,
01V6d,8/3k4/2Rn2p1/4pp1p/4P3/4KPPP/8/8 w - - 1 46,c6b6 d6c4 e3d3 c4b6,818,102,93,427,crushing endgame fork master short,https://lichess.org/6rMZ8iNJ#91,,
01V7x,4kr2/1R6/p1pKP3/P1r2P2/8/8/8/8 b - - 1 49,c5f5 b7b8,1326,80,91,1101,endgame mate mateIn1 oneMove rookEndgame,https://lichess.org/ipZrU9eZ/black#98,,
01V9z,8/5k1p/5p2/3pbP2/3B3P/5K2/1P6/8 w - - 5 32,d4c3 e5c3 b2c3 h7h5,2446,82,81,59,bishopEndgame crushing defensiveMove endgame master short,https://lichess.org/LrjvPRU6#63,,
01VAQ,4Q2k/ppp3pp/2q5/6r1/2N3P1/6nP/PP3r2/2R1R1K1 b - - 2 24,c6e8 e1e8 f2f8 e8f8,459,90,100,151,backRankMate mate mateIn2 middlegame short,https://lichess.org/GgFJiSSh/black#48,,
01VB3,8/4B3/2k5/2P1Kp2/5Pp1/3Pn3/8/8 w - - 3 45,d3d4 g4g3 d4d5 c6d7,2211,100,78,28,crushing defensiveMove endgame short,https://lichess.org/GDMQ00vn#89,,
01VBW,2b1rr1k/3q2pB/p1p2b2/PpPp4/1P1P1Np1/8/2Q2P1P/R4RK1 b - - 2 21,f6d4 f4g6 h8h7 g6f8 h7g8 f8d7,1155,77,89,1101,crushing discoveredCheck doubleCheck fork long middlegame,https://lichess.org/pTPf5wbm/black#42,,
01VEo,r3k2r/pp3pp1/2pqpn2/2N3p1/2P5/8/PPP1QPPP/R4RK1 w kq - 1 15,c5b7 d6h2,832,78,100,371,kingsideAttack mate mateIn1 middlegame oneMove,https://lichess.org/TfS8CNW4#29,Caro-Kann_Defense Caro-Kann_Defense_Two_Knights_Attack,
01VFl,8/7R/4k3/6Pp/4p1nP/6K1/P4r2/8 b - - 1 45,e6f5 h7f7 f5e6 f7f2,976,79,99,919,crushing endgame master short,https://lichess.org/W5uoHo6C/black#90,,
01VG0,r3k2r/pp3pp1/4p3/3pqnp1/PPP5/8/4NPPP/R2Q1RK1 w kq - 0 21,c4d5 e5h2,1006,95,91,68,kingsideAttack mate mateIn1 middlegame oneMove,https://lichess.org/CDvtg4xF#41,,
01VHY,2k5/p1p5/P7/1PP1rp2/7p/6pP/6P1/2R3K1 b - - 3 39,f5f4 b5b6 c8b8 b6b7 e5e6 c1a1,2798,111,87,396,advancedPawn crushing defensiveMove endgame long rookEndgame,https://lichess.org/irrUnPjb/black#78,,
01VO2,r2qkbnr/5ppp/p2p4/1p1Q4/2p1P3/1BN2P2/PPP2P1P/R3K2R b KQkq - 1 12,c4b3 d5c6 e8e7 c3d5,1222,189,0,22,advantage middlegame short,https://lichess.org/0u2XbhMO/black#24,Ruy_Lopez Ruy_Lopez_Morphy_Defense,
01VQD,r1b2rk1/ppp2p1p/6p1/1N1P2q1/1PPbBp2/6n1/1P2Q1PP/R1B2R1K w - - 5 18,h2g3 g5h6 e2h5 h6h5,1316,75,97,7629,mate mateIn2 middlegame short,https://lichess.org/99i1AIEl#35,Kings_Gambit_Accepted Kings_Gambit_Accepted_Schallopp_Defense,
01VR8,3r4/5p2/1k2p3/pp1BPp1p/5P1P/1P2K1P1/P2R4/8 b - - 2 32,d8d5 d2d5 e6d5 e3d4 b6c6 a2a3,1588,79,93,2520,crushing defensiveMove endgame long rookEndgame zugzwang,https://lichess.org/sPY5XeOK/black#64,,
01VXI,r3rk2/pppqn1pQ/6P1/4p1P1/4Pp2/1PP5/P4P2/RNB1K3 b Q - 0 20,d7g4 h7h8 e7g8 c1a3 e8e7 a3e7 f8e7 h8g7,1569,76,87,156,attraction crushing middlegame pin veryLong,https://lichess.org/LlFzgUtg/black#40,,
01VY5,8/8/4nk1p/1p1p1p2/p2K1P2/P1PB4/1P5P/8 w - - 1 41,d4d5 e6f4 d5d4 f4d3,899,96,90,242,crushing endgame fork short,https://lichess.org/q2mlPixg#81,,
01VZi,2r3k1/2r2p2/p5p1/q5Pp/1p3P1P/8/PPPRQ3/1K3R2 w - - 0 32,e2e4 b4b3 a2b3 a5d2,1244,84,93,885,crushing discoveredAttack endgame short,https://lichess.org/De2EWy6u#63,,
01VaH,8/k7/Pbp5/4p1qP/6P1/2P5/4QPK1/8 b - - 2 45,b6a5 e2e3 g5e3 f2e3,1578,75,94,483,crushing endgame short,https://lichess.org/XPUYc2hb/black#90,,
01Vbe,2r5/3Qnk1p/8/4B2b/Pp2p3/1P2P3/5PPP/3R2K1 w - - 3 32,d1d6 c8c1 d6d1 c1d1 d7d1 h5d1,695,90,90,1697,advantage endgame fork long,https://lichess.org/b334W1Ga#63,,
01Vce,2r4r/6b1/8/1b1pPQ1k/2p2P2/4P3/PP1B3q/2K5 b - - 7 33,h5h4 d2e1 h2g3 f5g5 h4h3 g5g3,2043,73,95,13106,long mate mateIn3 middlegame pin,https://lichess.org/90JQSZJo/black#66,,
01Vfj,r2q3r/pp3pkp/5bp1/1N1p4/8/2P5/PP3PPP/R2QR1K1 b - - 0 15,h8e8 e1e8 d8e8 b5c7 e8c6 c7a8,1366,75,93,1294,crushing fork long middlegame,https://lichess.org/EvSb3Oql/black#30,Caro-Kann_Defense Caro-Kann_Defense_Exchange_Variation,
01Vky,1r2k1nr/3b1ppp/3Qp3/8/8/B3P1P1/5P1P/1q3RK1 b k - 0 24,b1b6 d6f8,1227,91,92,2524,mate mateIn1 middlegame oneMove,https://lichess.org/MkPK856n/black#48,,
01VmQ,5r2/4N3/4b3/p1p1k1pp/2P1p3/1P6/P5PP/3RK3 b - - 1 28,a5a4 e7g6 e5f6 g6f8,1214,77,84,220,crushing endgame fork short,https://lichess.org/k8sfIAEp/black#56,,
01Vmt,6k1/3p1p1p/2n1p1p1/3q4/4N3/r3PP2/2Q1K1PP/1R6 b - - 2 22,g8g7 c2b2 c6d4 b2d4 d5d4 e3d4,1887,77,91,1270,advantage endgame fork long,https://lichess.org/5s5sChtc/black#44,,
01Vnj,6r1/5p1k/p3pBP1/2Pp2Q1/q1pP3P/P4P2/5K2/8 b - - 0 33,g8g6 g5h5 g6h6 h5f7,1103,75,100,634,endgame mate mateIn2 short,https://lichess.org/8SBfoRx3/black#66,,
01Vp7,r6k/2qn1Q1p/1p4p1/2pp2P1/P3rB2/1P5P/8/R4RK1 b - - 3 28,e4f4 f7f4 c7f4 f1f4,2275,75,83,125,advantage middlegame short,https://lichess.org/r3VL64m0/black#56,,
01Vrb,2k5/pp4pp/4pr2/2qpNn2/8/2P3P1/PP4PP/R2Q1R1K w - - 2 20,e5d3 f5g3 h2g3 f6h6 d1h5 h6h5,1199,78,93,611,kingsideAttack long mate mateIn3 middlegame sacrifice,https://lichess.org/NpP2cn85#39,,
01Vt6,8/7p/K1k1p1p1/p1p5/5PP1/1P5P/P7/8 w - - 2 34,a6a5 g6g5 f4f5 e6f5,2506,102,90,1850,crushing endgame pawnEndgame short,https://lichess.org/RRJAgLlP#67,,
01VvX,5rk1/pp1b1Npp/3p2r1/8/PnN5/8/5RP1/5RK1 b - - 1 26,d7a4 f7h6 g7h6 f2f8 g8g7 f1f7,1002,77,97,386,blindSwineMate discoveredAttack long mate mateIn3 middlegame,https://lichess.org/DdF2bsez/black#52,,
01VwE,8/8/5p2/4p1p1/6Pp/r1k2P1P/P3RK2/8 b - - 19 60,c3d3 e2e3 d3c4 e3a3,720,83,80,57,endgame master,https://lichess.org/LlEVixNK/black#120,,
01Vwi,3r2k1/pR3pp1/2p1p2p/7P/2P5/4PQ2/q2r1PP1/5RK1 b - - 2 26,a2c4 f3f7 g8h8 f7g7,830,81,87,300,endgame mate mateIn2 short,https://lichess.org/FNSafPpH/black#52,,
01VxT,5rk1/R4p1p/4p1p1/4P3/P2PNn2/7P/1r3PP1/3R1K2 w - - 2 30,d1d2 b2b1 d2d1 b1d1,810,78,100,484,endgame mate mateIn2 short,https://lichess.org/G0yQLw5T#59,,
01W7X,8/1R6/p1r1k3/2P2p2/1P6/1K6/3R4/r7 b - - 2 48,a6a5 d2e2 e6f6 b7b6,2612,90,91,1094,crushing endgame rookEndgame short,https://lichess.org/7tpihtDC/black#96,,
01W9Q,4r1k1/1Q3bp1/B4p2/P1PR2p1/1P2pbP1/7P/5PK1/q7 b - - 1 35,f7d5 b7d5 g8h7 d5f7 a1c3 f7h5 h7g8 h5e8,2273,101,55,30,crushing endgame fork veryLong,https://lichess.org/jfsU0WIb/black#70,,
01WCP,6k1/p5p1/2R3P1/3pr3/8/4P3/P7/5K2 b - - 0 32,e5e7 c6c8 e7e8 c8e8,870,100,77,50,endgame mate mateIn2 rookEndgame short,https://lichess.org/GEde9LIh/black#64,,
01WD0,2rr2k1/4b1pp/p2pp3/1p4PP/4P1Q1/PNN1pP2/KPP4R/5q2 b - - 2 25,d8e8 g4e6 g8h8 h5h6 g7g6 e6f7,2084,85,91,1949,crushing kingsideAttack long middlegame,https://lichess.org/sEYFOEyl/black#50,,
01WIW,8/p7/1p3p2/4pP1p/kP2P2P/P1K5/8/8 w - - 6 45,c3b2 a7a6 b2c3 a4a3,2424,80,80,46,crushing endgame master pawnEndgame quietMove short zugzwang,https://lichess.org/BVIP7qtt#89,,
01WLY,r2qk2r/ppp1npbp/3p2p1/4n3/2P1P3/2N2BB1/PP3PPP/R2QK2R b KQkq - 0 10,e5c4 d1a4 e7c6 a4c4,1343,77,79,171,crushing fork master opening short,https://lichess.org/CCJq2aBi/black#20,Modern_Defense Modern_Defense_Other_variations,
01WPJ,8/R5R1/4p2p/3p4/4b1Pk/2r4P/5P1K/8 w - - 5 57,g7h7 c3h3 h2g1 h3h1,1401,79,86,84,endgame mate mateIn2 operaMate short,https://lichess.org/FUPqqxNX#113,,
01WQW,8/8/8/8/1p6/pP1PN3/k1P2PP1/3K4 w - - 0 41,e3c4 a2b1 c2c3 a3a2 c3b4 a2a1q,1288,78,67,145,advancedPawn advantage endgame knightEndgame long promotion,https://lichess.org/mWRr0qPL#81,,
01WRz,6k1/p1p2pp1/1p1b3p/3Pq3/2P5/5Q1P/P1R3P1/7K w - - 3 31,c2f2 e5h2,1730,86,72,444,endgame mate mateIn1 oneMove,https://lichess.org/lHH0GP8g#61,,
01WWa,6k1/pp3pbp/1qp3p1/8/8/2PB1Q1P/Pr3PP1/4R1K1 b - - 1 22,g7c3 d3c4 b2f2 e1e8 g8g7 f3c3,2670,82,82,221,advantage endgame long,https://lichess.org/NdZyCXD9/black#44,,
01WWp,r4r2/5pkp/p4npN/2bbB3/7Q/Pq1B1P1P/6P1/R6K b - - 2 26,c5e7 h6f5 g6f5 h4g5,2190,85,91,957,advantage middlegame sacrifice short,https://lichess.org/bKXCAfi4/black#52,,
01WXF,r1b2rk1/p4qbp/1p3pp1/2R5/2pBPP2/1P3Q1P/P1B3P1/5RK1 w - - 0 23,c5c6 f7d7 c6c4 b6b5 d4c5 b5c4,2674,95,91,950,advantage fork long middlegame,https://lichess.org/phuJnNqg#45,,
01Wbh,5r1k/ppp1q2p/8/3BnQ2/4p1n1/2N3K1/PPP2PP1/R4R2 w - - 1 21,f5e4 e7g7 f2f3 g4f6,2451,80,79,52,advantage discoveredAttack discoveredCheck middlegame quietMove short,https://lichess.org/SEynvJja#41,,
01Wci,r2r2k1/5pp1/p3qb1p/1pp5/8/P1N1PQ2/1P1R1PPP/3R2K1 b - - 5 24,d8d2 f3a8 d2d8 d1d8,1407,97,79,75,crushing hangingPiece middlegame short,https://lichess.org/wqCMnBPi/black#48,,
01WeI,8/8/1b2p3/1P1p2kP/3P2P1/1K6/8/8 b - - 4 46,g5g4 h5h6 b6d4 h6h7 g4f5 b5b6 f5g6 b6b7,1970,80,59,44,advancedPawn bishopEndgame crushing endgame master masterVsMaster veryLong,https://lichess.org/DIt9pXgs/black#92,,
01Wni,2rn2k1/p2bRppp/8/3B2N1/8/8/P4PPP/R1r3K1 w - - 0 24,a1c1 c8c1 e7e1 c1e1,593,102,60,331,backRankMate mate mateIn2 middlegame short,https://lichess.org/X6p6G1Hi#47,,
01Wnj,5rk1/p4ppp/1pQ5/2b1P3/8/P4N2/1Pq2PPP/4R1K1 w - - 1 28,c6b5 c5f2 g1f1 f2e1,1897,75,89,928,crushing endgame fork master short,https://lichess.org/pqbezA5x#55,,
01WoU,6k1/1p4pp/p3r3/2b1r3/5N2/2P5/PP2n1PP/2B1RR1K w - - 4 26,f4e6 e2g3 h2g3 e5h5,1128,78,95,14934,mate mateIn2 middlegame pillsburysMate sacrifice short,https://lichess.org/zFo0Fhpa#51,,
01WoY,8/p4p1p/2p1p3/5p2/5k1P/5P2/PPP2KP1/8 b - - 2 27,e6e5 g2g3,920,77,75,93,endgame mate mateIn1 oneMove pawnEndgame,https://lichess.org/ehRfuKYI/black#54,,
01Wpf,4rrk1/pbp3pp/3q4/2P2p2/5b2/P1Q2N1P/6PN/R4R1K b - - 0 27,d6c6 c3c4 f8f7 c4f4,1483,75,93,981,advantage fork middlegame short,https://lichess.org/TrexH5VK/black#54,,
01Wqv,5r1k/1pp2Npp/p6r/4pP2/2Q1Pq2/8/PP4PP/3R3K b - - 5 32,f8f7 d1d8 f7f8 d8f8,1295,77,88,222,backRankMate endgame mate mateIn2 short,https://lichess.org/HvS3Pp9C/black#64,,
01WwU,r4r2/pp4k1/3p3n/2pPP2p/2P1B2q/3N1b1p/PP1Q1P1K/R3R3 w - - 1 29,e1g1 h6g4 g1g4 h5g4 e4f3 f8f3,2114,131,33,21,crushing long middlegame,https://lichess.org/oAyZSJZ7#57,,
01WwV,8/8/8/3KPk2/p7/1pP5/1P6/8 w - - 0 45,d5d6 a4a3 e5e6 a3b2 e6e7 b2b1q,1908,75,95,1863,advancedPawn crushing endgame long pawnEndgame promotion,https://lichess.org/D9oY4dkR#89,,
01Wye,8/7P/8/2k1b3/2P1Pp2/1p3K2/8/3N4 w - - 1 59,f3g4 c5c4 g4f5 c4d4 h7h8q e5h8,2492,77,93,1074,crushing endgame long,https://lichess.org/gH7SBeQk#117,,
01X2r,r4rk1/pQ4p1/7p/3p4/2q5/2B3P1/PP4P1/R6K b - - 0 22,a8e8 b7g7,1206,229,67,5,endgame master mate mateIn1 oneMove,https://lichess.org/8bNFazpo/black#44,,
01X3n,r2q1rk1/pp2nppp/2pp4/3Np1N1/2P1Q3/3P4/PP3KPP/R1B5 b - - 3 14,f7f5 e4h4 h7h6 g5e6,1807,76,91,1985,advantage middlegame short,https://lichess.org/glnvzFJY/black#28,Kings_Pawn_Game Kings_Pawn_Game_Dresden_Opening,
01X47,1r2kr2/4b2p/2p3p1/p2QP3/8/6P1/PPq2BKP/R4R2 w - - 0 34,d5a5 b8b2 a5a8 e7d8,2063,83,82,120,crushing defensiveMove middlegame short,https://lichess.org/oBX4V8iB#67,,
01X4O,r3r1k1/1pp2pp1/p1bb3p/6q1/2P5/1P2P2P/PBQN1PP1/R4RK1 w - - 1 16,f2f4 g5g2,642,82,100,272,kingsideAttack mate mateIn1 middlegame oneMove,https://lichess.org/JvUwQLQ3#31,Englund_Gambit Englund_Gambit_Other_variations,
01X4v,r2q1rk1/pppb1pp1/2n4p/3nP3/8/B1P2N2/P3QPPP/R2R2K1 w - - 0 14,a3f8 d5c3 e2c2 c3d1,1373,76,92,3992,advantage fork middlegame short,https://lichess.org/doRnRBoB#27,Scotch_Game Scotch_Game_Goring_Gambit,
01X5n,8/8/7p/p1r3p1/2PKpkP1/7P/4R3/8 b - - 2 40,c5e5 e2f2 f4g3 d4e5 g3f2 e5e4,1776,75,87,940,crushing deflection endgame long rookEndgame,https://lichess.org/WJVPHTRz/black#80,,
01X6J,r1b1qknQ/6p1/6P1/p2p1pR1/3N1P2/1P2p3/P1P4P/4R2K w - - 0 32,d4f5 e8e4 h1g1 c8f5,1324,75,96,2210,advantage intermezzo middlegame short,https://lichess.org/rQ1CiKNS#63,,
01XCL,4r2k/4P1p1/1p1p1n1p/p3pQ2/P3B3/7P/1P3PPK/2r5 b - - 1 29,f6e4 f5f8 e8f8 e7f8q,1022,86,88,2246,advancedPawn advantage endgame promotion short,https://lichess.org/pKdN0bE1/black#58,,
01XDC,r2q1rk1/pp2ppbp/6p1/n1p1N3/2bP1P2/3B4/PP1B2PP/R3QRK1 w - - 0 15,e5c4 a5c4 d3c4 d8d4 f1f2 d4c4,1992,75,84,422,advantage fork long middlegame,https://lichess.org/TXs8oJwt#29,Indian_Defense Indian_Defense_Other_variations,
01XIa,2r3k1/p1r2ppp/qp3b2/3Q4/5PN1/P5P1/1P5P/3RR1K1 b - - 2 27,c7c2 d5d8 c8d8 d1d8 f6d8 e1e8,1763,82,93,200,backRankMate long mate mateIn3 middlegame sacrifice,https://lichess.org/k669VH9K/black#54,,
01XK2,3r1rk1/pp3pp1/2p2b1p/4p3/4Pnb1/2P2NN1/PP2BPK1/R1B1R3 w - - 2 19,g2h2 f4e2 g3e2 g4f3,1423,80,92,1318,advantage capturingDefender middlegame short,https://lichess.org/i9qA1ofF#37,,
01XUE,8/7p/8/5PK1/2b2BP1/8/2p5/3k4 b - - 6 54,c4e2 f5f6 c2c1q f4c1,1072,76,86,256,bishopEndgame crushing endgame master short,https://lichess.org/wj7xAnw1/black#108,,
01XW1,5k2/3R2p1/4Kp1p/3p4/2r3P1/5P2/6P1/8 b - - 2 41,d5d4 d7d8,968,82,92,116,endgame master mate mateIn1 oneMove rookEndgame,https://lichess.org/WyMgw2E1/black#82,,
01XbJ,r3k2r/p3pp1p/6pb/qp1n4/P1pnQ2N/2P3B1/1P3PPP/R3KB1R b KQkq - 0 16,d5c3 e4a8 e8d7 a8b7,2040,75,47,140,advantage hangingPiece middlegame short,https://lichess.org/N5dateWd/black#32,Queens_Pawn_Game Queens_Pawn_Game_Accelerated_London_System,
01Xbe,8/3R3p/6pk/3p4/2p1b1P1/6KP/r7/4R3 w - - 0 41,g3h4 g6g5 h4g3 a2g2,1151,78,100,279,endgame mate mateIn2 short,https://lichess.org/MFtff6Yc#81,,
01Xct,5r1k/p1p5/1p1p4/3Pp2Q/6p1/1P4P1/P1q2r2/2B2RK1 b - - 0 31,c2h7 h5h7 h8h7 f1f2,1327,81,85,46,advantage endgame short,https://lichess.org/oC1ZhqN5/black#62,,
01Xg6,B2Qnk1r/p1p2pp1/6q1/2b5/5B2/2P2Np1/PP2P2P/R4R1K w - - 0 19,b2b4 g3g2,1151,80,92,1510,advancedPawn mate mateIn1 middlegame oneMove,https://lichess.org/ZiD8VdXE#37,Bird_Opening Bird_Opening_Froms_Gambit,
01Xgf,5r1k/p1p3p1/7p/4p1r1/2P1Nq2/1P5Q/P5PP/3R2K1 w - - 6 32,e4g5 f4f2 g1h1 f2f1 d1f1 f8f1,1199,78,85,139,backRankMate endgame long mate mateIn3 sacrifice,https://lichess.org/tTxHHZ15#63,,
01XlK,r3qr2/2pn2bk/p2p1P2/1p4pp/3PN3/P2Q4/1PP2P2/2K4R b - - 0 22,g7h6 e4g5 h7h8 d3h7,1661,77,98,6400,discoveredCheck doubleCheck mate mateIn2 middlegame short,https://lichess.org/wKVwsojO/black#44,,
01XoC,8/1q4p1/6kp/3BQ3/5pP1/6b1/4p1K1/8 b - - 17 47,e2e1n g2h3 b7d5 e5d5,1981,75,87,170,crushing defensiveMove endgame master short,https://lichess.org/S7Z0kgOk/black#94,,
01Xw1,r2q1r2/3b1pk1/p2p1n2/npp1pPN1/4P1PQ/PBPP3P/2P5/R4RK1 b - - 2 19,f8h8 g5e6 d7e6 h4g5 g7f8 f5e6,2016,81,94,2102,clearance crushing intermezzo long middlegame sacrifice,https://lichess.org/BCbwyihv/black#38,,
01Xwq,5rk1/1p4p1/p1pqPnQR/4p3/P7/1P2P3/6PP/5RK1 w - - 1 27,f1f6 d6d1 g1f2 f8f6,1366,76,83,156,advantage endgame intermezzo short,https://lichess.org/qko2XjO0#53,,
01Xx0,1k5r/r7/4p3/1P3pb1/2NP2p1/2P1P2p/4Q1PP/6K1 w - - 0 28,g2g3 a7a1 g1f2 a1h1 e2e1 h1e1,1954,83,89,77,crushing endgame long,https://lichess.org/pVM3gCkC#55,,
01XyB,r5k1/2Q2ppp/6n1/8/3Pq3/p3P3/P5PP/5RK1 b - - 1 37,g6h4 c7f7 g8h8 f7f8 a8f8 f1f8,1125,80,78,118,backRankMate endgame long mate mateIn3 sacrifice,https://lichess.org/nLHbhLSa/black#74,,
01Xyq,8/5kpp/1B1p4/P2P4/6PP/5p2/5P1K/r7 b - - 0 41,f7f6 b6d4 f6e7 d4a1,1363,80,94,1115,crushing endgame fork short,https://lichess.org/pIQooIlD/black#82,,
01Xzq,8/8/2q3bp/4Q3/6Pk/7P/5P1K/8 b - - 7 53,c6f3 e5e7 f3f6 e7f6,1746,82,64,47,endgame mate mateIn2 short,https://lichess.org/fZJPnCLr/black#106,,
01Xzx,3r2k1/1Rp1qpp1/7p/8/5Q2/1PP5/5PPP/3r1RK1 w - - 5 26,b7c7 d1f1 g1f1 d8d1,1130,76,100,508,attraction endgame mate mateIn2 short,https://lichess.org/lgUG6A1I#51,,
01Y0b,2q1rbk1/5p1p/2p2np1/3p1P2/1p1P4/3BP2P/1PQ1NP2/6RK w - - 0 24,f5g6 c8h3,557,97,98,402,kingsideAttack mate mateIn1 middlegame oneMove,https://lichess.org/iBRudAA1#47,,
01Y2F,r3kb1r/pp1q1ppp/4p3/4Pn2/3pN3/2P4P/PP3RP1/R1BQ2K1 w kq - 0 15,f2f5 e6f5 e4d6 f8d6,1055,76,96,2458,advantage hangingPiece master middlegame short,https://lichess.org/jAxvVDSP#29,Caro-Kann_Defense Caro-Kann_Defense_Advance_Variation,
01Y2x,rn2r1k1/ppq2ppp/2p1B3/2B4N/4P3/P2P4/2P2QPP/b4RK1 b - - 0 18,f7e6 f2f8 e8f8 f1f8,1621,77,80,62,kingsideAttack mate mateIn2 middlegame operaMate sacrifice short,https://lichess.org/N4lE2j7Y/black#36,Vienna_Game Vienna_Game_Other_variations,
01Y67,3rr3/1p1q2pk/5b1p/p1pB1b1Q/2P5/KP1n4/P4P2/2B3RR b - - 9 33,b7b5 h5h6 g7h6 h1h6,1594,80,93,817,mate mateIn2 middlegame operaMate sacrifice short,https://lichess.org/byEY64hO/black#66,,
01YAP,8/3b1p2/B3p2p/3pPkp1/3P4/5N1P/1b2KPP1/8 b - - 0 43,h6h5 a6d3 f5f4 g2g3,1140,75,86,100,endgame mate mateIn2 short,https://lichess.org/b0NCEaKG/black#86,,
01YDB,8/6p1/4k1N1/5R1P/4n1PK/8/5P2/r7 w - - 11 60,f2f3 a1h1,629,81,100,588,anastasiaMate endgame mate mateIn1 oneMove,https://lichess.org/tqDuguWq#119,,
01YE9,6k1/7p/6p1/1p6/p2pqb2/P2Nr3/1PP3PP/3QR1K1 w - - 8 35,d3f4 e3e1 d1e1 e4e1,798,78,90,351,endgame fork mate mateIn2 short,https://lichess.org/UgI4L3jf#69,,
01YHD,8/p1p3p1/1pp4p/3kp2b/KP2N2P/P2P4/5R2/8 w - - 2 37,f2g2 h5d1 g2c2 d1c2,1623,77,93,506,endgame mate mateIn2 short,https://lichess.org/DIRXGMLv#73,,
01YNx,rn1qkbnr/ppp1ppp1/3p3p/4N3/2B1P1b1/8/PPPP1PPP/RNBQK2R b KQkq - 1 4,g4d1 c4f7,1152,80,75,223,attackingF2F7 mate mateIn1 oneMove opening,https://lichess.org/pyKwuFBH/black#8,Zukertort_Opening Zukertort_Opening_Wade_Defense,
01YOL,r4r1k/ppp3pp/3bb1q1/3Q2B1/2P1N1n1/5N2/PP2P1B1/R3R1K1 w - - 8 17,d5b7 a8b8 e4d6 b8b7,2130,75,86,758,crushing middlegame short,https://lichess.org/DrmFS8hY#33,Indian_Defense Indian_Defense_Budapest_Defense,
01YQ2,5rk1/pp1n1pp1/4r1qp/2p2R2/2PB4/P1Q2R1P/1P4P1/6K1 w - - 0 28,d4g7 g6g7 f3g3 e6g6,1657,77,86,293,advantage middlegame short,https://lichess.org/5lefhYAM#55,,
01YTQ,8/6p1/2k4p/p1r5/3K4/1P1R1P1P/8/8 w - - 12 46,d3c3 c5c3 d4c3 g7g5,2607,83,100,205,crushing defensiveMove endgame rookEndgame short,https://lichess.org/dsfAPWbn#91,,
01YV3,1r3rk1/p3R2p/3p2pQ/3q4/3b4/3p4/PP3PPP/1RB4K b - - 3 22,f8f2 h6h7 g8f8 c1h6 d4g7 h7g7,1568,75,97,9707,long mate mateIn3 middlegame triangleMate,https://lichess.org/UFUflidH/black#44,,
01YXn,r1bq1rk1/p4pbp/5np1/4p1B1/3p4/2N5/PPPQBPPP/2R2RK1 w - - 0 14,c3e4 f6e4 g5d8 e4d2,870,82,94,1171,crushing hangingPiece middlegame short,https://lichess.org/5LNdfjMW#27,Sicilian_Defense Sicilian_Defense_Dragon_Variation,
01YaK,1q3r1k/2p3p1/3pBb1p/p7/8/2N1n1P1/P1PQPP1P/K2R3R w - - 0 19,f2e3 b8b4 d2d4 f6d4,1542,76,77,371,advantage middlegame pin short,https://lichess.org/DV3MwQnY#37,,
01YhI,8/pp5p/n5pk/3bR3/P6r/8/1PP5/1K1R4 w - - 0 30,d1d5 h4h1 b1a2 a6b4 a2b3 b4d5,813,100,96,916,crushing endgame fork long master,https://lichess.org/kWzOKauE#59,,
01Yjm,8/3b1Npk/p7/3p3p/8/6P1/1P4KP/8 b - - 1 38,d7e6 f7g5 h7h6 g5e6,603,86,86,223,crushing endgame fork master short,https://lichess.org/N1QKKfKX/black#76,,
01Ykl,r2q1rk1/5ppp/p3p1n1/1p2N2Q/3P4/2P5/P1B2PbP/2R2RK1 w - - 0 18,g1g2 g6f4 g2h1 f4h5,898,79,88,240,crushing fork middlegame short,https://lichess.org/Cnf5CVib#35,Caro-Kann_Defense Caro-Kann_Defense_Panov_Attack,
01Ykx,2r5/1b3pk1/2qBp1pp/4P3/1P3P2/P7/3Q2PP/4R1K1 w - - 2 43,e1c1 c6c1 d2c1 c8c1,1364,77,93,6826,crushing endgame master masterVsMaster short,https://lichess.org/z2s3zDqz#85,,
01YlD,8/8/P6p/1N1b4/5k2/7K/3r4/R7 w - - 0 48,a6a7 d5e6 h3h4 d2h2,1883,77,96,1818,endgame mate mateIn2 short,https://lichess.org/fnki0BgO#95,,
01Yng,8/8/6p1/7p/p2k3P/P4pP1/1PK2P2/8 w - - 6 64,b2b3 a4b3 c2b2 d4d3 a3a4 d3e2 a4a5 e2f2,1665,75,89,145,advantage endgame pawnEndgame veryLong,https://lichess.org/QZALJtcQ#127,,
01Yo5,4rrk1/p5p1/1p3n1p/2pPB1q1/2P1Q3/7P/P4PP1/4RRK1 w - - 1 27,e4d3 e8e5 f2f4 g5f5 d3f5 e5f5,1943,74,91,554,advantage long middlegame,https://lichess.org/2GHMoSuS#53,,
01YpY,2r3k1/5ppp/1p3n2/2q1p3/2BN4/5P2/PQ4PP/2R3K1 b - - 2 32,c5d4 b2d4 e5d4 c4f7 g8f7 c1c8,1211,79,88,640,advantage discoveredAttack endgame long,https://lichess.org/WILzCJLB/black#64,,
01Yq1,r4rk1/1bppbppp/p1q5/1p2P3/3p1Q2/1B1P1N2/PPP2PPP/R4RK1 w - - 1 18,f3d4 c6g2,515,107,76,199,kingsideAttack mate mateIn1 middlegame oneMove,https://lichess.org/GYulNd9V#35,Ruy_Lopez Ruy_Lopez_Bird_Variation,
01YqT,3b4/3P1p2/8/1P6/2K4k/8/8/8 b - - 0 50,f7f5 c4c5 f5f4 b5b6 f4f3 b6b7 f3f2 b7b8q,1625,77,94,782,advancedPawn bishopEndgame crushing endgame promotion veryLong,https://lichess.org/LhpTb3sv/black#100,,
01Yqt,8/2p5/3b2kp/3p2p1/P3p1K1/1P2R2P/1B4P1/8 w - - 2 36,h3h4 h6h5 g4h3 g5g4,1186,76,97,11784,endgame mate mateIn2 short,https://lichess.org/mHAjRMmQ#71,,
01YsU,3r3k/1K2bQp1/4P2p/1Pp5/2P5/r7/8/8 b - - 7 43,d8a8 b5b6 e7d6 b7c6,2685,88,85,251,advantage endgame short,https://lichess.org/3CbNxgTj/black#86,,
01YvD,3rr1k1/p4p2/2BBb1p1/4b2p/4P1qP/6P1/P2Q1P2/3R1RK1 w - - 3 23,f2f3 g4g3 d2g2 e5d6 g2g3 d6g3 c6e8 d8e8,2252,76,95,716,advantage deflection middlegame veryLong,https://lichess.org/Mkc4QOBd#45,,
01YyJ,2Q2rk1/p4ppp/1p3q2/3bR3/7N/P5P1/1P3P1P/4R1K1 b - - 0 23,f8c8 e5e8 c8e8 e1e8,814,81,83,55,backRankMate endgame mate mateIn2 short,https://lichess.org/DQs8jnYM/black#46,,
01Z1w,r7/2p2pk1/q4np1/3PQ3/4P3/5PPp/2R2NKP/8 w - - 0 34,g2h3 a6f1 h3h4 a8h8 h4g5 h8h5 g5f4 h5e5,1624,76,97,21636,crushing endgame skewer veryLong,https://lichess.org/3goHO8hu#67,,
01Z2n,r6k/6p1/p6r/1p1Qp1q1/7n/2P1NP1b/PP3R1P/3RN2K b - - 0 33,g5e3 d5a8 h8h7 a8e4 e3e4 f3e4,1416,119,86,48,crushing hangingPiece long middlegame,https://lichess.org/bM3gsjxP/black#66,,
01Z4Y,2r2rk1/3b1p1p/3p3P/p2Np1q1/1p2Q3/8/PPP5/1K1R3R b - - 1 23,d7f5 e4f5 g5f5 d5e7 g8h8 e7f5,1913,79,92,6291,attraction crushing fork long middlegame sacrifice,https://lichess.org/lewmaBBy/black#46,,
01Z5o,8/2R5/2p2bk1/2Np4/4p3/P7/1Pn1K3/8 w - - 1 49,c7c6 c2d4 e2e3 d4c6,741,88,88,412,advantage endgame fork short,https://lichess.org/ArKzEaN8#97,,
01Z7Q,r2r2k1/1b2qppp/pp6/2ppn3/P7/2PPN2P/BP1Q1PP1/R4RK1 b - - 1 18,e7g5 f2f4 e5f3 f1f3,1454,76,86,380,advantage fork middlegame short,https://lichess.org/t1gLRHeI/black#36,Sicilian_Defense Sicilian_Defense_Bowdler_Attack,
01Z8E,8/8/5p2/4bPpP/3pp1B1/2knQ2K/P7/8 w - - 0 49,e3g1 d3f4 h3g3 f4e2 g3g2 e2g1,1091,77,92,390,crushing discoveredCheck doubleCheck endgame exposedKing long master,https://lichess.org/B0Hzk8zY#97,,
01Z93,1r3rk1/1pp2pp1/p4q2/5b2/1P1R1P2/P1N4P/5QP1/4R2K b - - 8 29,b8d8 c3d5 d8d5 d4d5,1817,75,93,6198,crushing middlegame short,https://lichess.org/vqLvNigt/black#58,,
01Z9a,8/1p6/p3k3/6pp/5n2/P7/1P3K2/5R2 w - - 2 44,f1c1 f4d3 f2e2 d3c1,881,90,81,77,crushing endgame fork short,https://lichess.org/G0KZMdbm#87,,
01ZHj,r2q1rk1/1ppbbpp1/2np1n1p/1B6/4N3/2Q1PN2/PBP2PPP/R3K2R b KQ - 4 12,f6e4 c3g7,640,92,100,388,kingsideAttack mate mateIn1 middlegame oneMove,https://lichess.org/MVp0LL4n/black#24,Polish_Opening Polish_Opening_Czech_Defense,
01ZHr,4k3/2p1p2R/4p2Q/3p4/3P2P1/1p2P3/1Pn5/3KNq2 w - - 4 34,h7h8 e8d7 h6h4 c2e3 d1d2 e3c4,1668,75,91,314,advantage defensiveMove endgame exposedKing long,https://lichess.org/UawqiXtM#67,,
01ZIb,r3r2k/pp1qbp1R/3p4/2p1p1Q1/4P3/P1NP1PP1/1PP3K1/R7 b - - 0 22,h8h7 a1h1 d7h3 h1h3,1268,82,74,67,mate mateIn2 middlegame short,https://lichess.org/pa5KJUMN/black#44,,
01ZUY,r2q3r/ppp2k1p/5np1/8/4p1b1/4Q3/PPP2PPP/RNB1K2R w KQ - 2 13,h2h3 d8d1,477,112,73,275,mate mateIn1 middlegame oneMove,https://lichess.org/3gvt18ot#25,Scotch_Game Scotch_Game_Scotch_Gambit,
01ZWA,4r1k1/p2Q2bp/4p1p1/1p2r1B1/8/1P5n/P5PP/4RRqK w - - 4 26,f1g1 h3f2,965,77,96,407,mate mateIn1 middlegame oneMove smotheredMate,https://lichess.org/C4VTQ2sS#51,,
01ZZ4,r2q1rk1/p4ppp/2p5/5Q2/1p1p3b/1P4PR/1P3P2/R5K1 b - - 0 21,h4f6 f5h7,640,84,100,69,kingsideAttack mate mateIn1 middlegame oneMove,https://lichess.org/z0FrdIvb/black#42,,
01ZdZ,1r2r2k/7P/3p2P1/3Pq3/pp1R4/8/PP1Q4/1K5R w - - 0 32,d4g4 e5f5 b1a1 f5g4,1540,191,100,3,crushing endgame fork master short,https://lichess.org/orNsPcmD#63,,
01ZfK,2kr3r/pp1nqpb1/2P2n2/7p/2B3b1/2N1B1Q1/PPP2PPP/R4RK1 b - - 0 14,b7c6 c4a6,934,77,89,131,mate mateIn1 middlegame oneMove,https://lichess.org/y4oBLt9G/black#28,Pirc_Defense Pirc_Defense_Other_variations,
01Zgj,r4r2/2p2pk1/p5p1/np2Pb1Q/5q2/1P4R1/P1B2PPP/R5K1 w - - 0 28,c2f5 f4g3 h2g3 g6h5,1739,77,94,13746,crushing middlegame short,https://lichess.org/N8PFXdlS#55,,
01ZiW,8/8/R7/5k2/3r3p/6pP/6P1/6K1 w - - 4 70,a6a7 d4d1,400,106,85,212,endgame mate mateIn1 oneMove rookEndgame,https://lichess.org/mfROm9c6#139,,
01Zna,5k2/3R4/3P2K1/2p3P1/1p1r4/8/8/8 b - - 0 57,c5c4 d7d8,1445,83,77,581,endgame master mate mateIn1 oneMove rookEndgame,https://lichess.org/Kji5pGgl/black#114,,
01ZpR,2rq1rk1/1p3ppp/p4b2/n6b/3Pp3/P3BN1P/1P2BPP1/2RQ1RK1 w - - 0 18,f3d2 c8c1 d1c1 h5e2,1608,77,44,115,crushing opening short,https://lichess.org/DHFroHMk#35,Russian_Game Russian_Game_Classical_Attack,
01ZrS,3R4/1br1npp1/1p2p1k1/p3P1pN/P1B3P1/1P5P/5P2/6K1 b - - 2 31,e7c6 c4d3 f7f5 e5f6 g6f7 d8h8,2762,101,87,755,advantage defensiveMove discoveredAttack discoveredCheck enPassant endgame long,https://lichess.org/jv7NukFp/black#62,,
01Zrc,3r3k/1b3p1p/4n3/pp2N1Pp/8/3P2R1/PP4B1/6K1 b - - 4 34,b7g2 e5f7 h8g7 f7d8,952,92,94,510,crushing endgame fork short,https://lichess.org/bdiqU2k1/black#68,,
01Zuf,3n2k1/pR4pp/8/qB1p4/3Pn1Q1/5N1P/5PPK/2r5 b - - 12 26,d8b7 g4e6 g8h8 e6e8,1778,211,100,11,backRankMate mate mateIn2 middlegame short,https://lichess.org/qeg6dwl8/black#52,,
01a5v,4r2k/R7/1p6/5ppp/3P1P1K/4P3/PP2QPq1/2R5 w - - 0 32,f4g5 g2h2,1885,81,83,806,endgame mate mateIn1 oneMove,https://lichess.org/NLOK8h0L#63,,
01a8M,8/p2R1pkp/1p1R4/8/4PP1K/2r3rP/P7/8 w - - 13 34,d7a7 g3h3 h4g5 c3g3 g5f5 h3h5,1181,89,90,1322,endgame long mate mateIn3 rookEndgame,https://lichess.org/JuRsjYiE#67,,
01aAR,4k3/R3P3/1p3Kpp/2p5/2P5/1r6/4p1P1/8 b - - 2 37,b3e3 a7a8 e8d7 a8d8 d7c7 e7e8q e3e8 d8e8,1486,77,97,4553,advancedPawn crushing deflection endgame exposedKing promotion rookEndgame veryLong,https://lichess.org/yVcg1co8/black#74,,
01aBw,5k1r/R5p1/b4n1p/5P1q/5B2/P2p4/6PP/4Q1K1 b - - 0 26,a6b5 e1e7 f8g8 e7g7,1658,75,88,404,mate mateIn2 middlegame short,https://lichess.org/heBgVFGc/black#52,,
01aC9,1r2q1k1/b1p2p1p/p4p2/2Pp1b2/2nP4/P1N2PP1/1B1Q2BP/5RK1 w - - 0 25,d2f4 b8b2 f4f5 b2g2,2355,94,90,1396,crushing hangingPiece middlegame short,https://lichess.org/iY0xf1rb#49,,
01aGC,3Q3k/6pp/8/2p1q3/P3p3/3p3P/1rr2PP1/1R3RK1 b - - 3 29,e5e8 d8e8,499,89,65,90,backRankMate endgame hangingPiece mate mateIn1 oneMove,https://lichess.org/czq7d70n/black#58,,
01aGP,r3r1k1/1pp1qppp/p1nb1n2/3p3b/8/1P1PPN1P/PBPNBPP1/R2Q1RK1 w - - 5 12,f3d4 e7e5 g2g3 h5e2 d4e2 e5b2,2206,79,79,65,advantage long middlegame,https://lichess.org/xcIyOKTR#23,Nimzo-Larsen_Attack Nimzo-Larsen_Attack_Classical_Variation,
01aGQ,1Q4k1/p7/2q4p/1p4p1/4R3/2P3P1/r6P/6K1 b - - 1 36,g8g7 e4e7 g7g6 b8g8 g6h5 g8f7 h5g4 h2h3 g4g3 e7e3 g3h4 f7a2,2238,94,90,1192,crushing endgame fork veryLong,https://lichess.org/nT9AptbY/black#72,,
01aI3,r1q1r1k1/1b1p1p1p/p1nBp1p1/1p4P1/4B2P/2PQ2P1/P1P5/R4RK1 b - - 0 19,c6e7 d3f3 e7f5 e4b7,1953,79,91,1839,crushing middlegame short,https://lichess.org/RDPtH98N/black#38,Sicilian_Defense Sicilian_Defense_Pin_Variation,
01aM3,2k4r/B1p2p2/1p1b1pb1/P6p/1PB1P1P1/2P2Q1P/1q1r1PK1/R6R w - - 1 23,a5b6 d2f2 f3f2 g6e4 g2g1 b2a1,2036,76,87,127,advantage deflection fork interference long middlegame pin sacrifice,https://lichess.org/EGpArMRn#45,,
01aP5,6rk/3Q2bp/p2p4/q4p2/P7/2p4P/2P5/K3R1R1 b - - 8 34,a5b4 d7g7 g8g7 e1e8 g7g8 g1g8,1453,80,88,125,endgame long mate mateIn3 sacrifice,https://lichess.org/Y9TYZm8S/black#68,,
01aP9,r2q1rk1/1b1n2b1/p5P1/1pp1pp1Q/4p3/2PPB2R/PPN3PP/R5K1 b - - 0 19,f8f6 h5h7 g8f8 e3h6 g7h6 h3h6,2245,78,90,364,advantage kingsideAttack long middlegame,https://lichess.org/YgryVpMg/black#38,,
01aSR,8/1p2qkpQ/p2p1r1p/3Pp3/7P/3R4/PPr2P2/5RK1 b - - 1 26,f6g6 d3g3 e7f6 h4h5 g6g5 h7c2,1758,283,0,15,crushing defensiveMove endgame long,https://lichess.org/yIYhwNlU/black#52,,
01aTs,2r5/p3n2k/3Q2pp/4pp2/2Bb1P1q/8/P5PP/R4R1K b - - 2 26,c8c4 g2g3 e7c8 d6d4 c4d4 g3h4,2347,103,90,888,advantage long middlegame,https://lichess.org/ouBpWsTh/black#52,,
01aXE,b4rk1/p4p2/2q4p/2p5/2Pb2p1/PR3PP1/1PQ3KP/2B1R3 w - - 0 31,c2e4 g4f3 b3f3 c6e4 e1e4 a8e4,1405,74,94,8429,crushing long middlegame pin,https://lichess.org/eY7ivAoZ#61,,
01aXt,2rqr3/7k/1pb1p1pp/p2pPp2/2pP1B1P/P1P2NQ1/1P1R1PP1/6K1 b - - 0 38,h7g7 h4h5 g6g5 f3g5 e8g8 g5e6,1975,81,80,51,advantage discoveredCheck doubleCheck long middlegame pin,https://lichess.org/SqRPx2OQ/black#76,,
01aZf,4r1k1/p1p1qppp/1p1p4/4r3/2b5/7P/PP1QBRP1/R2N1K2 w - - 0 24,d1e3 c4e2 f2e2 e5e3 d2e3 e7e3 e2e3 e8e3,1744,76,72,64,advantage middlegame veryLong,https://lichess.org/xb4iOu5L#47,,
01abk,8/6pp/2p2p2/7P/1k6/p2K4/B4P2/8 w - - 1 42,d3d4 g7g5 h5g6 h7g6 d4d3 g6g5 d3c2 f6f5,2803,112,88,228,bishopEndgame crushing defensiveMove endgame quietMove veryLong,https://lichess.org/2CRW7uvj#83,,
01acW,2kr4/ppp4p/6p1/5p2/1bPrp3/1P1P3P/P1B1KPP1/3R3R w - - 0 19,d3e4 d4d2 d1d2 d8d2 e2f3 d2c2,1691,75,96,11658,collinearMove crushing endgame fork long,https://lichess.org/VpsvXcpI#37,Alekhine_Defense Alekhine_Defense_Scandinavian_Variation,
01akv,7r/p1Q2k1p/1p4p1/2pq1r2/3p4/2PP4/PP3P1P/4RRK1 b - - 4 24,f7f6 c7e7,986,90,95,1706,endgame mate mateIn1 oneMove,https://lichess.org/ebzMkU8Q/black#48,,
01aqB,r2n1rk1/pbq4p/1p1pp1pQ/1P2p3/P1P1P1N1/5PP1/4N1KP/2R2R2 b - - 2 35,d8f7 g4f6 g8h8 h6h7,1070,85,76,50,kingsideAttack mate mateIn2 middlegame short,https://lichess.org/dEm9AbIz/black#70,,
01av5,r2qk2r/pp2bpp1/2p1b2p/3n4/2Q5/2N2N2/PPP2PPP/R1BR2K1 w kq - 2 13,c4a4 d5c3 a4c6 b7c6,1436,96,74,48,crushing master opening short,https://lichess.org/PY1Dltoi#25,Italian_Game Italian_Game_Two_Knights_Defense,
01awh,3r3k/pQ2b1pp/8/8/2p2q1n/2B2p2/PP3P1P/1K4NN w - - 0 27,b7e7 d8d1 b1c2 f4c1,1168,82,93,3734,fork mate mateIn2 middlegame short,https://lichess.org/vReSWTIq#53,,
01axW,r5k1/4rpp1/p2b1R2/1ppPq1N1/8/2NQ3P/PP6/5RK1 b - - 0 24,g7f6 d3h7 g8f8 h7h8,1019,80,81,65,mate mateIn2 middlegame short,https://lichess.org/LrYBJ11m/black#48,,
01ayA,r3r1k1/p4ppp/2p5/3p4/3bbPP1/2N4q/PPPQ3N/4RRK1 w - - 2 22,d2d4 h3g2,1034,98,81,52,mate mateIn1 middlegame oneMove,https://lichess.org/w6R9zYaz#43,,
01b3S,r2q1r1k/4b1p1/p3b2p/4B1pQ/2p1P3/1P1p3P/P2P1P2/2KR2R1 b - - 0 22,c4b3 h5h6 h8g8 h6g7,1346,76,93,1139,kingsideAttack mate mateIn2 middlegame pin short,https://lichess.org/wBiesuqt/black#44,,
01bFK,5k2/8/p2p3K/2p3pP/P1PpP1P1/3P4/1b6/8 b - - 0 52,d6d5 e4d5 b2c1 h6g6,1769,76,88,294,bishopEndgame crushing endgame short,https://lichess.org/wsgR6AfE/black#104,,
01bFi,8/5k2/6R1/6K1/8/3r4/8/8 w - - 1 58,g5h6 d3h3 h6g5 h3g3 g5f4 g3g6,918,76,100,135,crushing deflection endgame long master rookEndgame skewer,https://lichess.org/0u2RuPHq#115,,
01bG0,8/5pk1/4P1p1/2p5/4Q1P1/3P2KP/4R3/rq6 b - - 0 45,f7e6 e4e5 g7h7 e5c7,1443,78,61,106,crushing endgame short,https://lichess.org/HyWQ0QSQ/black#90,,
01bPd,2r2rk1/p2q2pp/1p2p1n1/3pP1N1/1P3P2/P3Q3/2R3PP/2R3K1 b - - 0 24,g6f4 c2c8 f4e2 e3e2,1036,76,68,386,crushing middlegame short,https://lichess.org/bOZ1gEes/black#48,,
01bQH,4k3/3r2pp/3P1p2/2PK1P2/1P6/7P/8/8 b - - 2 38,e8d8 c5c6 d7a7 b4b5 a7a5 d5c4 a5a2 b5b6,2936,105,84,344,crushing endgame quietMove rookEndgame veryLong,https://lichess.org/8yfQlfqF/black#76,,
01bS3,3r1rk1/2p2ppp/p1n1p1bq/1pN4n/3P4/P1B2P2/1P2B1PP/2RQR2K w - - 6 20,c5a6 h5g3 h1g1 h6e3,1624,92,83,68,kingsideAttack mate mateIn2 middlegame pin short,https://lichess.org/7WR956me#39,,
01bSB,8/8/p7/k1Q5/2K5/8/8/7q b - - 1 52,a5a4 c5b4,966,80,89,878,endgame mate mateIn1 oneMove queenEndgame,https://lichess.org/81CUVIR4/black#104,,
01bWU,8/4kp2/7p/p2Pp1pP/2p3P1/5K2/PP3P2/8 b - - 2 45,e7d6 f3e4 a5a4 a2a3 f7f6 e4f5 d6d5 f5g6 d5d4 g6h6,2734,96,79,164,advantage endgame pawnEndgame quietMove veryLong zugzwang,https://lichess.org/aUFPa2OM/black#90,,
01bbw,4R3/8/2n3pp/pp6/1k6/1P1P3P/P3KP2/8 w - - 6 50,e8e6 c6d4 e2e3 d4e6,656,98,82,157,crushing endgame fork short,https://lichess.org/sDSfDAKO#99,,
01bgV,r3r1k1/3b1p2/pp1q2pp/8/4B3/1NP4P/PP4PK/RQB5 w - - 1 32,g2g3 d6e7 c1h6 e7e4 b1e4 e8e4,2660,88,85,69,advantage long middlegame,https://lichess.org/5sut7pQP#63,,
01bhX,r4rk1/p1p1bppp/2pp4/8/7q/1P2B1P1/P1PQ1P1P/3RR1K1 b - - 0 16,h4f6 e3d4 f6g5 f2f4,1925,78,72,285,advantage middlegame short,https://lichess.org/wPJxdbSJ/black#32,Four_Knights_Game Four_Knights_Game_Spanish_Variation,
01bhr,8/R1R2ppk/3qp1bp/pB6/P7/4P2P/5QPK/3r4 w - - 11 34,f2g3 d1h1 h2h1 d6g3,1096,81,78,219,advantage deflection middlegame short,https://lichess.org/Udi1oVk2#67,,
01bkF,8/p1q3k1/6r1/3ppR2/7Q/7P/P5PK/8 w - - 6 54,f5g5 e5e4 h4g3 c7g3,1175,77,93,430,crushing discoveredAttack discoveredCheck endgame master short,https://lichess.org/xQUIn6nX#107,,
01blK,8/p1P5/3p2k1/P1Pq1p1p/1P3Q1P/6P1/5RK1/1r6 w - - 3 45,g2h2 b1h1,881,86,58,152,endgame mate mateIn1 oneMove,https://lichess.org/gUVg1MDR#89,,
01bwq,r1b2k1r/pppq1ppp/1n6/1B1PQ1B1/8/2P5/P4PPP/R3K2R b KQ - 2 15,d7d6 e5e8,1228,77,96,12561,mate mateIn1 middlegame oneMove,https://lichess.org/uePe07RD/black#30,French_Defense French_Defense_Chigorin_Variation,
01bxA,5rk1/p5pp/8/6N1/2Q5/8/Pq3P1P/1b3RK1 b - - 3 30,g8h8 g5f7 h8g8 f7h6 g8h8 c4g8 f8g8 h6f7,1737,81,82,1849,discoveredCheck doubleCheck endgame mate mateIn4 sacrifice smotheredMate veryLong,https://lichess.org/wWcUqm1E/black#60,,
01bxe,2r2rk1/p2R1pbp/3pB1p1/8/4P1Q1/q2P2P1/5PKP/8 b - - 0 25,h7h5 g4g6 a3c1 d7f7 f8f7 g6f7 g8h8 f7h5,2402,102,89,333,crushing middlegame pin veryLong,https://lichess.org/3OKK4Maz/black#50,,
01bzQ,8/pQ3pkp/4r3/2BNb1p1/8/6q1/P5P1/1R3K2 w - - 1 34,b1b3 g3g4 d5e3 e5g3,2314,104,81,21,advantage clearance defensiveMove middlegame short,https://lichess.org/6NmQ4eBI#67,,
01bzW,5r1k/6p1/2BR3p/1Nn5/p7/P4PPn/1P2r2P/3R2K1 w - - 1 33,g1h1 h3f2 h1g1 f2d1,942,98,96,1843,advantage fork master middlegame short,https://lichess.org/sOzJkv67#65,,
01c1h,4r1k1/QP2pq2/3p2r1/3N4/4P3/8/P4p1P/1R3R1K w - - 2 30,b7b8q f7f3,1442,88,67,787,mate mateIn1 middlegame oneMove,https://lichess.org/HZh6fMAQ#59,,
01c20,2kr3r/Qpp3pp/6n1/nq1Pp1p1/4B1P1/BbP4P/1P6/2KRR3 b - - 2 24,b3d1 e4f5 d8d7 a7a8,1504,76,94,1223,mate mateIn2 middlegame pin short,https://lichess.org/Jd252txs/black#48,,
01c3W,3r1rk1/ppp1qp1p/6p1/8/4p1b1/3BP3/PPP2RPP/RN3QK1 w - - 0 17,d3c4 d8d1 f1d1 g4d1,1107,78,94,559,advantage middlegame pin short,https://lichess.org/wrZ2jZ8s#33,Italian_Game Italian_Game_Giuoco_Pianissimo,
01c49,4r2k/ppp5/6p1/3Bn1Np/3B1r2/3P4/PPP1K3/R7 w - - 0 29,d4e5 e8e5 d5e4 e5g5,1046,76,84,416,crushing endgame fork master short,https://lichess.org/4r3yTJAt#57,,
01c65,2kr3r/p1p2pp1/3b1n1p/1B2p3/3n2b1/2NPB3/PPPN1P1P/R3KR2 w Q - 2 15,b5c4 d4c2,828,78,100,101,mate mateIn1 middlegame oneMove,https://lichess.org/DQUlPcMu#29,Italian_Game Italian_Game_Two_Knights_Defense,
01cFH,8/8/p7/5p1P/4p3/4k3/6P1/3K4 b - - 0 42,e3f4 h5h6 f4e5 h6h7,633,100,90,467,advancedPawn crushing endgame pawnEndgame short,https://lichess.org/Z0vlgtwT/black#84,,
01cHu,4r1k1/2q1Ppp1/2pR1n2/p4NpP/8/PQ6/2P5/2K5 w - - 1 31,d6f6 g7f6 f5h6 g8h8 h6f7 h8g7 h5h6 g7g6,2647,81,94,398,advantage endgame hangingPiece veryLong,https://lichess.org/vjALO2rC#61,,
01cKS,k1r4r/3bbppp/1Qn1qn2/1N6/5B2/5N2/PPP2PPP/R4RK1 b - - 4 17,f6d5 b6a6 c6a7 a6a7,1505,77,97,2984,mate mateIn2 middlegame queensideAttack short,https://lichess.org/1ZJXmvgu/black#34,Scandinavian_Defense Scandinavian_Defense_Gubinsky-Melts_Defense,
01cUP,3r2nr/p1p1kpp1/Qp5p/2b3q1/8/2N5/PP3PPP/R3R1K1 b - - 1 20,e7f6 c3e4 f6g6 e4g5,919,105,95,775,advantage fork middlegame short,https://lichess.org/J0cShPYb/black#40,,
01cVL,8/8/5p2/1p1p1k1p/p1pP3P/P1P2KP1/1P6/8 w - - 0 51,f3e3 f5g4 e3f2 f6f5 f2g2 f5f4 g3f4 g4f4,1469,84,94,16929,crushing endgame pawnEndgame quietMove veryLong,https://lichess.org/ejlfRa6r#101,,
01cXb,7k/6p1/5r1p/4p3/1qpp4/5PP1/Q3P1KP/1R6 b - - 1 31,b4c3 a2a8 h8h7 a8e4 f6g6 b1b6 c3c2 e4c2,2253,82,84,52,crushing endgame pin veryLong,https://lichess.org/aAqPmCAF/black#62,,
01cZp,3k4/6Q1/6n1/7p/p1q1P1pP/P1B5/1P5P/7K w - - 6 39,g7g6 c4f1,591,82,100,134,endgame mate mateIn1 oneMove,https://lichess.org/60Sde0tT#77,,
01cbJ,r2q1rk1/pb2p1b1/1p1pNnQ1/2p4p/3P3P/2P1P1B1/PP3P2/R3K1R1 b Q - 2 17,d8e8 g6g7,946,78,100,195,kingsideAttack mate mateIn1 middlegame oneMove,https://lichess.org/bfSlB0GS/black#34,English_Defense English_Defense_Other_variations,
01chU,1N4k1/7p/PR1n2r1/1b6/1P3R2/3p3r/1P4P1/4N1K1 w - - 0 45,e1d3 h3d3 a6a7 d3d1,1993,114,100,42,equality hangingPiece middlegame short,https://lichess.org/sEbtzZxR#89,,
01ciN,8/1b4k1/3P1qpp/2Q5/8/5P2/6PK/8 b - - 4 41,f6e6 c5c7 g7f6 d6d7 e6d7 c7d7,1708,77,79,55,advancedPawn crushing endgame fork long,https://lichess.org/jYh4O3xf/black#82,,
01clX,8/8/2p2k2/1p2rp2/p2R2pP/P1P3P1/5PK1/8 b - - 2 47,e5d5 d4d5 c6d5 g2f1,2418,88,82,316,crushing defensiveMove endgame rookEndgame short,https://lichess.org/SEvRZOSC/black#94,,
01cmV,2rqr1k1/1b2bp1p/p3p1pQ/4P3/1p2N3/8/PPB2PPP/2R2RK1 b - - 2 22,c8c2 e4f6 e7f6 e5f6 d8f6 c1c2,1652,76,93,2584,advantage fork long middlegame,https://lichess.org/VJKWlbR4/black#44,,
01cni,3rqr1k/2p1bppB/p1n1p3/2P5/4Q3/PP2P2P/1B3Pp1/1R4K1 b - - 2 21,e7c5 e4h4 e8e7 h4h5 e7g5 h5g5,2163,82,44,46,crushing long middlegame,https://lichess.org/lm1mZnuZ/black#42,,
01ctt,8/ppp1kpp1/3b3p/3pn2b/3P1B2/2P4P/PPBN1PP1/5K2 b - - 0 23,e5g6 f4d6 e7d6 g2g4 g6f4 g4h5,1711,74,97,12537,crushing endgame long trappedPiece,https://lichess.org/PpkgBgMQ/black#46,,
01cxM,8/4k3/2p3p1/1pP1ppP1/1P1P1P2/3K4/8/8 w - - 0 58,d3e3 e5f4 e3f4 e7e6 f4f3 e6d5,2295,79,90,987,crushing endgame long pawnEndgame,https://lichess.org/ZrdsDYHM#115,,
01cxS,8/8/8/1Pb5/P1k3p1/4p1P1/4K3/4B3 w - - 0 49,e2d1 c4d3 d1c1 d3e2,2067,78,92,211,bishopEndgame crushing endgame short,https://lichess.org/8vbDaFye#97,,
01czg,4kr2/p3n3/2p4Q/2PpP1N1/2pB1p2/q1P5/1r3PPP/1R4K1 w - - 0 29,b1b2 a3a1 b2b1 a1b1,808,78,100,499,backRankMate fork mate mateIn2 middlegame short,https://lichess.org/AXepbRZI#57,,
01d0S,5R2/1pQ3pk/1p1p3p/4q3/3pP3/3P3P/1PP3P1/r5K1 w - - 1 23,g1f2 e5g5 f8h8 h7h8 c7c8 h8h7,1994,80,92,1135,crushing endgame long,https://lichess.org/QKS4eZ7Q#45,,
01d2J,r3r1k1/pp4pp/2pq4/3nNQ1b/3P4/4pP1P/PP2P1B1/1K1R3R b - - 0 19,g7g6 f5f7 g8h8 f7e8 a8e8 e5f7 h8g7 f7d6,1599,73,96,21892,clearance crushing fork middlegame sacrifice veryLong,https://lichess.org/CklaH1ip/black#38,Grob_Opening Grob_Opening_Grob_Gambit,
01d6R,3Q4/p5pk/1p5p/8/3P4/4p3/Pr4PP/6K1 w - - 2 39,d8h4 b2b1 h4e1 b1e1,593,82,72,97,endgame mate mateIn2 queenRookEndgame short,https://lichess.org/qJ3XXvV0#77,,
01d9E,2bR2k1/2q3pp/5p2/1pb1pN2/2p1P1Q1/2P3P1/1P3PBP/6K1 b - - 0 29,c7d8 g4g7,635,95,95,375,endgame kingsideAttack master mate mateIn1 oneMove,https://lichess.org/jmAsmhU1/black#58,,
01dEB,3r2k1/6p1/2p3r1/p1N1p2p/1n6/1P1p1P2/P2R2PP/3R2K1 w - - 0 30,c5d3 g6d6 d3b4 d6d2 d1d2 d8d2,1717,78,69,66,advantage endgame long,https://lichess.org/zKc93vcL#59,,
01dGR,6k1/1p3p2/2p1bQP1/p3Pp2/2P5/1P6/3q1PK1/8 b - - 0 53,d2h6 g6f7 e6f7 f6h6,1440,75,91,1866,advancedPawn crushing discoveredAttack endgame master short,https://lichess.org/ML6wpo8T/black#106,,
01dKC,r1bqk2r/ppp1n1p1/2np1p1p/4pP1Q/2B1P3/2b3N1/PPPP2PP/R1B2RK1 b kq - 1 9,e8d7 c4e6,900,78,91,110,mate mateIn1 middlegame oneMove,https://lichess.org/KMANc1Bu/black#18,Vienna_Game Vienna_Game_Max_Lange_Defense,
01dKr,1Q1k3r/5p2/2r1p3/3pP2q/6p1/3B2P1/2P4n/5R1K b - - 2 35,c6c8 b8d6 d8e8 d3b5 c8c6 b5c6,1421,76,90,4095,exposedKing long mate mateIn3 middlegame,https://lichess.org/xCPIW9r6/black#70,,
01dLk,r2qr1k1/pbp2ppp/1pn2n2/8/3PN3/5NP1/PP2QPBP/R3R1K1 b - - 2 13,c6d4 e4f6 g7f6 e2e8 d8e8 e1e8 a8e8 f3d4,1531,78,93,6857,crushing discoveredAttack kingsideAttack middlegame veryLong,https://lichess.org/57RP5sCb/black#26,Queens_Indian_Defense Queens_Indian_Defense_Capablanca_Variation,
01dME,5r1k/p1q3pp/b1p2b2/2p1Np2/2P1P3/5P2/PQ4PP/1R1R2K1 w - - 1 25,d1d7 c7e5 b2e5 f6e5,1681,74,80,546,advantage middlegame short,https://lichess.org/gqzLbtPb#49,,
01dU7,6k1/5p1p/Q3p3/1p3q2/3r3P/P5P1/5P2/4R1K1 b - - 0 37,d4d2 a6c8 g8g7 c8c3 f5f6 c3d2,1207,76,92,2022,crushing endgame fork long,https://lichess.org/C2Ab5lsj/black#74,,
01dX4,3rr3/4qpk1/5np1/p2p4/3Q4/P1P5/2B2R1P/3R3K b - - 0 29,e7e6 d1f1 d8d6 f2f6 e6f6 f1f6,1926,78,80,77,advantage long middlegame quietMove,https://lichess.org/IWu7R4jW/black#58,,
01ddN,8/1R5R/5bk1/8/1Br4P/4r1PK/8/8 b - - 2 43,c4b4 h4h5 g6f5 b7b4,1392,81,87,44,crushing endgame intermezzo short,https://lichess.org/QomdO44o/black#86,,
01dfQ,r1bq1r1k/1pp3p1/p1np3B/2b4Q/4p3/P2P3P/BPP2PPN/R4RK1 b - - 0 15,g7h6 h5h6,480,86,86,133,kingsideAttack mate mateIn1 middlegame oneMove,https://lichess.org/wiKx3qJi/black#30,Three_Knights_Opening Three_Knights_Opening_Other_variations,
01dgp,2kr3r/2pbqpb1/p2p3p/1p1Q2p1/3N4/BP2P2P/P1P2PP1/2R2RK1 b - - 0 21,g7d4 d5a8,703,86,100,448,mate mateIn1 middlegame oneMove,https://lichess.org/N3iBKjiA/black#42,,
01diX,3r1r1k/ppp2pnp/3b3Q/4q3/2B1N1R1/P4P2/1P5P/2K5 b - - 2 22,e5h5 h6g7,897,76,100,410,kingsideAttack mate mateIn1 middlegame oneMove,https://lichess.org/Wv3qbZNi/black#44,,
01dm7,r2k3r/1bpp1Qpn/p1n4p/1pb1P3/3N3q/1B5P/PPP2PP1/RNB1R1K1 w - - 1 14,e5e6 c6e7 f7f4 h4f4 c1f4 c5d4,2745,121,90,2196,advantage capturingDefender long middlegame quietMove,https://lichess.org/x7l8hJvH#27,Ruy_Lopez Ruy_Lopez_Other_variations,
01dmM,2r2rk1/pp1n1pp1/2p4p/2P5/2qPQ2B/4P3/5PPP/RR4K1 w - - 4 23,b1b7 d7c5 e4e7 c5b7,1700,79,81,227,crushing middlegame short,https://lichess.org/MEodmBZZ#45,,
01do1,5rk1/n2P3p/1p2p1pQ/pP3p2/q3p1N1/8/5PPP/5RK1 b - - 0 34,f5g4 h6f8 g8f8 d7d8q,1121,88,91,1413,advancedPawn attraction crushing endgame promotion short,https://lichess.org/UowkfW4v/black#68,,
01dqX,2r5/p3kp2/1n1bpNp1/1PRp2P1/3P1P2/2PK4/8/2B5 w - - 1 45,c1a3 d6c5 a3c5 e7d8,1789,75,77,73,advantage endgame master short,https://lichess.org/1VD7zcxz#89,,
01dsW,2R2bk1/7p/6p1/3p1p2/1r1Bp3/4P1P1/5PKP/8 b - - 1 36,g8f7 c8f8 f7f8 d4c5 f8f7 c5b4,1555,76,83,245,advantage attraction endgame fork long sacrifice,https://lichess.org/fJOJ9Qw4/black#72,,
01e0H,6k1/5ppp/1r2p3/3p4/rN2n3/P1p1P3/1P3PPP/2RR2K1 b - - 1 23,c3b2 c1c8,599,83,100,93,backRankMate endgame mate mateIn1 oneMove,https://lichess.org/dGF4iXPN/black#46,,
01e0v,1k1r1r2/2p5/pp3p2/3qn1pp/B4n2/1RQ2N2/PP3B2/5R1K b - - 1 35,g5g4 f2b6 c7b6 b3b6,1708,77,93,2669,advantage middlegame queensideAttack short,https://lichess.org/Tknnokbi/black#70,,
01e5j,Q4rk1/5ppp/4p3/1R1p4/2q5/8/P5PP/1R5K b - - 0 23,c4b5 a8f8 g8f8 b1b5,1297,76,82,952,crushing endgame intermezzo short,https://lichess.org/MuXVKVOI/black#46,,
01e8j,8/6k1/4r1p1/7p/4RP1P/5KP1/8/8 b - - 0 39,e6e4 f3e4 g7f6 f4f5 g6f5 e4f4,2027,82,80,51,crushing endgame long zugzwang,https://lichess.org/oIBGbrtd/black#78,,
01e8p,8/8/8/1P6/1rP3kp/p7/P1R3K1/8 w - - 3 52,g2h1 b4b1 h1h2 b1b2 c2g2 g4f3,2197,76,84,106,crushing endgame long rookEndgame,https://lichess.org/3iPUzA6r#103,,
01e9g,8/7p/1p4p1/p1kp1pP1/P4P1P/1PPK4/8/8 b - - 0 32,c5c6 d3d4 c6d6 c3c4 d5c4 b3c4 d6c6 d4e5 c6c5 e5f6 c5c4 f6g7,2740,86,85,391,crushing endgame pawnEndgame veryLong zugzwang,https://lichess.org/q6CYyMnO/black#64,,
01eC5,r4rk1/4q1p1/p1np3p/1p3p2/2b1p3/1B5N/P1PQ1PPP/R2R2K1 b - - 1 20,a8d8 b3c4 b5c4 d2d5 g8h7 d5c6,1429,141,12,26,advantage fork long middlegame,https://lichess.org/0damdSJT/black#40,,
01eFU,8/6pk/8/8/Q2Pp3/P1P5/1PK1q3/8 w - - 1 40,c2b3 e2d1 b3b4 d1a4 b4a4 e4e3,1177,76,82,137,crushing endgame long queenEndgame,https://lichess.org/dq0pNz5P#79,,
01eIm,3rn1k1/p4pbp/1p2p1p1/q1r1P3/2P5/1R3BP1/P1Q1RP1P/B5K1 b - - 3 23,g7e5 e2e5 c5e5 a1c3 a5c5 b3b5 c5c4 b5e5 d8d3 e5e3 d3e3 f2e3,2221,77,82,172,middlegame,https://lichess.org/medu7ImI/black#46,,
01eK0,8/7k/6p1/R6p/P2b4/1b3P1P/6P1/6K1 w - - 2 37,g1f1 b3c4 f1e1 d4c3 e1f2 c3a5,970,79,90,154,crushing endgame fork long,https://lichess.org/umgeIwTg#73,,
01eLD,8/p5qk/1pP5/5Q1p/8/P5P1/6KP/3r4 b - - 7 53,h7h8 f5h5 h8g8 h5d1,1388,75,95,14657,crushing endgame fork short,https://lichess.org/lV0wVwgC/black#106,,
01eLb,8/5k1R/5p2/2K2Npp/4P3/5P2/8/3r2n1 b - - 3 57,f7e6 h7e7,1176,76,95,583,endgame hookMate master mate mateIn1 oneMove,https://lichess.org/KMLOI5ia/black#114,,
01eNq,r7/pb1pq1k1/1p3Rp1/3pr3/8/8/PPP2QPP/5R1K b - - 5 23,e5f5 f6f5 g6f5 f2g3 g7h8 f1f5 a8e8 f5h5,2489,110,90,222,advantage discoveredAttack middlegame veryLong,https://lichess.org/TXuQpwcr/black#46,,
01eV6,8/8/8/p2k3p/P1p4P/2K2P2/8/8 b - - 0 39,d5c5 f3f4 c5d5 f4f5 d5e5 c3c4 e5f5 c4b5 f5e6 b5a5,1291,82,86,397,crushing endgame master pawnEndgame quietMove veryLong,https://lichess.org/6ZRWqWm8/black#78,,
01eYJ,6rr/1p1k1p2/3b4/3p4/3q1P2/7P/2QB1RPK/RN6 w - - 2 32,b1c3 d4f2 c2f5 d7c7 c3d5 c7b8,2028,234,54,5,crushing defensiveMove hangingPiece long middlegame,https://lichess.org/QuzHPLQa#63,,
01ebl,r3r3/2p2pkp/p1p3pb/8/1PPp1P1q/PN1P4/3QPP1P/1R3RK1 w - - 1 19,g1h1 h6f4 d2f4 h4f4,1092,88,83,53,crushing middlegame short,https://lichess.org/fN4zJoqE#37,Zukertort_Opening Zukertort_Opening_Black_Mustang_Defense,
01efr,r2qk2r/1p3pp1/p1np4/3NpP2/4P1pb/1P1B4/1PP3PK/R1BQ1R2 w kq - 0 21,d1g4 h4f2 g4h3 h8h3 g2h3 d8h4 f1f2 h4f2,1537,76,98,4392,advantage discoveredAttack discoveredCheck middlegame veryLong,https://lichess.org/cq999euX#41,,
01ehq,2kr3r/1bpp1ppp/1b4q1/p3Pn2/PpN5/1BpP1P2/1P1BQ1PP/R4R1K w - - 0 18,b2c3 f5g3 h2g3 g6h5,1415,75,95,16897,kingsideAttack mate mateIn2 middlegame sacrifice short,https://lichess.org/KcyZDcQR#35,Ruy_Lopez Ruy_Lopez_Morphy_Defense,
01ei6,r3kbnr/pp3ppp/4q3/2p1P3/8/1PB5/2PQ1PPP/2KRR3 b kq - 4 18,a8d8 d2d8,432,89,100,284,mate mateIn1 middlegame oneMove,https://lichess.org/kUw8pkHj/black#36,Scotch_Game Scotch_Game_Lolli_Variation,
01eme,3r1rk1/pp3ppp/2pP3q/2Q5/8/4nN1b/PP2B1P1/2R1R2K w - - 0 27,g2h3 h6h3 f3h2 h3g2,1478,347,100,3,kingsideAttack mate mateIn2 middlegame short,https://lichess.org/yJPq57Wy#53,,
01epa,r2qr1k1/pb2b3/1p2Q1p1/6Bn/2Pp4/8/PP3PPP/3RR1K1 b - - 0 20,g8f8 g5h6 h5g7 e6g6 e7f6 e1e8 d8e8 g6f6,2072,75,87,227,crushing discoveredAttack exposedKing master middlegame pin veryLong,https://lichess.org/E3wWYLrs/black#40,,
01eqy,6r1/p1qk4/QbN5/3p1p2/8/4P1r1/P6P/1R2R1K1 w - - 0 32,h2g3 c7g3 g1f1 g3g2,1470,79,94,4427,mate mateIn2 middlegame short,https://lichess.org/DH25wLla#63,,
01esB,2rr4/5pkp/2q1p1p1/1b6/p3P3/P3Q3/BP3PPP/2R3K1 w - - 6 28,c1c6 d8d1 e3e1 d1e1,1280,81,54,238,backRankMate endgame mate mateIn2 short,https://lichess.org/cPimZ8KS#55,,
01eue,r7/5pp1/1Pk1p2p/2P5/3Pn3/P2RP3/6PP/5K2 w - - 3 33,d3b3 e4d2 f1e2 d2b3,684,96,84,333,advantage endgame fork short,https://lichess.org/fCKvDgov#65,,
01ew5,8/5p2/4p1p1/1pp1PpP1/3k1P2/PP4P1/3K4/8 w - - 1 36,a3a4 b5a4 b3a4 d4c4 a4a5 c4b5 d2c3 b5a5 c3c4 a5b6,1816,75,94,1594,crushing defensiveMove endgame pawnEndgame veryLong,https://lichess.org/tm3DhXSu#71,,
01ewN,8/6rp/ppp1b2R/2p1k3/5pP1/P1PPnP1P/1P2RK2/8 b - - 4 40,g7d7 e2e3 f4e3 f2e3 e5d6 f3f4,2194,82,87,57,crushing defensiveMove endgame long,https://lichess.org/EASALUiq/black#80,,
01eyQ,r2qk2r/3pppb1/p5pp/1p1n4/3p3B/3P1Q2/PPP2PPP/R3RBK1 b kq - 1 14,d5f6 h4f6 g7f6 f3f6,1258,76,94,4639,advantage master middlegame pin short,https://lichess.org/o185y1l3/black#28,Sicilian_Defense Sicilian_Defense_Closed,
01f0q,r4rk1/ppp1qpp1/1nn1b2p/2b1p3/4N3/2PQ1N1P/PPB2PP1/R1B2RK1 b - - 7 14,a8d8 e4f6 g7f6 d3h7,1092,81,94,520,clearance kingsideAttack mate mateIn2 middlegame sacrifice short,https://lichess.org/BucW5TYg/black#28,Italian_Game Italian_Game_Giuoco_Pianissimo,
01f3b,6k1/8/2P1p1rp/1p1p4/1P1N4/2P2Pn1/1P4P1/1K3n2 b - - 0 35,e6e5 c6c7 e5d4 c7c8q,1140,77,77,131,advancedPawn advantage endgame promotion short,https://lichess.org/VVE6zStV/black#70,,
01f6o,r3kb1r/pp1qp1p1/2npNp2/7p/4Q3/6P1/PPP1PPKP/R1B2R2 b kq - 3 13,h5h4 e4g6,992,83,95,700,mate mateIn1 middlegame oneMove,https://lichess.org/XN9vU90M/black#26,Indian_Defense Indian_Defense_Wade-Tartakower_Defense,
01f7r,3r3k/7p/6p1/4p3/2R1Bp2/q4P1Q/4K1PP/8 w - - 1 39,c4c2 a3e3 e2f1 d8d1,1423,76,91,1405,endgame mate mateIn2 short,https://lichess.org/MvDCJ18n#77,,
01f8j,3R4/5p1k/3p2p1/7p/P7/2Q1P1KP/6P1/1r4q1 b - - 5 30,h7h6 d8h8 h6g5 h3h4 g5f5 e3e4,2042,132,100,15,crushing endgame long,https://lichess.org/20HFMQac/black#60,,
01fBk,7k/8/8/2prp3/1p2Nnp1/1P6/P4RPP/7K w - - 0 40,g2g3 d5d1 f2f1 d1f1,400,109,75,426,endgame mate mateIn2 short,https://lichess.org/FyjclvgD#79,,
01fEB,r4rk1/3b2pp/8/p3Qp2/1pqP4/8/PP4PP/1B2RRK1 w - - 4 22,b1f5 a8e8 e5f4 f8f5 e1e8 g8f7 e8e5 f5f4,2516,93,85,55,crushing middlegame sacrifice veryLong,https://lichess.org/TRg8rGz0#43,,
01fF8,8/6kp/Q5p1/8/2q5/2P4P/5PP1/R3r1K1 w - - 1 33,g1h2 c4f4 g2g3 f4f2,1157,100,92,724,endgame mate mateIn2 short,https://lichess.org/y6oA8usn#65,,
01fG3,1k2Q3/1qp5/1p3p1p/4p3/8/2P1n3/PP1R2rP/7K b - - 3 31,b7c8 d2d8 c8d8 e8d8,1002,78,97,821,advantage endgame master pin short,https://lichess.org/vXvQGcrf/black#62,,
01fHH,r4rk1/pp3ppp/2p2q2/3p4/4n3/1P1BQN2/1K3PPP/3R3R w - - 2 18,b2c2 f6c3 c2b1 c3b3,1102,78,90,1841,crushing deflection middlegame short,https://lichess.org/FaxgZixh#35,Philidor_Defense Philidor_Defense_Other_variations,
01fLN,r2q1rk1/4b1p1/3p2PR/p1nPp3/1p6/5N2/PPPQBP2/2KR4 b - - 0 23,g7h6 d2h6 e7g5 f3g5,1348,83,86,78,crushing middlegame short,https://lichess.org/IiacgoKh/black#46,,
01fP3,r2qkb1r/p1pnp2p/1p4N1/5p1Q/3P4/2N5/PPP2PbP/R1B1K2R b KQkq - 0 11,h7g6 h5g6,798,78,98,399,mate mateIn1 middlegame oneMove,https://lichess.org/B8Qs9R9Z/black#22,Owen_Defense Owen_Defense_Other_variations,
01fTa,3r2k1/6pp/p7/4Bb2/5N2/4RP2/PPr3PP/3K3R w - - 2 25,e3d3 f5d3 f4d3 c2g2 d1c1 d8d3,2265,79,80,133,advantage intermezzo long middlegame pin,https://lichess.org/eNDWgYGn#49,,
01fav,r1b1k2r/ppb1qp2/2p3p1/3P1p1p/2N1nN1P/PB2PQ2/1P3PP1/2KR3R b kq - 0 16,e8g8 d5d6 e4d6 c4d6,1385,80,22,95,crushing fork master middlegame short,https://lichess.org/J58OiqSW/black#32,Trompowsky_Attack Trompowsky_Attack_Other_variations,
01faz,3nrr1k/1ppR2p1/p6p/6NQ/2B2p1P/1P6/P1PK1PP1/q6R b - - 2 22,a1h1 h5h6 g7h6 d7h7,1793,79,91,1961,kingsideAttack mate mateIn2 middlegame pillsburysMate sacrifice short,https://lichess.org/VaOgGVYf/black#44,,
01fds,3Q4/p3Nppk/1p2q2p/2p1b3/2P1p3/4P2P/PP3PP1/6K1 b - - 13 35,e5f6 d8g8,827,102,95,352,endgame mate mateIn1 oneMove,https://lichess.org/FORrDVQR/black#70,,
01feF,8/8/2p3k1/1p1p1p1p/p1nP2PP/P1PK1P2/8/2B5 w - - 0 36,g4h5 g6h5 c1g5 c4a3,1728,76,87,68,crushing endgame short,https://lichess.org/zAkOOVta#71,,
01fsb,3q1rk1/1R3ppp/r5b1/p1bN4/6P1/5N1P/P1P2P2/3QR1K1 w - - 1 18,b7d7 d8d7 d5f6 a6f6 d1d7 f6f3,2027,74,94,3181,advantage hangingPiece long master middlegame,https://lichess.org/8n74QdMs#35,French_Defense French_Defense_Schlechter_Variation,
01fya,1rbR1rk1/5pp1/p3p2p/1p6/4B3/8/PPP2PPP/2KR4 b - - 1 18,f8d8 d1d8,527,82,100,150,endgame mate mateIn1 oneMove pillsburysMate,https://lichess.org/Wx2VGyoR/black#36,Rapport-Jobava_System Rapport-Jobava_System_Other_variations,
01fz7,r2qkb1r/pp1Npppp/4b3/1Np5/Q1P5/8/PP1P1PPP/R1B1R1K1 b kq - 0 13,e6d7 b5d6,1251,77,89,3771,mate mateIn1 middlegame oneMove pin smotheredMate,https://lichess.org/2TXXoWS4/black#26,Sicilian_Defense Sicilian_Defense_Nyezhmetdinov-Rossolimo_Attack,
01g0p,3k4/1q2b3/4P1Q1/1p1b4/2pP4/2P3B1/1P5P/6K1 b - - 0 37,b7c6 g6g8 c6e8 g3c7 d8c7 g8e8,1150,88,93,421,endgame,https://lichess.org/T7E6eT8e/black#74,,
01g8T,4rk2/1r3p2/1p1R2p1/2p2p1b/p1P2B1P/P1P3R1/1P6/2K5 b - - 1 30,f8e7 g3e3 e7f8 f4h6 f8g8 e3e8,1298,76,100,344,endgame,https://lichess.org/DkqFZTzC/black#60,,
01g9c,r4rk1/ppq3pp/8/3pn1B1/8/3B1N1b/PP2NKPb/2RQR3 w - - 0 19,c1c7 e5g4 f2f1 f8f3,1961,76,95,3773,deflection mate mateIn2 middlegame pillsburysMate pin short,https://lichess.org/3lzZihNd#37,,
01g9q,r2qr1k1/pp3ppp/2pb1nb1/3p4/3Pn1PN/2PBB2P/PPQN1P2/2KR3R b - - 2 14,e4f2 e3f2 g6d3 c2d3,1408,77,66,119,advantage hangingPiece middlegame short,https://lichess.org/OEjSdJcr/black#28,French_Defense French_Defense_Knight_Variation,
01gA2,2kr1nQ1/ppp2p2/2n1pq2/3p4/3P4/4P3/PPPN1PPP/R4RK1 w - - 5 15,c2c4 f8g6 g8h7 d8h8,1490,76,93,2000,advantage clearance middlegame quietMove short,https://lichess.org/COyuMP7G#29,Queens_Pawn_Game Queens_Pawn_Game_Accelerated_London_System,
01gBD,2r4k/pb4pp/1p6/3pP3/3Pn3/2PBq1NQ/PP5P/5R1K b - - 4 23,e3d3 h3c8 b7c8 f1f8,1371,79,85,269,backRankMate mate mateIn2 middlegame sacrifice short,https://lichess.org/Oojuy157/black#46,,
01gC2,r6k/1b2q1p1/p3p2p/np4N1/7Q/1BP5/P1P3PP/5R1K w - - 0 23,b3e6 e7g5 h4g5 h6g5,1337,76,77,240,advantage middlegame short,https://lichess.org/GDQPXBvZ#45,,
01gEg,r2r4/ppp2kp1/2P3bp/2P1p3/6P1/2P2NnP/P3K3/RNB4R w - - 1 17,e2e3 d8d3 e3f2 g3h1,1543,78,93,5369,crushing middlegame short,https://lichess.org/95ui1sX7#33,Kings_Gambit_Declined Kings_Gambit_Declined_Classical_Variation,
01gFv,2rr2k1/1p3pp1/p4q1p/8/1P2P3/P2B4/6Q1/R2R3K w - - 1 31,d1f1 f6h4 g2h2 h4h2 h1h2 d8d3,1201,73,96,15286,crushing exposedKing long middlegame,https://lichess.org/6W1cGyrA#61,,
01gGh,8/7p/3p1p2/2pP4/P3k3/1P1p4/6P1/4K3 b - - 3 37,c5c4 b3c4 e4d4 a4a5 d4c4 a5a6 c4d5 a6a7,1302,75,97,2567,advancedPawn crushing endgame pawnEndgame quietMove veryLong,https://lichess.org/BDZyAtZz/black#74,,
01gPh,2rR2k1/p4p1p/q1p1b1p1/4P3/1Q6/2P3P1/7P/3R2K1 b - - 1 30,c8d8 d1d8 g8g7 b4f8,862,78,100,103,endgame mate mateIn2 short,https://lichess.org/QgETDRCg/black#60,,
01gQ1,2kr1b1r/pbp5/1pn1q1pp/3p1p2/3P4/P1P1BQ1B/1P3P1P/R3K1R1 b Q - 1 18,g6g5 h3f5 e6f5 f3f5,908,85,88,101,advantage middlegame pin short,https://lichess.org/4gkLoCF2/black#36,Owen_Defense Owen_Defense_Other_variations,
01gUF,2r2rk1/pQ1b1pp1/5n2/6p1/3N4/4P3/P4PPP/2R3K1 w - - 1 26,c1c7 c8c7 b7c7 f8c8 c7c8 d7c8,1998,79,92,827,advantage clearance long master middlegame,https://lichess.org/vte7TFHA#51,,
01gcG,2r2rk1/pp3ppp/2n5/q2p4/3Pn3/P1P2B2/2QB1PPP/R1R3K1 b - - 0 16,c6d4 c3d4 c8c2 d2a5,1400,76,91,781,advantage discoveredAttack hangingPiece middlegame short,https://lichess.org/OdG6fwEN/black#32,Queens_Pawn_Game Queens_Pawn_Game_London_System,
01gep,1r2qrk1/7p/3pp2P/1np2pPN/1pN2P2/pPnP1Q2/P1P2B1K/5R2 b - - 8 29,c3a2 h5f6 f8f6 g5f6 a2c3 f1g1 g8h8 g1g7,2161,79,86,222,advantage fork master middlegame veryLong,https://lichess.org/4FlpqYQT/black#58,,
01ghr,8/8/5k2/6p1/r2RK1P1/5P2/8/8 b - - 51 68,a4d4 e4d4 f6e6 d4e4,1100,92,95,579,crushing defensiveMove endgame short zugzwang,https://lichess.org/KxPFdOcY/black#136,,
01gjE,1Q2n1kr/r4ppp/q7/bbB5/4p3/2P1P3/P3NPPP/RN2K2R w KQ - 8 21,c5a7 a5c7 b8a8 b5c6 a8c6 a6c6,1935,106,100,50,equality long middlegame trappedPiece,https://lichess.org/VupKq5vL#41,,
01gjc,Q4nk1/1P4p1/8/3P4/4pp1P/5b2/B4Bq1/4K3 b - - 6 51,g2h1 e1d2 e4e3 f2e3,1318,98,54,32,crushing endgame short,https://lichess.org/JLIKz9g5/black#102,,
01gjj,2r5/6k1/R7/P3p3/4P3/KP1qB3/1P3P2/8 b - - 0 37,c8c5 a6a7 g7f6 e3c5,1887,76,93,836,crushing endgame short,https://lichess.org/7onzRGb1/black#74,,
01gkL,r1b2bkr/ppp2Np1/3pPq1p/4n3/3Q4/8/PPP2PPP/RNB1K2R w KQ - 2 12,f7h8 e5f3 g2f3 f6d4,1204,77,92,4182,crushing discoveredAttack opening short,https://lichess.org/e9vKK71P#23,Scotch_Game Scotch_Game_Scotch_Gambit,
01gl3,3q1r1k/6pp/3p2p1/pppP4/5RP1/3P4/PPPQ4/2K5 b - - 0 25,d8g5 f4f8,486,104,92,844,backRankMate endgame hangingPiece mate mateIn1 oneMove,https://lichess.org/bOcbS0JU/black#50,,
01gpx,4k3/7r/p1PPK3/4P2p/1p6/8/7P/8 b - - 0 51,b4b3 d6d7 e8d8 e6d6 h7h6 e5e6 h6e6 d6e6 d8c7 e6e7,2077,86,91,974,advancedPawn crushing defensiveMove endgame rookEndgame veryLong,https://lichess.org/TG0Tay8m/black#102,,
01gro,r3k2r/ppp4p/3qpQp1/5n2/4R3/2P1P2P/P4PP1/5RK1 b kq - 9 22,h8f8 e4e6 f5e7 e6d6 f8f6 d6f6,1440,79,93,6101,crushing fork long middlegame,https://lichess.org/PFf1RsLm/black#44,,
01gyY,8/R1b3r1/8/1pPk4/1P2p3/P3B3/8/5K2 w - - 4 42,f1e1 c7g3 e1f1 g7a7,1194,79,92,411,crushing discoveredAttack endgame master short,https://lichess.org/ybiSNr9H#83,,
01gzV,1k1n1r2/p4N2/1p2q3/2p1P3/2Pp1QP1/1P6/P7/1K3R2 w - - 3 39,f4f6 e6f6 e5f6 d8f7,2229,150,0,18,advantage capturingDefender endgame short,https://lichess.org/l1e6Qevu#77,,
01h0o,5rk1/p2b3p/qp1Q1pp1/3N3n/4P3/5P2/P3N1PP/1Rr4K w - - 0 28,e2c1 a6f1,483,105,96,773,mate mateIn1 middlegame oneMove,https://lichess.org/k3tzWcrQ#55,,
01h0u,3r1Q1k/2qrb1pp/p1p5/4P3/3P4/5R2/PP2N1PP/5R1K b - - 4 26,e7f8 f3f8 d8f8 f1f8,944,150,54,23,backRankMate mate mateIn2 middlegame short,https://lichess.org/kyoAi2QJ/black#52,,
01h1x,7r/p5pp/2p1b3/N2k4/3p4/8/Pr3PPP/2R1R1K1 b - - 1 26,c6c5 a5c4 b2a2 e1e5 d5c6 e5e6,1923,75,92,345,advantage deflection endgame long,https://lichess.org/yvyXkZ5v/black#52,,
01h56,r3n3/2q1b1kp/3p2p1/2n2N2/2B1P3/8/1Pp2B2/1NKR3R b - - 1 29,g7h8 h1h7 h8h7 d1h1 e7h4 h1h4,1712,77,94,3583,attraction long master masterVsMaster mate mateIn3 middlegame pillsburysMate sacrifice,https://lichess.org/uaj4IOa9/black#58,,
01h8e,5nrk/r3q1nQ/1p2p3/p1ppPpNP/3P1N2/2P2P2/PP6/R3K2R b KQ - 0 23,f8h7 f4g6,1352,178,53,42,master mate mateIn1 middlegame oneMove smotheredMate,https://lichess.org/2OatTzfl/black#46,,
01hEW,r1b2rk1/pp2Bpb1/2p3pp/3p1p2/3P4/2q5/P4PPP/R2QRBK1 b - - 1 19,g7d4 a1c1 d4f2 g1f2,1981,75,89,129,advantage middlegame short,https://lichess.org/ubcncpTf/black#38,Pirc_Defense Pirc_Defense_Other_variations,
01hEk,4r2r/p1p2kp1/2p2p2/2Qb4/8/2B3Nq/PPP2R1P/R5K1 w - - 10 30,a1f1 h3g3 h2g3 h8h1,1580,74,95,5015,clearance kingsideAttack mate mateIn2 middlegame operaMate sacrifice short,https://lichess.org/snjYKorv#59,,
01hHF,8/3bkpp1/7p/2PB4/1K6/p5P1/5PP1/8 b - - 6 44,d7e6 d5e6 e7e6 b4a3,1566,80,94,1680,bishopEndgame crushing endgame master short,https://lichess.org/4uIwx0C8/black#88,,
01hIg,8/4k3/6p1/4PpP1/8/4K3/8/8 w - - 1 60,e3f3 e7e6 f3f4 e6d5,982,97,73,33,crushing endgame pawnEndgame short,https://lichess.org/9S7lBSA1#119,,
01hK4,r3k2r/1pp2ppp/p1qb1n2/3P4/4p3/1P1PPQ1P/PB1N1PP1/R3K2R b KQkq - 0 12,e4f3 d5c6 f3g2 h1g1,1429,77,86,191,advantage master middlegame short,https://lichess.org/FMvY8qFx/black#24,Nimzo-Larsen_Attack Nimzo-Larsen_Attack_Classical_Variation,
01hL1,3qr1k1/1b3pp1/p2p1b2/1p6/1P2PBQ1/P1pP1P2/B5PP/4R1K1 w - - 0 21,g4g3 f6h4 g3g4 h4e1,1809,76,94,6680,crushing middlegame short skewer,https://lichess.org/jJjiVlE0#41,,
01hOX,r1bq2k1/pppprpp1/5n1p/3N4/2P1P2B/3Q4/PP3PPP/R3K2R b KQ - 0 13,e7e4 d3e4 f6e4 h4d8,1487,76,94,19919,crushing middlegame short,https://lichess.org/8Ex4kCQG/black#26,Indian_Defense Indian_Defense_Normal_Variation,
01hRk,3k3r/ppNb4/3B1p2/6pp/2B1P1n1/3P2K1/PPn3PP/7R w - - 0 19,h2h3 h5h4 g3f3 c2d4,1403,77,94,4176,mate mateIn2 middlegame short,https://lichess.org/bJFjAHbe#37,Bishops_Opening Bishops_Opening_Boi_Variation,
01hYA,8/r1P4p/3K2p1/3p1p2/pP5P/Rbk1P1P1/8/8 b - - 0 51,a7a8 b4b5 c3b4 b5b6,2197,76,85,85,crushing endgame master quietMove short,https://lichess.org/LLQAp4HH/black#102,,
01hbV,3r2k1/1q3n1p/6p1/2PB1p2/1P6/2Q1P3/2P2PPP/6K1 w - - 0 31,d5b7 d8d1 c3e1 d1e1,585,86,74,526,backRankMate endgame mate mateIn2 short,https://lichess.org/MIAJyKTV#61,,
01hcF,r4q1k/1b1n1P1p/p3r1p1/1pp5/3pNQN1/8/PPP2PPP/3RR1K1 b - - 0 24,b7e4 e1e4 e6e4 f4e4,1152,91,93,757,advantage middlegame short,https://lichess.org/nnopCmHP/black#48,,
01hdS,2r2b1r/pp3ppp/8/3Npk2/8/8/PPP2PPP/R3K2R b KQ - 2 15,c8c2 d5e3 f5e6 e3c2,765,77,100,188,advantage endgame fork short,https://lichess.org/D7ZmENTi/black#30,Three_Knights_Opening Three_Knights_Opening_Other_variations,
01hf5,8/1p4kp/5Qp1/3pP2r/4qP2/8/P1rB1R2/6K1 b - - 2 34,g7h6 f6f8,1763,79,92,1342,endgame master mate mateIn1 oneMove,https://lichess.org/YwXd4Syf/black#68,,
01hgA,3q4/Q1R3k1/1p2p2p/1P1p4/2pP4/4P3/7r/4K3 b - - 0 46,g7f6 c7f7 f6g5 f7g7 g5h4 a7f7 d8g5 g7g5,1698,76,94,5261,advantage clearance endgame veryLong,https://lichess.org/RK5LWJwi/black#92,,
01hhL,7R/p4Q2/6pk/2p1r3/2P1b3/1P4P1/Pq5P/6K1 b - - 2 54,h6g5 f7f4,1561,88,83,222,endgame mate mateIn1 oneMove,https://lichess.org/jHorbaMf/black#108,,
01hmS,r4rk1/p4ppp/Q7/3pb3/1B1Np2q/P3P3/4BPK1/1RR5 w - - 3 26,b4f8 h4h2 g2f1 h2h1,1183,77,86,807,mate mateIn2 middlegame short,https://lichess.org/FMCNOXPz#51,,
01hqi,r1b2rk1/pp2bppp/1qn1pn2/3pN3/3P1P2/3BP3/PP1N2PP/R1BQ1RK1 b - - 4 10,c6d4 e3d4 b6d4 g1h1,1742,81,69,47,advantage opening short,https://lichess.org/qCVvt9s6/black#20,Indian_Defense Indian_Defense_Other_variations,
01hsz,r4rk1/pp3ppp/8/2P1q3/1Q1n4/1P2p3/b1PN1PPP/2KR1B1R w - - 0 17,d2c4 d4e2 f1e2 e5a1,2021,77,86,243,clearance mate mateIn2 middlegame queensideAttack sacrifice short,https://lichess.org/VdlMjcA3#33,French_Defense French_Defense_Exchange_Variation,
01hy9,3r4/p4kp1/8/1pP1r3/4N2P/1P2KP2/P7/6R1 b - - 0 38,d8c8 e3d4 c8c5 e4c5,2106,75,86,271,crushing endgame master short,https://lichess.org/6KAd7bDI/black#76,,
01hzW,3r4/1p5p/2kb3R/p4pP1/Prp2P2/K3P1N1/1P6/3R4 w - - 0 34,g3f5 b4a4 a3a4 b7b5 a4a5 d8a8,2124,103,49,18,attraction discoveredCheck doubleCheck endgame long mate mateIn3 pillsburysMate sacrifice,https://lichess.org/084UsBdW#67,,
01i0G,6k1/8/p2b1q2/1p1p4/1P1P3p/P2Q2P1/5PK1/4R3 w - - 0 38,d3f3 h4h3 g2h3 f6f3,1268,74,97,4416,crushing deflection endgame short,https://lichess.org/75bbZXr4#75,,
01i0h,r4rk1/1ppbqpNp/7P/3P4/2PBP1p1/6b1/3Q2P1/2R2K1R b - - 6 28,e7e4 g7h5 g3e5 d2g5 e4g6 g5e5,2228,75,83,180,crushing deflection kingsideAttack long middlegame,https://lichess.org/YLdDEAwS/black#56,,
01i1O,3r2k1/pp3r2/6p1/2q1p3/3b2b1/4B3/P4QPP/1RR3K1 w - - 0 24,f2f7 g8f7 c1c5 d4e3,1649,108,79,21,crushing master middlegame short,https://lichess.org/98An8Xbf#47,,
01i1R,r7/ppp2Rpk/2n1Q2p/3p4/4P3/P2Pq2P/2P3PK/8 b - - 1 21,c6d8 e6f5 h7h8 f7f8,1001,80,79,45,endgame mate mateIn2 short,https://lichess.org/vWayUE13/black#42,,
01i25,r2q1rk1/pbp2ppp/1pnbpn2/3pN3/3P4/2P1P1B1/PP1NBPPP/R2QK2R b KQ - 3 9,c6e5 d4e5 d6e7 e5f6,1241,78,86,366,advantage fork opening short,https://lichess.org/bQi4COjS/black#18,Indian_Defense Indian_Defense_Other_variations,
01i3C,6k1/2p2pp1/4p1np/1R6/3Pb3/2P2NB1/5PPP/r5K1 w - - 1 24,f3e1 a1e1,677,92,74,355,endgame hangingPiece mate mateIn1 oneMove,https://lichess.org/30wb4u3H#47,,
01i3o,5r1k/p2q2pb/3p4/2r1pPp1/P1p1Q1N1/2P3PP/5RK1/3R4 w - - 8 31,g4e5 d7e8 e5g6 h7g6 e4e8 g6e8,2783,124,89,1729,advantage long middlegame,https://lichess.org/DUJsA70P#61,,
01iEi,8/8/4pk2/p1p4p/Pp1pKp2/1P1P2PP/2P5/8 w - - 0 38,g3f4 h5h4 f4f5 e6e5 e4d5 f6f5 d5c5 f5f4,2219,158,45,16,crushing defensiveMove endgame pawnEndgame quietMove veryLong zugzwang,https://lichess.org/FMV2YNpv#75,,
01iF8,5r1k/1p4pp/p5r1/3P4/3Bb2b/2Q5/PP4PP/R4B1K w - - 11 27,a1e1 f8f1 e1f1 e4g2 h1g1 g2f3,2018,77,90,835,discoveredAttack discoveredCheck fork long mate mateIn3 middlegame pillsburysMate,https://lichess.org/N2fOcxqm#53,,
01iJG,r2q1k1r/4ppbp/bp1p1np1/3P4/2P5/5N2/1P1N1PPP/R1B1QRK1 b - - 1 16,a6c4 a1a8 d8a8 d2c4,1799,120,42,17,advantage intermezzo middlegame pin short,https://lichess.org/jJOMKhEt/black#32,Modern_Defense Modern_Defense_Other_variations,
01iLZ,2r3k1/6pp/2b5/3R4/3P4/R3P1BP/5P1K/1r6 w - - 3 34,a3c3 b1h1 h2h1 c6d5 h1h2 c8c3,1677,74,95,24363,attraction crushing discoveredAttack endgame long,https://lichess.org/14MuiCrV#67,,
01iMq,5r2/p1q2nk1/b1p2r1p/3p2pQ/3N2P1/1B2R2P/PPP5/3R2K1 b - - 3 29,f7d6 d4e6 f6e6 e3e6,1386,134,82,15,advantage fork master middlegame short,https://lichess.org/gE1C8Mop/black#58,,
01iN2,r1b1k1nr/pp1p1pbp/4p1p1/2pPP3/4q3/2P5/PP1K2PP/RNBQ1BNR w kq - 0 9,d5d6 g7h6,1564,81,83,421,mate mateIn1 oneMove opening,https://lichess.org/nX88Xou5#17,Sicilian_Defense Sicilian_Defense_Other_variations,
01iOm,r2q1rk1/ppp2ppp/3p4/2b1n3/4PQ2/1BPP3P/PP3PP1/R3KN1R w KQ - 1 13,d3d4 e5d3 e1d2 d3f4,792,101,96,254,crushing fork middlegame short,https://lichess.org/Eu3VAhgZ#25,Italian_Game Italian_Game_Classical_Variation,
01iTZ,r2b1r1k/p2bqppp/3N4/1N6/1P1nBP2/P1Pn3P/6P1/R2Q1RK1 w - - 0 24,c3d4 d7b5 d1h5 f7f5,2503,80,94,560,advantage opening short,https://lichess.org/hCijpZEs#47,,
01iU9,5q1k/pbb5/1p2BnQ1/2p1p3/4P3/8/PPPN1P2/6RK w - - 3 40,g6g8 f6g8 g1g8 f8g8 e6g8 h8g8,1382,78,93,2027,crushing long middlegame,https://lichess.org/eIim0OI7#79,,
01iWH,8/5p1k/6qp/1p3Q2/2bpp3/6PP/2P2R1K/8 w - - 2 34,f5e5 e4e3 f2f4 g6c2,1485,78,84,557,advantage discoveredAttack endgame short,https://lichess.org/DagQIrfS#67,,
01iWy,r1b5/ppp3pp/3k4/4p2Q/1q5P/3B4/P2KR3/4R3 w - - 9 30,d2e3 b4f4,1458,78,91,1680,mate mateIn1 middlegame oneMove,https://lichess.org/oude4fxf#59,,
01iYr,1r2k2r/p2n1ppp/q1Bp4/2p5/4P3/2b5/PP2NPPP/1R1Q1K1R b k - 3 15,c3b2 d1d6 a6c6 d6c6,1570,76,96,15726,crushing middlegame short,https://lichess.org/q9CgHIFz/black#30,Indian_Defense Indian_Defense_Other_variations,
01iaw,8/p2r1k1p/8/8/4P3/3p2P1/PP3K1P/3B4 b - - 3 32,f7e6 d1g4 e6e5 g4d7,942,105,96,1984,crushing endgame master short skewer,https://lichess.org/fJz63hMQ/black#64,,
01ibl,2k5/pb2r3/1pn1R3/2p4q/2B5/2PP2Q1/PP3PP1/6K1 b - - 0 36,e7e6 c4e6 c8d8 g3d6,1845,76,93,712,crushing endgame master short,https://lichess.org/FF1vHRyx/black#72,,
01icD,r4rk1/2p1q1p1/p7/Q2Rp2b/7P/2N1P1B1/PP3P2/2K5 b - - 1 24,a8d8 d5e5 e7d7 e5d5,2558,83,85,595,crushing fork master masterVsMaster middlegame short,https://lichess.org/S74huRTI/black#48,,
01idC,r4rk1/pb3pbp/2q1p1p1/8/N2p1B2/1P1B4/P1P2nPP/1R1QR1K1 w - - 0 18,g1f2 c6g2,1151,79,81,316,mate mateIn1 middlegame oneMove,https://lichess.org/9JokB1WM#35,Sicilian_Defense Sicilian_Defense_Taimanov_Variation,
01idE,8/1n6/1P3N2/3p3k/pP3p2/P4Kp1/8/8 b - - 1 60,h5h4 f6d5 g3g2 f3g2,1351,78,88,579,crushing endgame knightEndgame master short,https://lichess.org/Z4Yo3Lht/black#120,,
01idc,8/8/1r3k2/5p2/R5p1/5nP1/P4PK1/3R4 w - - 1 39,d1d5 b6b1 d5f5 f6f5 a4f4 f5g5 f4f3 g4f3,1853,75,88,404,endgame master,https://lichess.org/f9CR6chP#77,,
01ifd,3bB1k1/1q1P1p1p/6p1/p3B3/Pp2n3/2r4P/4QPP1/3RR1K1 w - - 1 33,e2f3 c3f3 g2f3 e4g5,1938,75,80,189,crushing middlegame short,https://lichess.org/ffSXfkk2#65,,
01ig0,5kn1/5p2/2R2Pp1/1p4r1/1P1P4/r7/3R3K/8 b - - 0 37,g5f5 c6c8,399,92,100,254,endgame mate mateIn1 oneMove,https://lichess.org/hvP3GzUB/black#74,,
01inb,3r3k/p1p3pp/1p6/3P1p2/6nq/P3P3/BPQ1b1PP/2R1R1K1 w - - 12 33,c2e2 h4h2 g1f1 h2h1,1085,80,100,350,kingsideAttack mate mateIn2 middlegame short,https://lichess.org/CrxOZcwc#65,,
01iqw,r3kb1r/1p3pp1/p1p1b3/4p1Bp/4P3/2NQ1PP1/PPP2qBP/R6K b kq - 1 16,f7f6 g5e3 e6c4 e3f2 c4d3 c2d3,1533,76,93,6763,advantage long middlegame trappedPiece,https://lichess.org/4rnErNBz/black#32,Sicilian_Defense Sicilian_Defense_Taimanov_Variation,
01irj,r6r/pp4pp/8/k2R4/PbR5/8/1PP2PPP/2K5 b - - 0 28,a5a4 b2b3 a4a3 d5a5 b4a5 c4a4,1625,75,87,85,endgame long mate mateIn3 sacrifice,https://lichess.org/fC3Zmgz0/black#56,,
01ivK,1nkr1b1r/pppb4/4p1p1/PP3p1q/2PP2p1/6P1/5PBP/RNBQ1RK1 w - - 2 19,c1f4 h5h2,436,91,100,298,kingsideAttack mate mateIn1 middlegame oneMove,https://lichess.org/KxYtGpXu#37,,
01iy8,2r3k1/2P2pp1/6r1/3p2qp/3N2b1/2R1P3/3Q1PPP/2R4K w - - 1 28,c3b3 g4f3 c1g1 f3g2 g1g2 g5g2,1724,75,86,138,long mate mateIn3 middlegame,https://lichess.org/2ku2FXte#55,,
01j3h,4b3/2k5/2p1K3/2PpN3/3P4/8/8/8 w - - 15 56,e5g4 e8d7 e6e5 d7g4,874,79,84,216,crushing endgame short skewer,https://lichess.org/GsdfbRGD#111,,
01j9y,r1b3k1/ppqnbrp1/4Qn1p/5N2/8/1NP5/PP3PPP/R1BR2K1 b - - 2 17,d7c5 f5e7 c7e7 e6e7 f7e7 b3c5,1802,76,88,185,advantage capturingDefender kingsideAttack long middlegame,https://lichess.org/kGoo7xWy/black#34,Caro-Kann_Defense Caro-Kann_Defense_Main_Line,
01jBT,2r3k1/pp3ppp/5n2/3p4/3P4/1P3QP1/PB3RB1/4q1K1 w - - 3 23,g1h2 e1f2 f3f2 f6g4 h2g1 g4f2,1901,79,93,570,advantage attraction fork long middlegame sacrifice,https://lichess.org/uLZlrjWQ#45,,
01jCT,4r1k1/pp3ppp/8/4r3/2R5/2P2Q2/PPq2PPP/R4K2 w - - 3 23,c4c7 e5f5 f3e3 g8f8 c7c8 e8c8,2316,75,94,2167,advantage endgame long,https://lichess.org/tpCnn43s#45,,
01jE5,8/7p/6p1/6Q1/8/2pK1PP1/1r5P/1k6 w - - 10 58,g5c5 c3c2 c5c2 b2c2,1467,80,97,9366,advancedPawn crushing endgame queenRookEndgame short,https://lichess.org/8ruwWI4M#115,,
01jGY,8/6p1/6pp/3RP3/2p3PP/2Pk4/6r1/4K3 b - - 0 54,d3c3 e5e6 g2g1 e1e2 g1g4 d5e5,2487,95,90,676,advantage defensiveMove endgame long rookEndgame,https://lichess.org/212CnKys/black#108,,
01jKd,8/8/2p3p1/p1k4p/P3Pp1P/3K1P2/8/8 b - - 1 41,c5b4 e4e5 b4c5 d3e4,1975,78,79,171227,advantage endgame pawnEndgame quietMove short zugzwang,https://lichess.org/phhI7L7I/black#82,,1609138413538
01jN1,7k/1p4p1/6qp/p7/P2P4/5r1P/1P4p1/2Q1R1K1 b - - 5 35,f3h3 c1c8 h8h7 c8h3,1233,294,100,15,crushing endgame fork master short,https://lichess.org/5ZwYy62B/black#70,,
01jQZ,7r/1p1R1R1p/4p1pk/1p2q1P1/7P/3P3K/5P2/8 b - - 0 40,h6h5 f7h7 h8h7 d7h7,704,92,89,82,endgame mate mateIn2 queenRookEndgame short,https://lichess.org/AeTuuIIT/black#80,,
01jRL,r5k1/4p1b1/p2qN1p1/1p1P3p/1Pp3b1/Q1N3P1/P4rBP/4R2K b - - 3 30,g7e5 c3e4 d6b6 e4f2 b6f2 e1e5 f2d2 a3e3,2265,76,91,4565,advantage discoveredAttack fork middlegame veryLong,https://lichess.org/Al6dfD6O/black#60,,
01jTV,2k4r/ppp3r1/3b1B2/4R3/1P2N1P1/P2P1p2/2P1n2P/5R1K b - - 4 31,d6e5 f6e5 h8h2 e5h2,2043,74,93,7170,crushing master middlegame short,https://lichess.org/7xrSiXWD/black#62,,
01jUM,1Q6/5p1k/1P6/3q4/6p1/8/6PK/8 b - - 0 42,f7f5 b8c7 h7g6 b6b7 f5f4 c7c2,2575,104,88,1126,advancedPawn crushing endgame long queenEndgame,https://lichess.org/ewrEnd7Y/black#84,,
01jUq,r5k1/pp4pp/4b2r/2B2pQ1/8/4PP2/P4KPq/R1R5 b - - 1 28,h2e5 c5d4 h6g6 g5g6 h7g6 d4e5,1657,75,89,134,crushing long middlegame,https://lichess.org/lDb0hdWj/black#56,,
01jVT,r2Q1b1N/6pp/p1kn2q1/2pp4/5B2/2P2bP1/PP1N3P/R2K4 w - - 0 23,d2f3 g6d3 d1e1 d3e4,2174,88,91,1749,crushing fork middlegame short,https://lichess.org/vRSwvGdV#45,,
01jao,2kr3r/ppp2ppp/2nbp3/6B1/P2P2n1/2N2N1q/1PP1BP2/R2QR1K1 w - - 2 14,e2f1 d6h2 g1h1 g4f2,1338,75,95,22722,deflection kingsideAttack mate mateIn2 middlegame short,https://lichess.org/SuiO7G4H#27,Scandinavian_Defense Scandinavian_Defense_Main_Line,
01jbl,3rr1k1/pn3pp1/2pq3p/7n/B7/1PQ1BP1P/P1P2P1K/RN3R2 w - - 11 25,h2h1 h5g3 f2g3 d6g3,2266,82,71,64,advantage kingsideAttack middlegame sacrifice short,https://lichess.org/zyyCH6uq#49,,
01jc0,4r2k/6p1/p5p1/1p1p4/3NrP2/P1PR2Pb/1P5P/5R1K w - - 1 31,f1d1 e4e1 d1e1 e8e1,555,79,100,239,endgame master mate mateIn2 pillsburysMate short,https://lichess.org/kgtGQWe4#61,,
01jhf,2kr2nr/ppp2ppp/3pb3/q3n3/7Q/PBNPB2P/1PP3P1/R4K1R b - - 2 15,e5d3 b3e6 f7e6 c2d3,1532,76,92,2500,advantage intermezzo middlegame short,https://lichess.org/fVJJYXzY/black#30,Italian_Game Italian_Game_Giuoco_Piano,
01jpf,6k1/1R3pp1/2p4p/p1P5/P2P4/4n1qP/4Q1P1/6K1 w - - 0 33,e2f3 g3e1 g1h2 e3f1 f3f1 e1f1,1170,75,94,110,crushing endgame long,https://lichess.org/KKrCfGjb#65,,
01jvC,8/pr6/3kp3/R2p1pp1/3P4/4PPP1/8/5K2 b - - 0 35,b7h7 a5a6 d6e7 a6a7 e7f6 a7h7,946,78,100,247,crushing endgame interference long rookEndgame skewer,https://lichess.org/w4KHnK29/black#70,,
01jwi,4r1k1/pbqB3p/1p3pp1/8/1b1Q4/4PpP1/PB3P1P/5RK1 b - - 0 22,e8f8 d7e6 g8g7 d4b4,1525,75,94,541,advantage master middlegame short,https://lichess.org/C64KSo7n/black#44,,
01jyS,r1b2rk1/pp3ppp/5n2/1N1p4/B7/q6P/P4PP1/2RQR1K1 b - - 3 18,a3a2 e1e2 a2e2 d1e2,1933,75,86,76,advantage middlegame short trappedPiece,https://lichess.org/d6ofDb8G/black#36,Sicilian_Defense Sicilian_Defense_Old_Sicilian,
01k4A,rnbq1rk1/1pp1bppn/p2pp3/6PQ/2PPP3/2N5/PP1N1PP1/R3KB1R b KQ - 2 10,e7g5 h5h7,711,106,95,703,kingsideAttack mate mateIn1 oneMove opening,https://lichess.org/eO5X1eK9/black#20,Indian_Defense Indian_Defense_Anti-Nimzo-Indian,
01k4m,r1bqr1k1/1p2bppp/p4n2/3p2B1/8/2PB1N1P/PP2Q1P1/RN2R1K1 w - - 4 15,b1d2 e7c5 g1h1 e8e2,1248,75,93,641,advantage discoveredAttack middlegame short,https://lichess.org/NGD3XQIZ#29,Caro-Kann_Defense Caro-Kann_Defense_Exchange_Variation,
01k6e,r3kb1r/pq1b1ppp/Bp1Bp1n1/3pn3/QP6/2P2N2/P4PPP/RN3RK1 w kq - 0 15,a6b7 e5f3 g2f3 d7a4,1946,77,92,689,advantage middlegame short,https://lichess.org/eXwVK7kS#29,French_Defense French_Defense_Advance_Variation,
01k7T,6k1/pBp2ppp/7r/1P5q/2PPN1b1/P7/3Q1PP1/R5K1 w - - 7 25,e4g3 h5h2 g1f1 h2h1 g3h1 h6h1,1315,77,88,579,kingsideAttack long mate mateIn3 middlegame sacrifice,https://lichess.org/CWyiEGck#49,,
01kKD,2k3rr/pp1q1p2/3p1p2/1p1N4/1P1QP2p/P4b2/2P2PPP/R4RK1 w - - 2 20,g2g3 d7h3 d4c3 c8b8 c3c7 b8a8 c7d8 g8d8,1957,78,95,3968,crushing defensiveMove middlegame veryLong,https://lichess.org/NU6fOwPQ#39,,
01kNd,rn2k2r/3B1p1p/1q2pp2/4N3/2P1b3/4b3/PP4PP/R2Q1K1R b kq - 0 14,b8d7 d1d7 e8f8 d7f7,1055,80,92,181,mate mateIn2 middlegame short,https://lichess.org/KnPHRnyD/black#28,Sicilian_Defense Sicilian_Defense_OKelly_Variation,
01kNt,1rr3k1/5p2/3p2p1/3PP2R/1p6/2p2P2/2Q3PP/6K1 w - - 0 32,h5h4 b4b3 c2c1 b3b2 c1h6 b2b1q g1f2 b8b2 f2g3 b1e1 g3h3 e1h4,1848,82,93,7397,advancedPawn crushing endgame promotion queenRookEndgame veryLong,https://lichess.org/MKPmOKMd#63,,
01kSp,8/6k1/2bb2pp/4pp2/4P1P1/3BBPKP/8/8 w - - 0 38,e4f5 e5e4 f3f4 e4d3,1049,91,92,347,bishopEndgame crushing discoveredAttack discoveredCheck endgame short,https://lichess.org/YODE44HV#75,,
01kUF,6k1/R2RBp1p/2p1p1p1/p3b3/5P1P/8/P4PK1/1rr5 b - - 0 33,e5f4 e7f6 b1b8 d7f7,1829,77,93,575,advantage discoveredAttack endgame quietMove short,https://lichess.org/WeIgVUdT/black#66,,
01kUc,7R/8/5p1k/7p/4P1r1/5KP1/8/8 b - - 16 56,h6g6 h8g8 g6f7 g8g4 h5g4 f3g4,918,82,89,359,crushing endgame long rookEndgame,https://lichess.org/ESQYQ2LN/black#112,,
01kVV,2r5/1Qpq1k1p/1p1p2p1/4pn2/3r4/4N2P/P1P2PP1/R4RK1 b - - 11 27,d4d2 e3c4 d2c2 c4b6 c8b8 b7b8,2209,77,93,5252,advantage long middlegame,https://lichess.org/zSTasuHn/black#54,,
01kWV,6r1/Rb4r1/pPp1p3/2Pp1pk1/3P3p/4P1P1/5K1P/6R1 b - - 1 33,h4g3 g1g3 g5f6 a7b7 g7b7 g3g8,1507,76,98,3911,advantage deflection endgame long master,https://lichess.org/Pr2x1odA/black#66,,
01kWj,1k6/1q6/1p3Q1p/2r1p1p1/6P1/8/5PPK/1R6 b - - 0 38,b7c6 b1b6 b8c7 b6c6,1565,79,94,1893,crushing endgame fork short,https://lichess.org/ZCg4YarJ/black#76,,
01kY6,6k1/8/6pr/5p2/1P1R1P2/8/3K4/8 b - - 0 47,h6h7 d4d8 g8f7 d8d7,1044,96,87,59,crushing endgame master rookEndgame short,https://lichess.org/cbDIHaXM/black#94,,
01kad,1r5k/p4q1p/2Q2p2/4pN2/Pr2P3/1P1n3P/K1P2P2/4R2R w - - 5 27,e1b1 b4b3 b1b3 d3b4 a2b1 b4c6 b3b8 c6b8,2244,75,94,7922,advantage fork middlegame sacrifice veryLong,https://lichess.org/GJLzmM4C#53,,
01kfp,7r/5pk1/1Qp5/1p1p2P1/3P4/PP2P1Pq/3R4/2R3K1 w - - 1 34,b6c7 h3h1 g1f2 h8h2,1525,75,81,1125,endgame mate mateIn2 short,https://lichess.org/AJXQtOkA#67,,
01kfz,1r2q1k1/1rR2pp1/1p1np2p/3pN3/3P4/4P2P/PPQ2PP1/2R3K1 w - - 3 27,a2a3 b7c7 c2c7 b8c8 c7d6 c8c1,1628,75,89,328,advantage long middlegame skewer,https://lichess.org/TMQtyOve#53,,
01kih,3r2k1/pp3pp1/1n4p1/2p5/6P1/1B3PKP/PP6/4R3 b - - 5 28,d8d2 e1e8 g8h7 b3f7,1058,77,93,553,advantage deflection endgame short,https://lichess.org/mXVYDssc/black#56,,
01knl,r1b1r1k1/pp3p2/2p3pp/8/2P1BPN1/2P5/P5PP/R4RK1 b - - 0 17,e8e4 g4f6 g8f8 f6e4,874,94,98,658,advantage endgame fork short,https://lichess.org/0hq2kxlO/black#34,Kings_Indian_Defense Kings_Indian_Defense_Orthodox_Variation,
01ktp,8/5p2/Q4k1p/1p5q/3pp3/2r5/6R1/6K1 b - - 1 41,f6e5 a6b5 e5d6 b5h5,1088,77,89,349,crushing endgame short skewer,https://lichess.org/FJOb5Tht/black#82,,
01kyG,8/1p3rk1/6Rp/1PnNKPn1/2P5/8/7P/8 b - - 6 50,g7h7 d5f6 f7f6 e5f6,1576,76,99,2559,crushing endgame master short,https://lichess.org/6CFxZHSO/black#100,,
01kzW,3q2k1/5p1p/p1b2PP1/4p1P1/2PbN1Q1/3Bp1K1/P7/8 b - - 0 40,f7g6 g4e6 g8f8 e6c6,1128,76,98,606,crushing endgame fork short,https://lichess.org/BQdFXYkF/black#80,,
01l01,2k5/1pp2pp1/4pnp1/7r/1p1q4/2r2PQP/B5P1/R2R3K b - - 3 28,d4c5 a2e6 f7e6 a1a8,1044,79,86,244,clearance mate mateIn2 middlegame queensideAttack sacrifice short,https://lichess.org/JzwfjHwS/black#56,,
01l23,r1bq1b1r/pp1n1kpp/2p1pn2/6N1/8/8/PPPPQPPP/R1B1KB1R b KQ - 1 8,f7e7 e2e6,976,88,83,62,mate mateIn1 oneMove opening,https://lichess.org/ly4QSO3u/black#16,Caro-Kann_Defense Caro-Kann_Defense_Two_Knights_Attack,
01l3i,r3R3/Q1pk1p2/1pbp4/6qp/3N4/7P/PPP5/1K2R3 b - - 0 32,a8a7 e1e7 g5e7 e8e7 d7e7 d4c6 e7d7 c6a7,1543,79,93,1243,advantage attraction endgame fork veryLong,https://lichess.org/l0VrjJfX/black#64,,
01l8G,3q2k1/5pp1/3Np2p/2b1P3/p1p1P3/2B4P/1Q3PP1/6K1 w - - 0 38,d6b7 d8d1 g1h2 a4a3 b2a1 d1a1 c3a1 c5b4,2158,81,91,1641,advantage defensiveMove endgame veryLong,https://lichess.org/Az38qMpJ#75,,
01l8L,3r2rk/1pq2pp1/p2pbR1p/8/8/3B4/PPPQ1PPP/3R2K1 b - - 1 24,c7e7 f6h6 g7h6 d2h6,981,82,97,870,kingsideAttack mate mateIn2 middlegame sacrifice short,https://lichess.org/2v3NoJFT/black#48,,
01lAW,2r1k2r/1b2q1bp/p5p1/2p1PnB1/2QPN3/8/PP4PP/R4RK1 b k - 1 20,e7d7 e4d6 f5d6 e5d6 g7d4 c4d4 c5d4 a1e1 d7e6 e1e6,2520,115,89,1906,crushing exposedKing fork middlegame sacrifice veryLong,https://lichess.org/37LQpc1O/black#40,,
01lB9,1qkr3r/pp1b2p1/5p2/3Pn2p/2Pp1B2/P2B2P1/1Q3P1P/1R3RK1 w - - 2 21,b2d4 e5f3 g1g2 f3d4 f4b8 c8b8,869,88,97,2837,advantage fork long middlegame,https://lichess.org/DAhE0yC8#41,,
01lBC,r1b1kb1r/pppp1ppp/2n4n/3NP3/8/6B1/PqP1PPPP/R2QKBNR w KQkq - 2 7,d5c7 e8d8 c7d5 f8b4 d5b4 b2c3 d1d2 c3a1,2468,81,92,1012,advantage deflection fork opening sacrifice veryLong,https://lichess.org/5tB8mh6T#13,Englund_Gambit Englund_Gambit_Other_variations,
01lBL,r3kb1r/ppqn1ppp/2p1p1b1/3p4/2PPn3/1PNBPN2/PB3PPP/R2Q1RK1 w kq - 3 10,c3e4 d5e4 d3e4 g6e4,1211,80,88,64,advantage fork opening short,https://lichess.org/wO0acWav#19,Slav_Defense Slav_Defense_Quiet_Variation,
01lC9,r3k1r1/2bq1p1b/1np1pp1p/p3P2P/p1PPN3/1P3Q2/5PP1/R1B2RK1 b q - 3 25,c7d8 e4d6 d7d6 e5d6,1899,74,88,2020,crushing middlegame short,https://lichess.org/ULlIImIx/black#50,,
01lI7,r1b2r1k/pp4pp/6n1/1P6/4P1qP/P1QP4/5BB1/1R4KR w - - 1 26,d3d4 g6f4 c3f3 f4e2 f3e2 g4e2,1328,170,64,27,crushing exposedKing kingsideAttack long master middlegame xRayAttack,https://lichess.org/eiUYCbzJ#51,,
01lNV,4r1k1/pppq2b1/2bp2pp/5p2/2P1N2N/7P/PP1BQPP1/4R1K1 w - - 0 24,e4f6 g7f6 e2e8 d7e8 e1e8 c6e8,938,77,99,1416,advantage hangingPiece long middlegame,https://lichess.org/518Fxf12#47,,
01lTa,r4k2/1bp2pp1/1p1b3p/1N1P4/1pP5/P4B1P/4RPP1/6K1 w - - 0 30,a3b4 a8a1 e2e1 a1e1,1223,77,47,112,endgame mate mateIn2 pillsburysMate short,https://lichess.org/Sek68KSv#59,,
01lVf,2r3k1/p4p2/1p4pp/3p4/3Bq3/P6P/5QP1/5RK1 b - - 1 36,c8c2 f2f7,527,81,100,312,endgame mate mateIn1 oneMove,https://lichess.org/5xBds0n5/black#72,,
01lcr,2r3k1/5p1p/4pnpP/Bb1p4/p2P3Q/q2BPP2/1rPK2P1/3R3R w - - 5 25,h4f6 a3d3 d2e1 d3e3,1761,75,99,1508,deflection mate mateIn2 middlegame pin short,https://lichess.org/lGCauifF#49,,
01lh4,r3k2r/pp1b1ppp/2n1pq2/1B1p1n2/Qb1P4/2N1B3/PP2NPPP/R4RK1 b kq - 7 12,e8g8 b5c6 d7c6 a4b4,1165,76,88,382,advantage capturingDefender middlegame short,https://lichess.org/Nt3nJGCU/black#24,Queens_Pawn_Game Queens_Pawn_Game_Steinitz_Countergambit,
01liD,8/1pp2p2/p4qp1/1kR4p/1P6/7P/5PP1/1R4K1 b - - 4 36,b5a4 c5a5,1097,78,94,570,endgame mate mateIn1 oneMove queenRookEndgame,https://lichess.org/zPOLaCBb/black#72,,
01lij,r6r/p3k1bR/1p1p1q2/1B1PpPpQ/3pP1P1/P7/1P6/R3K3 w Q - 7 27,b5c6 h8h7 h5h7 a8h8 h7h8 g7h8,1288,82,92,351,advantage clearance long middlegame,https://lichess.org/w26R9Lvv#53,,
01lp3,r1b3Q1/p4R2/4p1p1/1p4kp/8/1KPB1n2/PP3q2/8 b - - 1 42,a7a6 g8g6 g5h4 f7f4 h4h3 g6h5,1475,79,94,16114,crushing deflection long middlegame,https://lichess.org/Lgz23o2V/black#84,,
01lq2,r4rk1/p5pp/1bN2p2/3Rp3/2P3b1/1P6/PB4PP/5R1K b - - 0 19,g8f7 c6e5 f7g8 e5g4,1455,81,58,642,crushing master middlegame pin short,https://lichess.org/KEjSZUXg/black#38,Rubinstein_Opening Rubinstein_Opening_Other_variations,
01lqX,8/8/1R5P/8/1p6/1kr5/r7/1K5R b - - 4 53,c3c2 h1h3 b3c4 b6c6 c4d5 c6c2,1485,76,96,1953,crushing endgame long rookEndgame,https://lichess.org/44CAPUrr/black#106,,
01ltP,r3kb1r/1p3p2/p2p4/3QpPB1/P5P1/5P2/1Pq5/R4RK1 w kq - 0 22,d5b7 c2h2,887,78,91,211,mate mateIn1 middlegame oneMove,https://lichess.org/Kw0bRoN4#43,,
01luH,2k5/p7/8/4P2p/5Q2/1PPqP1PK/7P/8 w - - 3 44,f4c4 d3c4 b3c4 a7a5 h3h4 a5a4 h4h5 a4a3,1173,77,99,1227,advantage endgame queenEndgame quietMove veryLong,https://lichess.org/or0dJAaA#87,,
01luV,r2qkbr1/pp2pp1p/2n2p2/3p3b/3P4/2PB1P2/PP2N1PP/RN1QK1R1 b Qq - 3 10,h5f3 g2f3 g8g1 e2g1,1451,91,71,55,advantage hangingPiece master opening short,https://lichess.org/e3v8isN9/black#20,Caro-Kann_Defense Caro-Kann_Defense_Exchange_Variation,
01m0O,k6r/1bRNp3/pB2P3/1p3p2/5q2/1P5p/6P1/R5K1 b - - 1 34,h3g2 a1a6 b7a6 c7a7,1334,79,90,178,mate mateIn2 middlegame operaMate sacrifice short,https://lichess.org/iczsMBZU/black#68,,
01m0q,3R1bk1/pQ3p1p/2B1b1p1/8/8/q5P1/4PP1P/6K1 w - - 2 27,b7b8 a3c1 g1g2 c1c6 f2f3 c6c5,1890,79,88,110,advantage defensiveMove endgame fork long,https://lichess.org/5MNPi6qX#53,,
01m0z,1r4k1/5ppp/1Q2p3/3p4/1p6/3PP3/5PPP/R5K1 b - - 0 31,b8b6 a1a8 b6b8 a8b8,482,99,80,85,backRankMate endgame mate mateIn2 rookEndgame short,https://lichess.org/XLEjPojn/black#62,,
01m1K,4rrk1/ppp3pp/3p4/3Pn3/4Q1bq/2PB2P1/PP1N2P1/R5KR b - - 0 19,e5f3 d2f3 h4h1 g1h1 e8e4 d3e4,1920,76,93,503,advantage long middlegame,https://lichess.org/Qj6a8Avh/black#38,,
01m2g,8/5q1k/7p/p2pP1P1/2p1bp2/2P1Q1RP/P5PK/8 w - - 0 44,g5g6 e4g6 e3f2 f4g3,1297,76,97,3605,crushing endgame short,https://lichess.org/GADtrnan#87,,
01m2j,1r6/1r3pkp/qR2p1p1/2pP4/4P3/5P2/6PP/1R5K w - - 0 27,b6a6 b7b1,723,126,69,29,backRankMate endgame hangingPiece mate mateIn1 oneMove rookEndgame,https://lichess.org/eevDBNLx#53,,
01m5k,4r1k1/pp2rp1p/5Rp1/1q6/8/1P4Q1/P4PPP/5RK1 w - - 1 22,a2a4 b5f1 g1f1 e7e1,1249,87,93,2686,attraction endgame mate mateIn2 sacrifice short,https://lichess.org/JiGbkYf4#43,,
01mBE,8/8/p3p3/3p2p1/1P1Ppk2/2P4P/5P2/5K2 w - - 3 42,f1g2 e6e5 d4e5 f4e5 g2f1 e5f5 f1e1 g5g4 h3h4 f5g6,2695,112,90,1355,crushing defensiveMove endgame pawnEndgame veryLong zugzwang,https://lichess.org/HwU6hxlJ#83,,
01mGb,8/8/8/2k1pB1p/2Pp4/3K2p1/8/8 w - - 0 43,f5e4 h5h4 e4g2 e5e4 d3e2 c5c4,1818,75,86,111,bishopEndgame crushing deflection endgame long master quietMove,https://lichess.org/ydvpvAgz#85,,
01mGq,8/8/p1k3p1/P1P2p2/2K3Pp/7P/8/8 w - - 0 51,g4f5 g6f5 c4d4 f5f4,894,100,84,133,crushing defensiveMove endgame pawnEndgame short,https://lichess.org/ROGXECAH#101,,
01mH1,8/n5pp/P1pk1p2/5P2/1PPK2P1/7P/8/8 b - - 0 36,g7g6 f5g6 h7g6 h3h4 c6c5 b4c5,1924,90,84,43,crushing endgame knightEndgame long quietMove,https://lichess.org/0Sy81sko/black#72,,
01mLC,7k/p1q4p/5Pp1/1ppb4/3n1PQ1/2KP4/PP6/2R4R w - - 0 27,h1e1 c7a5 b2b4 a5b4,1755,74,95,16160,endgame mate mateIn2 short,https://lichess.org/eUNPlEHz#53,,
01mMm,4rbk1/3n3p/3p2p1/3Pp3/2p1P1P1/PqN1BP2/7Q/4K2R b K - 2 26,b3c3 e3d2 c3a1 e1e2 a1h1 h2h1,1067,76,79,120,advantage defensiveMove long middlegame,https://lichess.org/rt78hbig/black#52,,
01mUL,8/p1r1k3/1p1R1p1p/P7/1P6/7P/6PK/8 w - - 1 51,a5b6 e7d6 b6c7 d6c7,1535,78,78,66,crushing endgame rookEndgame short,https://lichess.org/rL9bhk8c#101,,
01mVv,1k1r2nr/1p5p/p3Qpb1/4n3/3q4/2BB4/PPP2PPP/R4RK1 b - - 1 20,d4d7 c3e5 b8a7 e6d7,1588,75,89,1934,advantage middlegame queensideAttack short,https://lichess.org/1kDyJqxz/black#40,,
01mWH,8/8/8/ppp1k1K1/3p4/3P4/PPP5/8 w - - 0 45,a2a3 a5a4 g5g4 c5c4,2652,91,88,197,crushing endgame master pawnEndgame quietMove short,https://lichess.org/PfmR5OJ8#89,,
01mWJ,8/8/7p/2k1p1p1/4N1P1/r4PN1/4K3/8 b - - 1 58,c5d4 g3f5 d4c4 f5h6,2062,77,94,3049,crushing endgame master short,https://lichess.org/8TM1vZyY/black#116,,
01mZT,8/8/2k5/8/8/r2NK1P1/5P2/8 b - - 1 63,a3a2 d3b4 c6d6 b4a2,987,80,100,262,crushing endgame fork master short,https://lichess.org/PhMccyP2/black#126,,
01mgz,2rq1rk1/1b3ppp/p2p1Nn1/1p3N2/4P3/3Qp3/PPP3PP/R4R1K b - - 0 20,d8f6 f5h6 g7h6 f1f6,1263,75,99,2049,advantage discoveredAttack kingsideAttack master middlegame short,https://lichess.org/1E9dZ74A/black#40,,
01miF,8/pp6/2q1r1kp/P4p2/2p2Q2/2P3P1/5P1K/3R4 b - - 5 35,e6e4 d1d6 c6d6 f4d6,957,86,90,604,advantage endgame fork short,https://lichess.org/Q5rZ5lBG/black#70,,
01mms,r2q1rk1/pbpn1p1n/1p1pp2Q/7P/4P3/2NP2R1/PPP1BPP1/R3K3 b Q - 6 17,g8h8 h6g7,959,81,94,108,mate mateIn1 middlegame oneMove,https://lichess.org/lbHK8QDG/black#34,Owen_Defense Owen_Defense_Other_variations,
01mqD,4B1k1/2p2p1p/1p1p1P1K/p2P2P1/2P5/1P6/8/2n5 b - - 4 39,c1b3 e8f7 g8f7 h6h7 b3d2 g5g6 f7f6 g6g7,1442,74,99,6743,advancedPawn advantage deflection endgame sacrifice veryLong,https://lichess.org/lMtjXYiD/black#78,,
01mvn,8/8/5k2/3R2p1/8/4KP2/8/r7 w - - 2 57,e3e4 a1e1 e4d4 e1d1 d4c5 d1d5 c5d5 f6f5 d5d4 f5f4 d4d3 f4f3,1362,75,99,2997,crushing endgame rookEndgame veryLong,https://lichess.org/U8sFS69G#113,,
01mvq,4r1k1/pp3ppp/1q4b1/1Nb3B1/2Q5/2P4P/PP3PP1/R5K1 w - - 1 24,g5h4 e8e4 b5d4 e4h4,1720,74,95,8301,crushing interference middlegame short,https://lichess.org/9WWBV3nN#47,,
01mxD,rn3rk1/p1b2ppp/1p1qp3/3p2n1/1P1P4/PN1QPN2/5PPP/R3BRK1 w - - 6 17,b4b5 g5f3 g2f3 d6h2,1135,76,98,2161,kingsideAttack mate mateIn2 opening short,https://lichess.org/gtjH4VlN#33,Slav_Defense Slav_Defense_Quiet_Variation,
01mxd,8/4rk1p/P4p2/5R2/3b4/1P5P/2P3P1/1K6 w - - 1 36,f5d5 e7e1 b1a2 e1a1,1078,225,67,4,endgame mate mateIn2 operaMate short,https://lichess.org/AmnKKBMZ#71,,
01n09,r3k2r/pB2qppp/2pp4/4n3/1B6/4P1Pb/PPPQ1P1P/R3K2R w KQkq - 0 15,d2d6 e5f3 e1e2 e7b7 e2f3 c6c5,2124,78,93,9486,advantage discoveredAttack discoveredCheck long middlegame,https://lichess.org/AZzb2iKa#29,Englund_Gambit Englund_Gambit_Other_variations,
01n5R,7r/pbk4r/2pqp3/2Np2p1/3P2p1/2P2QP1/PP3R1P/4R1K1 w - - 0 27,e1e6 g4f3 e6d6 c7d6,1863,76,93,732,advantage middlegame short,https://lichess.org/8XhCjerQ#53,,
01n7q,Bn2k2r/p3pp1p/3p2p1/8/8/2P3b1/P1QB1P1q/3RR1K1 w k - 5 23,g1f1 h2f2,938,85,88,431,mate mateIn1 middlegame oneMove,https://lichess.org/re67BROS#45,,
01n9x,2b5/7p/pBnkp1p1/P4pP1/2KP1P1P/3B4/8/8 b - - 8 48,c6e7 b6c5 d6d7 c5e7,1053,83,93,123,crushing endgame short,https://lichess.org/klMh7HO7/black#96,,
01nEK,3Q3k/1pb2rpp/p5q1/3Q3n/8/1PN1P2P/1PP3P1/R6K b - - 0 30,c7d8 d5d8 f7f8 d8f8,680,103,62,157,mate mateIn2 middlegame short,https://lichess.org/fe38YKSa/black#60,,
01nGl,r3kb1r/1p1b1ppp/1B2p3/nN1pq3/7P/2P5/P3BPP1/R2Q1RK1 b kq - 0 17,f8d6 f2f4 e5f4 f1f4,2050,75,92,4841,crushing middlegame short,https://lichess.org/cSngjgO7/black#34,French_Defense French_Defense_Advance_Variation,
01nHS,8/p4p1k/4p1bp/5p2/5Q1R/4P1KP/1r3PP1/6q1 b - - 9 43,b2e2 f4h6 h7g8 h6h8,931,77,100,486,endgame mate mateIn2 short,https://lichess.org/AOPK6WeY/black#86,,
01nId,4r3/ppq1b1kp/2b2npQ/6B1/3r4/P2B4/1P3PPP/2R1R1K1 b - - 1 24,g7g8 g5f6 e7f6 e1e8 c6e8 c1c7,1869,76,98,1325,crushing kingsideAttack long middlegame,https://lichess.org/rnn1RCt9/black#48,,
01nIi,r3k2r/p1p1bp2/2p1p2p/2q1P1p1/Q1n1N3/6B1/PP4PP/R4R1K b kq - 3 18,c4b6 e4c5 b6a4 c5a4,1193,78,88,597,crushing middlegame short,https://lichess.org/jPs18K9m/black#36,Alekhine_Defense Alekhine_Defense_Four_Pawns_Attack,
01nLm,8/4p1k1/5pp1/4pb1p/2B1N2P/p7/2qNK3/5Q2 w - - 0 40,f1f3 f5g4 f3g4 h5g4,1733,116,54,57,crushing endgame master pin short,https://lichess.org/uFKQqHEH#79,,
01naC,r1bq1b1r/1ppk1Qp1/p1n1p2p/3n1p2/3PN3/2PB2B1/PP3PPP/R3K1NR b KQ - 3 11,f8e7 e4c5,1273,76,93,640,mate mateIn1 middlegame oneMove,https://lichess.org/ZLj3rQvL/black#22,Horwitz_Defense Horwitz_Defense_Other_variations,
01ncA,r1bq1rk1/pp3pp1/1nnbp2p/2p5/3P4/2P1B3/PPB1NPPP/RN1Q1RK1 b - - 2 11,b6c4 d1d3 f7f5 d3c4,1570,74,87,1048,advantage master opening short,https://lichess.org/TAMDGpzu/black#22,Sicilian_Defense Sicilian_Defense_Alapin_Variation,
01ngC,3r1k1r/1Q4pp/p1n5/qp6/8/2K1PN2/1PP2PPP/3R1B1R w - - 5 18,b2b4 a5b4,850,106,96,244,mate mateIn1 middlegame oneMove,https://lichess.org/RCIWRfkd#35,Englund_Gambit_Complex Englund_Gambit_Complex_Soller_Gambit_Deferred,
01nj2,2r2r2/6k1/p3p1bp/4P1b1/1p1P4/2P1N1B1/PP1K2P1/4R2R w - - 0 34,h1f1 b4c3 b2c3 g5e3 e1e3 f8f1,2298,78,92,7785,advantage long middlegame,https://lichess.org/ySWi8zV7#67,,
01nt0,2r2rk1/5ppn/p1b4p/1pb1qP1N/2pp2Q1/P6P/BPP3PN/4RR1K b - - 1 24,h7f6 g4g7,1621,170,81,74,kingsideAttack mate mateIn1 middlegame oneMove,https://lichess.org/Fbf8Bqut/black#48,,
01nyk,8/1k6/1P2p1p1/2KpP3/7P/8/8/8 w - - 1 48,c5d6 d5d4 d6e6 d4d3,1156,77,97,3891,crushing endgame pawnEndgame quietMove short,https://lichess.org/332ya2H6#95,,
01nzu,r4rk1/1bp2pp1/p2p4/1pn1pNp1/4P3/1B1P2R1/PPP2PPP/R5K1 b - - 3 19,c5b3 f5e7 g8h7 g3h3,1062,123,0,81,anastasiaMate mate mateIn2 middlegame short,https://lichess.org/BbesYMYl/black#38,,
01o3H,r4rk1/BRp2pp1/3b3p/8/2P2P2/6P1/P6P/3R2K1 w - - 1 23,c4c5 a8a7 b7a7 d6c5 g1f1 c5a7,1373,78,92,1857,attraction capturingDefender crushing endgame fork long,https://lichess.org/uIXKzgJg#45,,
01o5f,rn2k3/pp6/2pp2pp/4Prq1/2B4b/2N2N2/PPP5/R2Q1K1R w q - 2 17,e5d6 g5e3 h1h2 f5f3 f1g2 f3f2 g2h1 f2h2,2442,101,89,685,advantage exposedKing middlegame pin veryLong,https://lichess.org/zJ6CvC0A#33,Dutch_Defense Dutch_Defense_Hopton_Attack,
01o70,8/8/q7/P7/1K6/1N6/4k3/8 b - - 0 58,e2d3 b3c5 d3d4 c5a6,581,81,100,504,crushing endgame fork short,https://lichess.org/GIHV3uX4/black#116,,
01o71,rn2k2r/p3bppp/2p1bn2/qp6/4P3/2N1B3/PPPQN1PP/1K1R1B1R w kq - 3 14,e2d4 f6e4 d2e1 e4c3,2018,78,79,428,advantage master opening queensideAttack short,https://lichess.org/wDYpcqk8#27,Lion_Defense Lion_Defense_Lions_Jaw,
01oGn,N1b4r/pp2kppp/4p3/8/3P4/2q1P3/2pN1PPP/R1Q1KB1R w KQ - 6 19,c1a3 c3a3 a1a3 c2c1q,1111,80,95,4608,advancedPawn crushing middlegame promotion short,https://lichess.org/ZSeuF5Vy#37,Queens_Gambit_Declined Queens_Gambit_Declined_Marshall_Defense,
01oPU,1r6/RP4k1/5bp1/2p1p1p1/Q1Pp2q1/3P1pP1/1P3P1K/7R w - - 3 36,a4c6 b8h8 h2g1 h8h1 g1h1 g4h3 h1g1 h3g2,1435,77,92,416,attraction endgame master mate mateIn4 veryLong,https://lichess.org/UN9LTxg5#71,,
01oTk,q1nb2k1/5pp1/7p/NQ1Pp3/1BP1n3/8/4B1PP/6K1 w - - 0 32,e2f3 c8d6 b5d7 d8a5 b4a5 a8a5,2730,94,88,276,advantage long middlegame,https://lichess.org/0LcCFoCz#63,,
01oV7,4n3/3R4/1pP1r2k/7p/1P4p1/8/6BP/7K w - - 0 48,c6c7 e6e1 g2f1 e1f1 h1g2 f1c1,1551,80,96,24059,crushing endgame long,https://lichess.org/CQVtd368#95,,
01oWi,8/p7/8/1PP1p3/4K1k1/2b3P1/8/8 b - - 0 48,g4g3 b5b6 a7b6 c5c6,2120,73,93,11622,bishopEndgame crushing endgame short,https://lichess.org/pbHmn2fH/black#96,,
01oXz,r2qk2r/ppp2pp1/2p1bn2/2b4p/4P3/2NP3P/PPP2PP1/R1BQKB1R w KQkq - 2 8,c3a4 c5f2 e1f2 f6e4 f2e3 e4g3,2487,88,46,44,advantage attackingF2F7 attraction long opening,https://lichess.org/WA1vQT0Z#15,Russian_Game Russian_Game_Stafford_Gambit,
01oZW,2kr3r/ppp1n2p/2nb1p2/3pN1pq/3P4/2P5/PPQN1P2/R1B1RBK1 w - - 0 15,e5c6 h5h2,1081,81,92,934,mate mateIn1 middlegame oneMove,https://lichess.org/ceZjlx7h#29,French_Defense French_Defense_Exchange_Variation,
01oaC,8/1R6/1p3kpp/8/5PKP/Pr6/8/8 w - - 0 39,b7c7 h6h5,1008,103,93,294,endgame mate mateIn1 oneMove rookEndgame,https://lichess.org/wFH4Yd3q#77,,
01ojd,3r1rk1/1pp2ppp/pb1p2N1/4p3/1P1n4/PB1P3P/1BP2PP1/R4R1K b - - 0 21,d4b3 g6e7 g8h8 c2b3,1526,81,66,55,advantage intermezzo middlegame short,https://lichess.org/XqhQPE3U/black#42,,
01olo,r5k1/1pr1qpp1/2b1p1np/p3P3/Pn1N4/BB2R3/3Q1PPP/3R2K1 b - - 7 24,a8d8 d4c6 b4c6 a3e7 d8d2 d1d2,1733,77,92,1644,advantage long middlegame,https://lichess.org/J2bSd8tS/black#48,,
01oma,r4q1k/1p4pp/1n2Q1pN/p3P3/Pbp1P3/3p4/1P2B1PP/5RK1 b - - 5 25,d3e2 f1f8 a8f8 e6g8 f8g8 h6f7,1932,76,95,5276,kingsideAttack long mate mateIn3 middlegame sacrifice smotheredMate,https://lichess.org/RcWwbY17/black#50,,
01oms,2r5/5p1k/8/1P1b3p/R6P/2n3P1/5P2/4R1K1 w - - 1 43,a4d4 c3e2 g1f1 e2d4,1394,77,89,870,crushing endgame short,https://lichess.org/yk2AOCtQ#85,,
01oq6,1Q5k/6pp/p1n5/3R4/qpp1PP2/7P/PP3BP1/1K6 b - - 0 37,c6b8 d5d8 a4e8 d8e8,400,97,84,207,backRankMate endgame fork mate mateIn2 short,https://lichess.org/UEdvJrDx/black#74,,
01osM,8/8/8/8/PK6/6p1/2R2rPk/8 w - - 4 56,b4c3 h2g2 a4a5 g2h3,2373,97,85,60,crushing defensiveMove endgame rookEndgame short,https://lichess.org/CILNHJGV#111,,
01osm,7r/pp2Rp2/1n4pk/4Q3/3N2q1/8/PP3PPP/5bK1 w - - 4 29,g1f1 g4d1 e5e1 d1d4 e1e3 d4e3,1175,75,98,1236,advantage deflection endgame long,https://lichess.org/jvIK0tsW#57,,
01our,8/p4R1p/1p4k1/4p3/5n2/PN2KP2/2r4P/8 w - - 1 32,f7a7 c2e2,1471,84,71,377,endgame hookMate mate mateIn1 oneMove,https://lichess.org/7V5KUJI5#63,,
01oyD,r3kq1N/ppp4p/4b1p1/3B3Q/3n4/8/PPPP1bPP/RNB2K1R w q - 0 13,h5h7 e6d5 h7g6 e8d7,2372,91,82,45,crushing defensiveMove middlegame short,https://lichess.org/BHKlgnJT#25,Italian_Game Italian_Game_Two_Knights_Defense,
01oz9,1k6/1p6/pK4p1/7p/P1P5/4R1P1/6r1/8 b - - 1 35,g2d2 e3e8 d2d8 e8d8,1013,141,43,18,endgame mate mateIn2 rookEndgame short,https://lichess.org/uxLPTKFb/black#70,,
01p5M,1r6/p1p2n2/1pk2Pp1/6r1/8/2N5/PPP4K/3R1R2 w - - 2 24,f1g1 b8h8,1132,76,96,8824,endgame mate mateIn1 oneMove,https://lichess.org/duXviz7r#47,,
01p6X,r2q4/1p2Np1k/p2p2rn/2p5/4P2Q/7P/PPP3P1/5RK1 b - - 2 27,d8d7 f1f7 g6g7 f7f6 d7e7 f6h6 h7g8 h6h8,2533,89,86,246,crushing exposedKing middlegame pin veryLong,https://lichess.org/WvyBfJYA/black#54,,
01p79,6k1/p1q2rb1/2p3QR/3p4/5P2/4PK2/Pr6/6R1 b - - 0 28,f7f4 e3f4 b2f2 f3f2 c7f4 f2e2,1774,86,77,31,crushing defensiveMove long middlegame pin,https://lichess.org/dPbqTJoe/black#56,,
01pBQ,1r4k1/3b1p1p/3pp1p1/Pp5q/1N6/1Pr1PP2/4QP1P/1R3R1K b - - 4 25,h5c5 b4a6 c5c8 a6b8,1332,76,79,239,advantage fork master middlegame short,https://lichess.org/oWbSNJ9g/black#50,,
01pJ3,8/8/7p/N5p1/1p4P1/2kp3P/8/3K4 w - - 0 42,d1c1 b4b3 a5b3 c3b3,1607,77,94,193,crushing endgame knightEndgame short,https://lichess.org/2CnSk0Pv#83,,
01pRj,r1b2r2/4kpbp/2p1p1p1/pp6/3NP3/1BP1P3/PP4PP/2KR1R2 b - - 1 17,a5a4 d4c6 e7e8 d1d8,923,90,78,56,mate mateIn2 middlegame short,https://lichess.org/A7Q8ArXF/black#34,Sicilian_Defense Sicilian_Defense_Accelerated_Dragon,
01pRy,6k1/3r2p1/p1b5/1p1qPp2/5B2/Q7/1P4PP/6RK w - - 10 44,a3a6 d5g2 g1g2 d7d1,1442,79,86,127,clearance endgame mate mateIn2 pin sacrifice short,https://lichess.org/Y00u9Q6G#87,,
01pSj,8/5k2/8/2N1p1p1/1P2Pn1p/2P2P1P/5RP1/1r4K1 w - - 4 37,g1h2 f4h5 g2g3 h4g3 h2g2 g3f2,2024,76,92,2856,advancedPawn crushing endgame fork long quietMove,https://lichess.org/WNAGgVqn#73,,
01pT8,r5nr/pbppk3/1pn1p2p/4P3/3P1N2/4B3/PPPN3P/2K2R2 b - - 3 17,h8h7 f4g6 e7e8 f1f8,771,98,92,111,mate mateIn2 middlegame short,https://lichess.org/QnEiOr4u/black#34,Modern_Defense Modern_Defense_Other_variations,
01pTi,r2q2k1/5ppp/p2B4/2p5/1p1n4/6Q1/PPP3PP/2K4R w - - 1 22,d6c5 d4e2 c1b1 e2g3,840,103,89,992,crushing endgame fork short,https://lichess.org/vGBml73p#43,,
01pVN,5r2/3b4/2p3k1/2p3r1/4p2p/PPP5/4RPNK/4R3 b - - 2 41,f8f3 g2h4 g6f6 h4f3,1057,79,88,596,advantage endgame fork short,https://lichess.org/dRQrAylR/black#82,,
01pVq,r1b2rk1/pp1nbpp1/1qpp1n1p/4p3/1P2P3/P1NP1N2/1BP1BPPP/R2Q1RK1 b - - 0 11,d7c5 b4c5 b6b2 d1d2,2428,81,91,4496,advantage opening short,https://lichess.org/AGkx6s31/black#22,Nimzo-Larsen_Attack Nimzo-Larsen_Attack_Other_variations,
01pZn,2r2rk1/p1p3p1/1q2Q2p/8/5P2/1BP3P1/PP5P/3R3K b - - 0 32,b6e6 b3e6 g8h7 e6c8,960,83,60,38,advantage endgame fork short,https://lichess.org/9nwfDyw0/black#64,,
01pcP,r4rk1/pp1b1pp1/2p1pn1p/7q/P6B/2PB4/2P2QP1/4RRK1 b - - 3 24,b7b6 h4f6 g7f6 e1e3,2634,97,90,499,advantage middlegame short,https://lichess.org/oKbyFhOc/black#48,,
01pet,8/8/2Pk2pp/1b6/1N1K4/7P/6P1/8 b - - 3 42,b5c6 b4c6 d6c6 d4e5,1184,76,93,347,crushing defensiveMove endgame master short,https://lichess.org/2zbC2YaY/black#84,,
01pgJ,1R6/1N4pk/5p1p/8/6PK/r6P/8/8 w - - 1 40,b7c5 g7g5 h4h5 a3h3,820,80,92,197,deflection endgame mate mateIn2 short,https://lichess.org/HETqJZ8G#79,,
01phf,5k1r/p1p1qppp/8/1r1B4/1b1p2b1/1P4P1/PBPPPP1P/R2QK2R w KQ - 1 14,d5g2 g4e2 d1e2 b5e5 e2e5 e7e5,1853,75,74,239,advantage long middlegame pin sacrifice,https://lichess.org/xhkwjXqa#27,Nimzo-Larsen_Attack Nimzo-Larsen_Attack_Modern_Variation,
01pkQ,8/R5pk/p1b4p/4pp2/7P/1B4P1/PP1r1P2/5K2 w - - 4 34,a7a6 c6b5 f1e1 d2e2 e1d1 b5a6,1518,76,96,7638,crushing endgame fork long,https://lichess.org/5JQ6Spea#67,,
01pl8,3r4/pR1N2p1/2p2p1k/4p2p/2B1Pn1N/1P6/P1P2PPP/3R2K1 w - - 4 31,d7f6 d8d1 c4f1 f4e2 g1h1 d1f1,1098,75,96,3181,backRankMate deflection hangingPiece long mate mateIn3 middlegame pin,https://lichess.org/nCrUcojU#61,,
01pvT,2R5/1r4kp/p2Q2p1/3P1p2/4pP1q/7P/6PK/8 b - - 0 39,h4e7 d6e7 b7e7 d5d6 e7f7 c8c7,1870,76,88,198,advantage endgame long master masterVsMaster,https://lichess.org/N3BVJboo/black#78,,
01pz8,4qr2/1p1R4/p2Q2pk/4P2p/3P1n1P/8/PP5K/8 b - - 0 35,e8e6 d6f8,1014,83,91,249,endgame hangingPiece mate mateIn1 oneMove,https://lichess.org/fXA8HUls/black#70,,
01q0R,r3k2r/pp1n1pp1/4p1p1/2ppP3/3Pq3/1P3N1P/P1P2KP1/R1Q4R b kq - 3 18,c5d4 h1e1 e4f5 g2g4 f5f3 f2f3,1648,96,62,27,advantage long middlegame trappedPiece,https://lichess.org/kPHFbMCc/black#36,Queens_Pawn_Game Queens_Pawn_Game_Colle_System,
01q1E,r1q1k2r/pp3ppp/1n2b3/6N1/1bpPQB2/4P3/PP2KPPP/2R4R b kq - 4 15,e8g8 e4h7,1096,135,33,14,kingsideAttack mate mateIn1 middlegame oneMove,https://lichess.org/PK3rmN4W/black#30,Queens_Pawn_Game Queens_Pawn_Game_London_System,
01q3L,rn1q1rk1/1b2bpp1/p3p2p/1pp1P3/3P4/2NQ1N2/PPB2PPP/3R1RK1 b - - 1 14,c5c4 d3h7,510,84,100,140,mate mateIn1 middlegame oneMove,https://lichess.org/IXur2yos/black#28,Queens_Gambit_Declined Queens_Gambit_Declined_Modern_Variation,
01q3y,rnb2r2/ppp2B1k/3p3p/2b4Q/4P3/3P4/PP1NKPPP/q7 b - - 0 14,a1b2 h5g6 h7h8 g6h6,1154,73,97,7658,deflection mate mateIn2 middlegame short,https://lichess.org/8Ciw3tYm/black#28,Bishops_Opening Bishops_Opening_Boi_Variation,
01q4A,r7/ppk5/2n3pp/2b1pN1q/3pP1n1/1P5P/1P2N1P1/R1BQ1R1K w - - 0 22,e2g3 g4f2 h1h2 h5d1 f1d1 f2d1,1788,75,64,208,advantage discoveredAttack long master middlegame,https://lichess.org/hg5vu1MY#43,,
01q4k,7k/pb3pbp/1p2p1p1/2p1P1P1/2P3qP/PP3N2/5P2/R2Q1K2 b - - 3 32,b7f3 d1d8 g7f8 d8f8,519,100,100,407,endgame kingsideAttack mate mateIn2 short,https://lichess.org/LkEZIb1E/black#64,,
01q52,4r3/pp3ppk/7p/1qpQ3b/5B2/8/PPP2PP1/2K1R3 w - - 3 24,e1e8 b5f1 c1d2 f1d1 d2c3 d1d5,1563,78,94,13364,advantage endgame long skewer,https://lichess.org/R5fcG7MI#47,,
01q5Z,5r1k/pp4pp/8/3B4/1P2pRQ1/P5PP/3q4/6K1 b - - 2 33,f8f4 g4c8 f4f8 c8f8,905,78,90,128,endgame mate mateIn2 short,https://lichess.org/iNMEkbgy/black#66,,
01q7A,6k1/pppq1pp1/3n1B1p/8/4r1b1/3B2Q1/PPP2PPP/4R1K1 w - - 0 19,e1e4 d6e4 g3e3 e4f6,1178,80,78,199,crushing middlegame short,https://lichess.org/0OCbQ01n#37,Ruy_Lopez Ruy_Lopez_Berlin_Defense,
01q7V,2r3k1/p4ppp/R1B1b3/2P5/4p3/2b1P3/4KPPP/7R w - - 6 26,h1c1 e6c4 e2d1 c4a6 c1c3 c8c6,1195,77,94,742,advantage capturingDefender endgame fork long,https://lichess.org/6zerQ8Jj#51,,
01q9o,r4rk1/2p1q1p1/b2pP2p/p2P1p2/Pp1B1Pn1/3Q2R1/BP4PP/4R1K1 w - - 2 25,d3c2 e7h4 h2h3 h4g3,1261,80,94,2980,crushing middlegame short,https://lichess.org/1OMSE1L5#49,,
01qBB,3k4/8/4K3/3P1p2/5PpP/8/8/8 w - - 3 63,d5d6 g4g3 h4h5 g3g2 h5h6 g2g1q,826,106,90,27,advancedPawn crushing endgame long pawnEndgame promotion,https://lichess.org/h1RcQjuq#125,,
01qBb,4rk2/1p2n3/1N2b3/pN2b1pB/P1P1pp2/8/1P3PP1/3RK3 b - - 3 34,e6f7 b6d7 f8g7 h5f7,1796,75,91,2729,crushing fork master middlegame short,https://lichess.org/bFN9cF7d/black#68,,
01qCT,8/p2R2pp/1p2Bp2/4pP2/6P1/4k2P/P1P4r/4K3 w - - 2 34,e1d1 h2h1,981,94,89,58,endgame mate mateIn1 oneMove,https://lichess.org/242vzbxu#67,,
01qFm,8/5p1p/p2r1pk1/1p2p3/1n2P3/3BK1P1/1PP2P1P/R7 w - - 1 24,f2f4 d6d3 c2d3 b4c2 e3d2 c2a1,1786,75,94,419,crushing endgame fork long sacrifice,https://lichess.org/VmwR9ijs#47,,
01qGf,5Bk1/pppq1r2/2n5/4p1p1/P5bb/2P1PN1B/3P2K1/R2Q1R2 w - - 0 22,h3g4 d7g4 g2h1 h4g3 f3h2 g4e4,2771,111,90,526,advantage long middlegame quietMove,https://lichess.org/hq3AsMAw#43,,
01qGo,1k1r4/p7/1pQ1pP2/2p4q/P1P4P/8/1BP2PP1/6K1 w - - 1 27,f6f7 d8d1 g1h2 h5h4,1430,436,33,3,endgame mate mateIn2 short,https://lichess.org/vsyYDWH6#53,,
01qHx,5k2/p4p1p/1p4p1/8/4P3/2r5/P4PPP/1R4K1 w - - 0 23,b1b2 c3c1,440,111,87,899,backRankMate endgame mate mateIn1 oneMove rookEndgame,https://lichess.org/BF06uOQW#45,,
01qI9,1r6/1n4p1/1P1p1kp1/4p3/4P3/3K1P1P/5BP1/2R5 w - - 11 46,d3c4 b8c8 c4b5 c8c1,1327,77,90,1856,crushing endgame short skewer,https://lichess.org/EHkqqYZ1#91,,
01qIp,5rk1/p5pp/2ppp3/4p2R/4N1q1/5Q2/PPP3P1/1K6 w - - 3 22,f3g4 f8f1 g4d1 f1d1,400,111,83,1596,backRankMate endgame mate mateIn2 short,https://lichess.org/RquBZOf4#43,,
01qJr,r2qkb1r/pp2pppp/2n5/1Bpn4/3P2b1/2N2N1P/PPP2PP1/R1BQK2R b KQkq - 0 7,c5d4 c3d5 d8d5 b5c6 b7c6 h3g4,2309,100,73,46,crushing long master opening,https://lichess.org/HbWPcr4u/black#14,Sicilian_Defense Sicilian_Defense_Nimzowitsch_Variation,
01qKS,5r2/1N4k1/8/p1pP2pp/P1P1br2/RP6/3R2PP/6K1 w - - 1 32,d2d1 f4f2 b7c5 f2g2,1950,85,82,54,advantage endgame short,https://lichess.org/nbc7eL03#63,,
01qRs,8/8/1P6/1KR1k3/5p2/8/8/r7 b - - 1 63,e5e4 c5c4 e4f5 b6b7 a1b1 c4b4 b1b4 b5b4,1925,79,93,327,advancedPawn crushing endgame rookEndgame veryLong,https://lichess.org/bEfGV4ND/black#126,,
01qS4,r1bq1rk1/ppbn2pp/2p1p3/4Np2/3PBB2/2P1P2Q/PP3PPP/R3K2R w KQ - 0 13,e4d3 d7e5 f4e5 c7e5,1298,77,93,1407,advantage middlegame short,https://lichess.org/0T0H2M1F#25,Queens_Pawn_Game Queens_Pawn_Game_London_System,
01qSx,r1bq4/pp4k1/7p/3pp1p1/5rn1/1B1Q4/PPPN1PPP/R4RK1 w - - 0 18,d3d5 d8d5 b3d5 f4d4 d5b7 c8b7,1652,74,90,410,advantage fork long middlegame,https://lichess.org/rrYCZMax#35,Sicilian_Defense Sicilian_Defense_Open,
01qTU,3r1k2/pp4pQ/5b2/2P5/P5qP/2P1R1P1/5P1K/8 b - - 0 35,d8d2 h7h8 f8f7 h8e8,1003,76,100,313,endgame mate mateIn2 short,https://lichess.org/MeSWnD6z/black#70,,
01qUO,1n4k1/p6p/2p1q3/2Pp4/P2bP3/1QN2r1P/6P1/R3R2K w - - 3 30,e4d5 f3h3 g2h3 e6h3,1452,80,92,416,mate mateIn2 middlegame sacrifice short,https://lichess.org/op7hHTzT#59,,
01qV4,2rqk2r/p4p1p/7b/3QPp2/2p5/2N5/PPnP2PP/R1B2RK1 w k - 0 19,f1f5 d8d5 c3d5 c2a1,1712,75,87,827,advantage middlegame short,https://lichess.org/DFXZZZ6o#37,Italian_Game Italian_Game_Two_Knights_Defense,
01qVU,4r1k1/Rb5p/1P1B2p1/6P1/8/3n1p2/4N1P1/6K1 w - - 0 38,e2g3 e8e1 g1h2 f3g2 g3e2 e1h1,2461,81,100,459,advancedPawn crushing endgame long,https://lichess.org/xqqywDUn#75,,
01qVt,6R1/r7/3p4/6p1/4Pp2/5P2/5kPK/8 w - - 0 48,g8g5 a7h7 g5h5 h7h5,735,77,100,220,endgame master mate mateIn2 rookEndgame short,https://lichess.org/cQw7CAHw#95,,
01qYN,8/8/1p1p4/p2P3p/P3pPk1/4K1P1/8/8 b - - 1 44,g4g3 f4f5 h5h4 f5f6 h4h3 f6f7,1769,122,64,22,advancedPawn crushing endgame long master pawnEndgame quietMove,https://lichess.org/4XBUXVNy/black#88,,
01qax,r4nk1/pp5p/2pBp2K/2Pp2P1/3Q4/7P/PPB1q3/8 b - - 1 31,e2c2 d4g7,719,81,100,225,endgame master mate mateIn1 oneMove,https://lichess.org/yjaYnOsD/black#62,,
01qfU,r2q1k1r/pppN1p2/3pb2p/6p1/2nQ4/8/PPP2PPP/R4RK1 b - - 5 16,d8d7 d4h8 f8e7 h8a8,876,91,93,139,advantage hangingPiece middlegame short skewer,https://lichess.org/qBk26Y80/black#32,Four_Knights_Game Four_Knights_Game_Scotch_Variation_Accepted,
01qgQ,5rk1/pp1q2pp/3N2n1/3Pr3/6Qb/6BP/PPB2PK1/4R3 b - - 2 27,h4g3 g4d7 e5e1 g2g3,1973,134,83,14,advantage intermezzo master middlegame short,https://lichess.org/zmZCOenL/black#54,,
01qh2,r1b1r1k1/pp1p1Npp/2p2q2/2bn3Q/2B5/3P4/PPP2PPP/R1B2RK1 w - - 0 12,c4d5 f6f2 g1h1 f2f1,1880,77,95,19179,deflection kingsideAttack mate mateIn2 opening short,https://lichess.org/3VDxYtAy#23,Italian_Game Italian_Game_Giuoco_Pianissimo,
01qhs,2r2k2/R4B1p/1p2p3/8/4P3/1P2P1P1/P2r3P/6K1 w - - 1 24,f7e6 c8c1,726,91,85,484,endgame mate mateIn1 oneMove,https://lichess.org/ht0tUadV#47,,
01qi9,8/8/p6p/1p3k2/6p1/PP2K1P1/7P/8 b - - 0 55,a6a5 e3d4 b5b4 a3b4,1738,75,86,199,crushing endgame pawnEndgame short,https://lichess.org/pjAuJRDB/black#110,,
01qiV,8/5k1p/5Pp1/5pK1/7P/8/6P1/8 b - - 0 50,h7h6 g5h6 f7f6 g2g3 f6f7 h6h7,2360,92,90,140,crushing endgame long pawnEndgame quietMove zugzwang,https://lichess.org/ZEOgK1g7/black#100,,
01qn2,r6k/1b2rpp1/5q1B/1pppbP1Q/p3P1RR/P2P3P/B5P1/7K b - - 0 29,g7h6 h5h6 f6h6 h4h6,795,79,100,259,kingsideAttack mate mateIn2 middlegame short,https://lichess.org/6LGkUZ0m/black#58,,
01qoq,8/3k4/3p1p2/2pK1P2/p2p2P1/P2P4/2P5/8 w - - 0 34,d5c4 d7c6 c2c3 d6d5,1368,96,83,32,endgame mate mateIn2 pawnEndgame short,https://lichess.org/76NBeWZo#67,,
01qsT,4K3/5p1p/5kp1/8/7P/6P1/5P2/8 b - - 2 55,h7h6 f2f3 f6g7 e8e7,2734,117,89,618,crushing endgame master masterVsMaster pawnEndgame quietMove short zugzwang,https://lichess.org/gNuakJrz/black#110,,
01qx9,3r3r/p1kq4/1pp5/3p2p1/QN1Pp1bp/P7/1PP3PP/R4R1K b - - 3 25,h4h3 f1f7 c7d6 f7d7,2158,77,79,89,crushing middlegame pin short,https://lichess.org/2gnDx23T/black#50,,
01r0n,6k1/p1r3bp/R1n1p1p1/3p1p2/Br1P4/4PNqP/1PP3P1/Q3R1K1 b - - 1 25,b4b6 a6b6 a7b6 a4c6,1725,78,78,63,advantage middlegame short,https://lichess.org/4HnEC823/black#50,,
01r6M,r1b1r2k/1p3Qp1/2nB1n1p/5qN1/1P2p2P/3B2P1/1P3P2/3R1K1R w - - 0 24,d3e4 e8e4 f7f8 f6g8 f8f5 c8f5,2048,79,91,100,advantage long middlegame,https://lichess.org/G2ELO6WO#47,,
01r7u,8/1p1k1pp1/p5p1/3nR3/3P4/Q5P1/P3KP1r/7q b - - 9 32,d7c6 a3c5 c6d7 e5d5 h1d5 c5d5,1726,76,85,415,crushing deflection endgame exposedKing long,https://lichess.org/myiacqxm/black#64,,
01rBE,r1bqr3/ppppk1pp/1b3n2/nP2p1NP/4P3/2PP4/P4PP1/RNBQK2R b KQ - 0 11,d7d5 c1a3 e7d7 g5f7 d8e7 a3e7,1601,76,93,2755,advantage long middlegame trappedPiece,https://lichess.org/evdwQ8hm/black#22,Italian_Game Italian_Game_Two_Knights_Defense,
01rCU,8/1p1b2pk/1p2r3/8/3B1K2/1P5P/P2R4/8 b - - 2 39,e6h6 d4g7 h7g7 d2d7,1595,75,80,277,advantage attraction discoveredAttack endgame short,https://lichess.org/Fpx67Jjx/black#78,,
01rCa,5r1k/b1q1R1p1/p4rnp/2P2N2/1P4Q1/7R/P4PPP/6K1 b - - 7 28,c7d8 f5h6 d8e7 h6f5 h8g8 f5e7,2576,82,94,515,advantage discoveredAttack kingsideAttack long middlegame sacrifice,https://lichess.org/hBFbSPc4/black#56,,
01rEy,2b4k/1p4bp/3R2p1/3B4/2p2B2/3r2P1/n5KP/8 b - - 3 29,h7h6 d6d8 h8h7 d5g8,1451,78,92,1165,advantage fork master middlegame short,https://lichess.org/PfrxvkuT/black#58,,
01rGK,2r1r1k1/p2q1pp1/7p/2p1Bb2/2Q5/7P/PPP2PP1/R3R1K1 w - - 3 24,a1d1 e8e5 d1d7 e5e1 g1h2 f5d7,1760,84,71,38,advantage intermezzo long middlegame,https://lichess.org/HVBct5tu#47,,
01rGW,6B1/p2R4/5p1p/r5k1/4b3/6P1/P5PK/8 b - - 9 44,a5c5 d7g7 g5f5 g8h7 f5e6 h7e4,1401,78,92,1594,advantage deflection endgame long skewer,https://lichess.org/Jz8c5wYb/black#88,,
01rGp,1r6/5pkp/6p1/8/8/8/1pR2PPP/rR4K1 w - - 2 39,c2b2 a1b1 b2b1 b8b1,860,88,87,540,backRankMate endgame mate mateIn2 rookEndgame short xRayAttack,https://lichess.org/bxPR69ZC#77,,
01rH2,r4rk1/pp1q1p2/2np2pP/2p2b2/2B1PB1b/5P1P/PPP3Q1/R3R1K1 b - - 0 20,f5h3 g2g6 g8h8 g6g7,1483,78,92,971,kingsideAttack mate mateIn2 middlegame pin short,https://lichess.org/SwWNbUXa/black#40,,
01rIM,1r2r1kb/7p/3pP1pB/p1q1n3/2p1PN2/P1P5/B2Q4/2KR3R w - - 3 25,d1g1 c5a3 c1d1 b8b2,2162,75,74,114,crushing middlegame queensideAttack short,https://lichess.org/rtwuBu78#49,,
01rK7,2R1r1k1/5p2/6p1/7p/3B4/7P/q4PP1/2R3K1 b - - 7 37,e8c8 c1c8 g8h7 c8h8,647,83,100,81,endgame mate mateIn2 short,https://lichess.org/01gitAMG/black#74,,
01rKq,1r1k1r2/p2n1Q1p/2pN4/6p1/5B2/8/P1P3PP/5K2 w - - 1 23,f4g5 d8c7 g5f4 b8b1 f1e2 f8f7,2120,110,58,14,advantage endgame long pin,https://lichess.org/aPzcOO6V#45,,
01rPb,4r2r/pQ3pk1/1np3p1/3p4/3P1NK1/1P2P1P1/P4q2/2R1R3 b - - 1 29,e8e3 e1e3 f2e3 c1c6,2481,93,82,43,advantage middlegame short,https://lichess.org/RWiwz4Jp/black#58,,
01rQs,r7/1q2Rpk1/p5rp/1p1b2p1/5n2/8/PQ4PP/4R1K1 b - - 3 35,g7g8 e7e8 a8e8 e1e8 g8h7 b2h8,884,79,100,322,long mate mateIn3 middlegame,https://lichess.org/Qf3G1Z29/black#70,,
01rSr,8/6k1/3p2p1/p2P3p/4P3/3B4/5K2/8 w - - 0 46,f2g3 a5a4 d3c2 a4a3,1287,82,91,739,bishopEndgame crushing endgame master quietMove short,https://lichess.org/xnizLU9K#91,,
01rTi,1b5R/pp1k4/2p1N3/5p2/QBPp4/3P4/PP2q1r1/2K5 w - - 5 36,e6c5 d7e7 c5d7 e7f7 h8h7 f7g6,2074,145,88,11,crushing defensiveMove long middlegame,https://lichess.org/0sLB9Gqp#71,,
01rWZ,r6k/ppp2B2/3p1b1p/4p2r/2P1Pp2/P2P1n2/1P3PRq/R4Q1K w - - 0 27,g2h2 h5h2,906,81,97,248,arabianMate kingsideAttack mate mateIn1 middlegame oneMove,https://lichess.org/WFz9uXcF#53,,
01raT,6k1/5r2/4K1p1/3R2P1/8/8/8/8 b - - 9 69,g8g7 d5d7 f7d7 e6d7 g7f7 d7d6,1021,103,86,37,crushing defensiveMove endgame long master rookEndgame,https://lichess.org/s7qT56Ht/black#138,,
01ref,1k3r2/pp2b2Q/3p2p1/5nB1/3q4/8/PP3PPP/2R3K1 b - - 1 23,e7g5 h7c7 b8a8 c7c8 f8c8 c1c8,925,93,79,47,backRankMate endgame long mate mateIn3 sacrifice,https://lichess.org/Q4HyoXk6/black#46,,
01rfL,5rk1/3Q1ppp/pp6/8/5P2/1Pq5/2PR2PP/7K b - - 1 24,f8c8 d7d8 c8d8 d2d8,959,77,72,95,backRankMate endgame mate mateIn2 sacrifice short,https://lichess.org/k8OaQkjH/black#48,,
01rfX,2r3k1/1b1nqpp1/3Qp2p/1Pp5/2N5/4P3/r3BPPP/1RR3K1 b - - 10 25,e7h4 d6d7 a2e2 d7b7,2005,120,86,17,crushing hangingPiece master middlegame short,https://lichess.org/uTUCvT9M/black#50,,
01rgi,rn1qkbnr/pp2pppb/2p4p/7P/2P1N3/3B1N2/PP2QPP1/R1B1K2R b KQkq - 0 10,b8d7 e4d6,1043,85,91,738,mate mateIn1 oneMove opening pin smotheredMate,https://lichess.org/qGETyzwU/black#20,Caro-Kann_Defense Caro-Kann_Defense_Classical_Variation,
01riG,8/8/6kp/2R1PNp1/2P5/1P4K1/r7/4n3 w - - 5 35,e5e6 a2g2 g3h3 g5g4 h3h4 e1f3,1586,77,97,31477,cornerMate endgame exposedKing long master mate mateIn3,https://lichess.org/XCT1rd46#69,,
01rio,8/p7/8/2pp4/4kPp1/1K4P1/P1P5/8 b - - 3 35,a7a5 a2a3 e4f5 b3a4,2612,88,55,47,crushing endgame pawnEndgame quietMove short zugzwang,https://lichess.org/DtghQiRc/black#70,,
01rp4,8/ppQ3p1/2b1p1k1/3q1n2/3P4/4B3/5PPP/R5K1 w - - 3 28,c7f4 d5g2,721,97,88,362,endgame mate mateIn1 oneMove,https://lichess.org/dN3MD73I#55,,
01rpc,8/5k2/4p1p1/p6p/2Kp1P1P/1P6/P2Q4/6q1 b - - 1 45,g1e3 d2e3 d4e3 c4d3 e3e2 d3e2,1687,75,97,1152,crushing endgame long queenEndgame,https://lichess.org/gn3bBdJg/black#90,,
01ryb,8/p5k1/1r1b2bp/6p1/2B1r3/2P3P1/PP4PK/R1BR4 w - - 9 28,c4d3 e4h4 h2g1 d6c5,1462,74,80,277,crushing middlegame pin short,https://lichess.org/1eZmWFed#55,,
01s0p,r4rk1/pp3p2/2p1p1RQ/3pP2n/3P1q2/2PB1p2/PP5R/7K b - - 0 23,f7g6 h6g6 h5g7 h2h8 g8h8 g6h7,1951,91,82,67,attraction exposedKing fork long mate mateIn3 middlegame sacrifice,https://lichess.org/ZtpvIQFf/black#46,,
01s3S,1r6/8/3q1kp1/3p1p2/1P1P3Q/2P5/3n1PPP/4R1K1 b - - 12 35,f6g7 e1e7 d6e7 h4e7,931,75,98,911,crushing endgame short,https://lichess.org/tSH88PE5/black#70,,
01s5n,3r4/p4ppk/2q4p/2NpPb2/1P1Q4/2P2P2/P6P/3R3K w - - 11 41,c3c4 d5c4 d4d8 c6f3,1102,82,83,334,advantage discoveredAttack endgame pin sacrifice short,https://lichess.org/vJr2AQeC#81,,
01s7f,2k2N2/pp6/3P4/2p2N2/P3Pqp1/2P2r1r/1P2Q1Kp/5R1R w - - 1 35,f5e7 c8b8 f1f3 g4f3 g2h3 f3e2,1905,75,87,709,advancedPawn crushing exposedKing fork long master middlegame,https://lichess.org/UbvYjQXX#69,,
01s7u,4r1k1/Q4pbp/p5p1/1p2q3/4pp2/1B5P/P4PP1/3R3K b - - 1 35,e4e3 b3f7 g8h8 f7e8,2034,79,91,382,advantage endgame fork short,https://lichess.org/yvyv4Bod/black#70,,
01sBy,8/2p2k2/4R2p/1r1P2p1/2K3P1/8/7P/8 b - - 2 35,b5b6 e6b6 c7b6 c4b5 f7e7 b5c6,1990,76,84,107,crushing endgame long master rookEndgame,https://lichess.org/IEYU8CBE/black#70,,
01sDW,r2q2k1/ppp3p1/2npbn1B/2bNp3/4P3/3P2Q1/PPP2PPP/R4RK1 b - - 0 13,e6d5 g3g7,596,103,83,83,kingsideAttack mate mateIn1 middlegame oneMove,https://lichess.org/gTmO5l6K/black#26,Four_Knights_Game Four_Knights_Game_Italian_Variation,
01sGM,3q1r1k/6pp/4Qn2/8/3P1R2/5P2/r6P/2R1B2K b - - 0 32,a2h2 h1h2 d8b8 e1d2,2129,84,85,31,crushing defensiveMove hangingPiece middlegame short,https://lichess.org/SJtPkORi/black#64,,
01sIs,7r/2k1n1b1/1pqp1pp1/1R2p2p/2PpP3/r2P1B1P/PQ2NKP1/R7 b - - 1 26,h8a8 e2d4 e5d4 e4e5 d6d5 c4d5,1858,74,84,149,crushing long middlegame sacrifice,https://lichess.org/u5IRJkzm/black#52,,
01sJv,r4rk1/pb2q1pp/1p6/1N3p2/4p1Q1/4P3/P1B2KPP/1R5R w - - 0 26,g4g3 f5f4 e3f4 e7c5,1938,79,79,37,advantage middlegame short,https://lichess.org/ktJ53kXh#51,,
01sLK,4q3/2r2p1k/4pRrp/4P2Q/2ppPB2/8/1PP3P1/7K b - - 3 37,e8f8 h5g6 f7g6 f6f8,1749,73,95,18595,advantage endgame short,https://lichess.org/MBIZxdJr/black#74,,
01sMU,8/2r3p1/5k2/4R3/1pp2P2/5K2/PP6/8 w - - 0 42,f3e3 c4c3 b2c3 b4c3 e3d4 c3c2,1739,77,97,12350,endgame,https://lichess.org/SB1n9X94#83,,
01sTk,6k1/5pp1/4p3/3p1q1P/2rP3R/4QPK1/8/8 b - - 4 34,g7g5 h5g6 f7g6 e3h6,2066,79,84,151,crushing enPassant endgame short,https://lichess.org/FKimk9Dm/black#68,,
01sW7,6k1/3n2pp/4p3/2p1b1P1/4P3/1P3RNP/3Q2BK/qr6 b - - 1 32,d7f8 d2d8 e5g3 h2g3 a1e5 f3f4,2275,87,86,83,crushing long master middlegame,https://lichess.org/YfwICqAS/black#64,,
01sWw,2rb4/1p6/p2Bk3/P2RPp2/1P1K1Pp1/6Pp/7P/8 w - - 5 41,d5c5 c8c5 d4c5 d8h4,2045,77,89,231,advantage endgame short,https://lichess.org/LZeS7p7L#81,,
01sfN,3R4/pbr1kpbp/1p4p1/8/2B2P2/8/PP4PP/1R4K1 w - - 2 21,d8b8 b7e4 b1e1 c7c4,2064,76,88,124,advantage endgame short,https://lichess.org/qOUcl7fA#41,,
01sj4,2r2r2/2q2pk1/5npp/p1p1pN2/1pb1P2N/3PQ3/PP3PPP/5RK1 b - - 1 22,g6f5 h4f5 g7g8 e3g3 f6g4 g3g4 g8h8 g4g7,2070,81,91,189,mate mateIn4 middlegame veryLong,https://lichess.org/LwGILHs2/black#44,,
01skO,r4r1k/pp2q3/4p1Q1/1b1p1p2/3R1R2/2P4P/PP4P1/7K b - - 4 27,f8f7 f4h4 f7h7 h4h7 e7h7 g6f6 h8g8 d4h4 h7h4 f6h4,1913,76,93,846,crushing exposedKing fork middlegame veryLong,https://lichess.org/wIC3CEEU/black#54,,
01sqg,4rr1k/pp4pp/2p1Bn2/2b1pP1q/8/2NP1R2/PPPB2QP/4K3 b - - 6 20,f6d5 f3h3 c5f2 e1f2 h5h3 g2h3,1590,75,94,1857,crushing long master middlegame trappedPiece,https://lichess.org/6y7s342f/black#40,,
01sr1,8/k7/p5R1/1p5p/3b1P1K/1P1r3P/1P2R1P1/7r b - - 0 48,h1d1 e2e7 a7b8 g6g8,899,108,94,844,endgame mate mateIn2 short,https://lichess.org/PFhVPn5z/black#96,,
01srl,2r1r3/pQ5p/5kp1/1P6/P7/8/5PPP/4R1K1 w - - 1 34,e1e8 c8c1 e8e1 c1e1,801,97,95,3389,backRankMate endgame mate mateIn2 queenRookEndgame short,https://lichess.org/T6cxLj6c#67,,
01sub,3r2kr/p5pp/1p2Q3/2pNP3/3n4/4B3/PP4PP/5RK1 b - - 0 26,d4e6 d5e7,712,99,93,442,cornerMate endgame master mate mateIn1 oneMove,https://lichess.org/Ftx7Gnzi/black#52,,
01sxB,8/6p1/3k3r/1R6/6Kp/7P/5P2/8 b - - 0 50,h6f6 b5b6 d6e7 b6f6 e7f6 g4h4 g7g5 h4h5,2392,86,84,75,crushing endgame rookEndgame veryLong,https://lichess.org/MUlIWoeK/black#100,,
01t5u,2r3k1/5pb1/p2p2p1/1p4Q1/3N2PP/1P6/n4r2/K2R3R w - - 4 38,h4h5 a2c3 d1d2 c3e4,2669,88,92,710,advantage middlegame short,https://lichess.org/2QlngKte#75,,
01t67,2r5/8/p3P3/5P2/7K/2p4P/P2k1P2/4R3 w - - 4 53,e1g1 c8h8 h4g4 h8g8,1994,78,91,469,advantage endgame rookEndgame short,https://lichess.org/pSXm71OB#105,,
01t6f,r4rk1/2qb2pp/p2bp3/1p1nnN2/1P2Q3/P1P3N1/2B2PPP/R1B2RK1 b - - 0 21,d5c3 f5h6 g7h6 e4h7,1896,76,96,13766,discoveredAttack kingsideAttack mate mateIn2 middlegame sacrifice short,https://lichess.org/zgaMr6Zr/black#42,,
01t8S,N1bk3r/pp1p4/3R1n2/7p/2Q1P1q1/8/PPP1KR2/8 w - - 1 28,f2f3 g4g2 f3f2 g2e4 c4e4 f6e4,2275,83,84,203,crushing exposedKing long middlegame,https://lichess.org/fL85dAcw#55,,
01tAr,5k2/prr2pp1/4pq2/8/3R4/2pQP1P1/P4P1P/2R3K1 b - - 1 26,b7b2 d4d8 f6d8 d3d8,655,79,100,207,endgame mate mateIn2 short,https://lichess.org/7rE15GwH/black#52,,
01tFL,r1bq1r1k/pp2p2p/3p1nRQ/2p5/8/1B1P4/PPP2bPP/RNB4K b - - 3 15,f6g8 h6g7,1438,78,91,636,mate mateIn1 oneMove opening,https://lichess.org/Wrr17mb6/black#30,Pirc_Defense Pirc_Defense_Other_variations,
01tHG,4k2r/4bppp/4p2n/1Q2P3/3pqPP1/7P/1P1P4/2B2RK1 b k - 0 19,e8f8 b5b8 e7d8 b8d8,705,78,90,128,mate mateIn2 middlegame short,https://lichess.org/4hf2Mtod/black#38,,
01tIS,2kr2nr/ppp2ppp/2n5/8/2PPP3/4B2q/P1P1BP2/R2Q1RK1 b - - 0 13,d8d6 e2g4 h3g4 d1g4,821,79,88,166,advantage fork middlegame short,https://lichess.org/FqCLI5fN/black#26,Nimzowitsch_Defense Nimzowitsch_Defense_Scandinavian_Variation,
01tUB,8/8/p4k2/P2p3p/3P1K1P/8/8/8 w - - 4 48,f4f3 f6f5 f3e3 f5g4,800,98,81,308,crushing endgame pawnEndgame short zugzwang,https://lichess.org/g3LPb3Po#95,,
01tXe,5rk1/6b1/pp2p1Qn/4P3/3qBPP1/3p4/PP4KP/5R2 b - - 3 30,h6f5 g6e6 g8h8 e4f5,1852,76,92,588,advantage middlegame short,https://lichess.org/sTaPsXZr/black#60,,
01tYs,r1bq1rk1/pp2bppp/2p1pR2/8/3PQ3/3B4/PPP1N1PP/R1B3K1 b - - 0 12,e7f6 e4h7,1359,338,100,7,kingsideAttack mate mateIn1 middlegame oneMove,https://lichess.org/u4SS6aPp/black#24,Blackmar-Diemer_Gambit_Accepted Blackmar-Diemer_Gambit_Accepted_Ryder_Gambit,
01tZ5,1r2n1r1/2q2ppk/2pb1B2/1p2pN1p/4P3/4Q1RP/PP3PP1/R5K1 b - - 1 25,e8f6 g3g7 g8g7 e3h6 h7g8 h6g7,1184,75,100,960,attraction fork long mate mateIn3 middlegame sacrifice,https://lichess.org/PtrA8zgf/black#50,,
01tZS,r5k1/p4pp1/2pB4/6P1/2p3np/P1N5/BPP5/5K2 w - - 0 26,a2c4 g4e3 f1f2 e3c4,899,77,99,900,advantage endgame fork short,https://lichess.org/YimAxyBC#51,,
01tbt,8/pp1k4/3P2P1/2P2n2/P1K3N1/7p/8/8 w - - 3 44,c4d5 f5e3 g4e3 h3h2 d5d4 h2h1q,987,92,78,206,advancedPawn crushing endgame knightEndgame long promotion sacrifice,https://lichess.org/Wetici7a#87,,
01td9,4r1k1/1p3p2/1r5p/Q3p1p1/2P5/3P1PPb/P4qNP/R2R3K w - - 2 27,a5d2 h3g2,1300,118,69,44,kingsideAttack mate mateIn1 middlegame oneMove,https://lichess.org/FAz5AMOF#53,,
01tei,8/8/8/1kr2P1R/8/6K1/8/8 w - - 0 52,f5f6 c5h5 g3g4 h5h8 g4f5 b5c6,2315,86,88,571,crushing defensiveMove endgame hangingPiece long quietMove rookEndgame,https://lichess.org/DlcVV8pm#103,,
01tfG,8/8/6p1/1p1k1p1p/1Pn2P1P/2K5/2N2P2/8 w - - 6 46,c2e3 c4e3 f2e3 d5e4 c3d2 e4f3,1212,75,96,1684,crushing endgame knightEndgame long,https://lichess.org/Lgnoyd4w#91,,
01tgp,6r1/4pk2/p1rp1n2/4pQ2/Np2P3/1P2qRp1/P1P5/1K3R2 b - - 1 33,e3e2 f5h5 g8g6 f3f6 e7f6 h5e2,2099,87,91,1033,crushing discoveredAttack long master middlegame pin,https://lichess.org/PXmzJTvm/black#66,,
01ti6,4n1k1/K5b1/1p6/7p/1P1B1PpP/P3P1P1/8/8 b - - 0 46,g7d4 e3d4 b6b5 a7b6 e8d6 b6c7,2788,103,91,1436,crushing endgame long,https://lichess.org/8qL1LjAS/black#92,,
01tjv,4rr1k/2p3pp/p2P4/1p3p2/1P4n1/1BP1qP1R/P4QP1/R5K1 w - - 0 25,f3g4 e3f2 g1f2 f5g4 f2g1 g4h3,1553,77,96,30441,advantage discoveredAttack discoveredCheck intermezzo kingsideAttack long middlegame,https://lichess.org/HIXIuFaM#49,,
01tnZ,4R3/1p6/1Pp2k1K/5P2/P4r2/8/8/8 b - - 4 50,f6f5 e8f8 f5e4 f8f4 e4f4 a4a5,1264,81,94,3972,crushing defensiveMove endgame long rookEndgame,https://lichess.org/vonX5zdk/black#100,,
01tol,4nrk1/2pR2pp/5p2/p7/P5QP/1q6/1B4P1/1K6 b - - 1 27,f6f5 d7g7 e8g7 g4g7,1386,76,92,674,endgame mate mateIn2 short,https://lichess.org/XbK2oJ4T/black#54,,
01tqF,2r2rk1/p4ppp/1p2p3/3pP2Q/3N4/7R/P4PPP/R1q3K1 w - - 1 23,a1c1 c8c1 h5d1 c1d1,600,108,53,181,backRankMate endgame mate mateIn2 short,https://lichess.org/owD26G0W#45,,
01tr2,8/5p1k/3q2pp/1R6/pP6/P1Q3PP/5PK1/3r4 w - - 1 37,b5b7 d6d5 c3f3 d1g1 g2g1 d5f3,1184,81,83,1258,crushing deflection endgame fork long,https://lichess.org/S2AzvY4t#73,,
01ttc,r3Q1k1/pp3pbp/1q6/3p3p/5B2/2Pn1P2/PP1N1R2/4R1K1 b - - 0 21,a8e8 e1e8 g7f8 f4e3 b6d6 f2g2,1876,108,87,24,advantage long middlegame,https://lichess.org/LzFmzOKV/black#42,,
01tvj,r1b2rk1/pp3pp1/2nbp3/3n2NQ/3q4/P7/1P3PPP/RNB2RK1 b - - 5 17,f7f6 h5h7,994,129,100,28,mate mateIn1 oneMove opening,https://lichess.org/0QHALer9/black#34,Sicilian_Defense Sicilian_Defense_Alapin_Variation,
01tyT,8/5p2/3Q4/6pk/PP4qp/6P1/5PKP/8 w - - 2 48,d6c5 h4h3 g2f1 g4d1,1313,79,94,656,endgame mate mateIn2 queenEndgame short,https://lichess.org/nHIZqqzx#95,,
01tz1,r3r1k1/p1p2ppp/4b3/7q/6n1/2BP4/PPP2RPP/RN3QK1 w - - 10 17,f2e2 h5h2,949,77,76,125,kingsideAttack mate mateIn1 middlegame oneMove,https://lichess.org/SNyqIX3Q#33,Ruy_Lopez Ruy_Lopez_Berlin_Defense,
01u1D,5rk1/5Qpp/1r3p2/6q1/1PB4n/P6P/5PP1/3R1R1K b - - 0 22,f8f7 d1d8,825,100,77,144,mate mateIn1 middlegame oneMove pin,https://lichess.org/DVuLGJSS/black#44,,
01u1J,r1b2rk1/5ppp/4p3/1p6/1P6/5P2/2PR2PP/2K2B1R w - - 0 18,f1b5 a8a1 c1b2 a1h1,1025,124,83,29,advantage endgame master short skewer,https://lichess.org/YJSWWDyj#35,Sicilian_Defense Sicilian_Defense_Taimanov_Variation,
01u1v,1qr3k1/1r3ppp/p2p4/b2P4/4PpPP/2P5/PP1QN3/K2R3R w - - 0 23,e2f4 b7b2 d2b2 a5c3 b2c3 c8c3,1569,75,82,290,advantage long middlegame pin sacrifice,https://lichess.org/54S4ocKV#45,,
01u7S,2Q5/1p5k/1p3K2/8/8/P1P3q1/8/8 b - - 2 49,g3f4 c8f5 f4f5 f6f5,1280,167,16,18,crushing endgame master queenEndgame short,https://lichess.org/htXhPpId/black#98,,
01u7X,3r2k1/4qp2/4r1pp/1p6/pP5P/4bRP1/P1B1Q1PK/5R2 w - - 1 30,h2h1 d8d2 e2b5 d2c2,1468,77,93,2024,advantage interference middlegame short,https://lichess.org/O32ftR2e#59,,
01uAD,8/1R5p/p5p1/3N3k/PP3P2/6K1/5r1r/8 b - - 4 47,g6g5 b7h7 h5g6 h7h2,1526,76,86,156,crushing endgame short,https://lichess.org/zHEZrOIo/black#94,,
01uCs,1r5r/2p2ppp/Q5b1/5kq1/4p3/2P5/P1PR1PPP/2K3NR b - - 2 17,g5g2 d2d5 f5g4 a6e2 g4h4 e2e1,2685,91,93,574,advantage long middlegame,https://lichess.org/PnxtF9kI/black#34,Blackmar-Diemer_Gambit Blackmar-Diemer_Gambit_Zeller_Defense,
01uDY,4R3/p2r1ppk/7p/3p4/P2Q4/2P2P1P/6PK/1q6 b - - 2 31,b1b7 d4d3 g7g6 d3d4 f7f6 d4f6,1324,77,93,983,crushing endgame long,https://lichess.org/YUgdyZZJ/black#62,,
01uDg,1q2nr1k/5p1p/4NP2/p7/5p1Q/4R3/1PP3PP/1K6 b - - 0 32,f4e3 e6f8 e8f6 h4f6,1297,75,94,1439,crushing endgame hangingPiece master short,https://lichess.org/RCNZUXRe/black#64,,
01uFt,2k1q3/pp1r4/6p1/3p4/6Q1/1B6/PPP5/1K1R4 w - - 0 33,d1d5 e8e1 d5d1 e1d1 g4d1 d7d1,642,91,54,35,backRankMate endgame long mate mateIn3,https://lichess.org/HCzogcJU#65,,
01uGJ,4r1k1/Bp1b1p1p/3p1Qp1/4p3/1P2P3/P6P/B4PPK/2q5 b - - 0 25,d7e6 a7e3 c1e3 f2e3,1753,77,92,3241,advantage endgame short,https://lichess.org/D0ZjugwL/black#50,,
01uH8,3r4/R1R5/6pk/p2r3p/3p1P2/7P/6P1/7K b - - 5 50,g6g5 f4f5 d5d7 c7d7 d8d7 a7d7,2442,83,85,110,crushing endgame long quietMove rookEndgame,https://lichess.org/CjFkBz3M/black#100,,
01uI5,rn1Br1k1/pp3ppp/2p5/3p3b/3P4/5B1P/PPP2PP1/RN2R1K1 b - - 0 14,h5f3 e1e8,582,87,100,453,backRankMate hangingPiece mate mateIn1 middlegame oneMove,https://lichess.org/JfkAS8xm/black#28,French_Defense French_Defense_Exchange_Variation,
01uIa,2r2rk1/1p4p1/p3p2p/3p1p1q/8/2P1R3/PP1N1P2/RQ3K2 w - - 0 25,d2f3 f5f4 e3d3 e6e5,2046,140,69,12,crushing defensiveMove master middlegame short,https://lichess.org/W6FZAi1T#49,,
01uJ7,2kr3r/ppp3p1/1bnp2qp/1P1NppN1/4P3/3P4/P1PQ1PPP/2KR3R b - - 0 14,c6d4 d5e7 c8b8 e7g6,941,96,96,261,crushing fork middlegame short,https://lichess.org/iAWrbcVZ/black#28,Italian_Game Italian_Game_Rousseau_Gambit,
01uSL,q7/5pkp/1n2pnp1/2p1p3/1p6/1P1PNN1P/2PQ1PP1/6K1 w - - 0 24,f3e5 a8a1 e3f1 a1e5,1186,77,94,1753,crushing endgame fork master short,https://lichess.org/r1oPr9h5#47,,
01uWs,2kr3r/bpp2pp1/2pqbn2/P6p/1p2P3/2PP3P/2N1BPP1/R1BQK2R w KQ - 1 14,c2b4 f6e4 d3e4 d6c5 e1g1 d8d1,2596,85,93,2436,crushing discoveredAttack long middlegame sacrifice,https://lichess.org/47BesqQE#27,Russian_Game Russian_Game_Stafford_Gambit,
01uXH,R7/8/5p2/8/8/1P3k1K/Pr6/8 w - - 2 46,h3h4 b2h2,647,99,96,272,endgame mate mateIn1 oneMove rookEndgame,https://lichess.org/FvWUxpdc#91,,
01uYa,r4rk1/ppp2Rpp/8/4q3/2Bb2b1/2N5/PP4PP/R4Q1K b - - 0 17,g8h8 f7f8 a8f8 f1f8,565,95,73,283,kingsideAttack mate mateIn2 middlegame short,https://lichess.org/2ChO3iiL/black#34,Italian_Game Italian_Game_Giuoco_Pianissimo,
01ujj,8/K7/8/6kp/8/8/P7/8 w - - 0 46,a7b7 h5h4 a2a4 h4h3 a4a5 h3h2 b7b8 h2h1q,458,109,79,629,advancedPawn crushing endgame pawnEndgame promotion quietMove veryLong,https://lichess.org/VOofa0Hd#91,,
01upx,4r1k1/1p1r1pp1/p6p/3p2q1/PPnB4/4PQ2/2R2PPP/2R3K1 b - - 0 24,e8e4 c2c4 d5c4 f3e4,1438,76,79,604,crushing deflection middlegame short,https://lichess.org/ELHziFGE/black#48,,
01ur6,r2q2k1/4p1b1/5pN1/2p2Qp1/8/1p1P2P1/1PPK2P1/7R b - - 1 28,b3c2 f5e6,1497,86,87,2311,endgame mate mateIn1 oneMove,https://lichess.org/bZrVblU1/black#56,,
01utE,r1b2r1k/5pp1/p3p1B1/1p1p2p1/3q4/P7/1PQ2PK1/7R b - - 3 28,h8g8 g6h7 g8h8 h7g8 d4h4 h1h4 g5h4 c2h7,1415,79,85,223,discoveredAttack discoveredCheck mate mateIn4 middlegame veryLong,https://lichess.org/Vx6I0drZ/black#56,,
01uuS,5rk1/2p1R1pp/p4q2/8/3P4/2N1N1Pb/PP3r1P/R2Q2K1 w - - 3 23,c3d5 f2g2 g1h1 f6f2 d5f6 g7f6 d1g1 g2g1,2372,77,67,171,clearance crushing kingsideAttack middlegame veryLong,https://lichess.org/K4ap90lr#45,,
01uzu,1r6/3k4/3p1p2/2p1p1p1/2PBP1Pp/Pp1P1P1P/1K6/1R6 b - - 0 42,c5d4 a3a4 b8b7 b2a3,1889,75,82,111,crushing endgame quietMove rookEndgame short,https://lichess.org/yHuaUKKZ/black#84,,
01v4V,6k1/1p2rpp1/p2q1n1p/3P4/1P6/P1NQ3P/5PP1/R5K1 w - - 0 24,g1f1 d6h2 c3e2 e7e2 f1e2 h2e5,2163,80,88,98,advantage attraction endgame long sacrifice,https://lichess.org/FwLWMFO5#47,,
01v6D,3rr1k1/p6p/2Q2pp1/5b2/1P6/2P5/P2NqPPP/R1KR4 b - - 0 25,d8d2 d1d2 e2e1 d2d1,1150,79,84,572,advantage middlegame short,https://lichess.org/oX1ErHWm/black#50,,
01v8U,8/p7/1p2nkr1/2p4R/2Pn4/3R2P1/PP3BK1/8 w - - 6 36,d3e3 e6f4 g2h2 f4h5,869,105,100,42,endgame master,https://lichess.org/XDluWHZJ#71,,
01v9U,6rk/p1RR2p1/4qp1Q/4p3/6Pn/P4P2/1P6/K7 b - - 0 44,g7h6 d7h7,652,83,100,258,endgame mate mateIn1 oneMove,https://lichess.org/WoHF4XGf/black#88,,
01vB3,r2q1rk1/1b3ppp/p2b4/1p1n4/2p1R3/1BPP1N2/PP3PPP/R1BQ2K1 w - - 0 16,d3c4 d5c3 b2c3 b7e4,1691,76,89,73,advantage discoveredAttack middlegame short,https://lichess.org/38R71JOq#31,Ruy_Lopez Ruy_Lopez_Closed,
01vCu,rn2r1k1/ppp2ppp/3p4/8/3qP3/4BQP1/P1P4P/R4RK1 b - - 3 17,d4e5 f3f7 g8h8 f7f8 e8f8 f1f8,1013,93,91,1505,backRankMate long mate mateIn3 middlegame sacrifice,https://lichess.org/sEAi1dbu/black#34,Vienna_Game Vienna_Game_Vienna_Gambit,
01vGt,r7/3r1kpp/p1N1qpb1/1pR5/1P2pQ2/7P/1P3PP1/R5K1 b - - 2 33,e6b3 c6e5 f7g8 e5d7,1010,83,69,55,advantage middlegame pin short,https://lichess.org/4ddoZtgx/black#66,,
01vI5,r2qr1k1/pp4pp/5bn1/3p2N1/Q4Bb1/2N5/PP1R1PPP/4R1K1 w - - 6 19,c3d5 e8e1,1078,164,50,15,backRankMate hangingPiece master mate mateIn1 middlegame oneMove,https://lichess.org/iRmPOyg7#37,,
01vLC,3r2k1/5p2/1p2p2p/q3P1p1/5P1P/P4Q2/6PK/2R5 b - - 0 34,g5h4 f3g4 g8h7 c1c7 d8f8 g4e6,2127,75,91,479,crushing endgame long pin,https://lichess.org/SFAq3QJ1/black#68,,
01vOv,1r3rk1/5p1p/3qp1p1/p2pRP2/3P2P1/2P5/P2Q3P/4R1K1 b - - 0 20,g6f5 d2g5 g8h8 g5f6,1204,77,92,309,advantage endgame short,https://lichess.org/NbYWC9el/black#40,,
01vPy,8/4k3/4n3/8/2P3PP/P2Q4/6K1/r7 w - - 17 55,g4g5 e6f4 g2f3 f4d3,888,97,96,1449,crushing endgame fork short,https://lichess.org/igbxGmO9#109,,
01vQy,8/8/1Pk2p2/4p2p/2K5/5P2/6P1/8 w - - 0 43,g2g3 f6f5 b6b7 c6b7,1515,79,93,1205,crushing endgame master pawnEndgame quietMove short,https://lichess.org/o3NZT9Aj#85,,
01vUA,r4rk1/p1pN3p/1p2pppP/8/8/2B5/PPP3b1/2K2R1R b - - 1 23,f8f7 d7f6 f7f6 c3f6,2036,83,90,2568,advantage kingsideAttack middlegame short,https://lichess.org/hRdjeCoO/black#46,,
01vYY,2b5/4qpkp/3n1bp1/3B4/3N4/5N1P/2Q2PP1/6K1 w - - 2 30,c2b3 f6d4 f3d4 e7e1,1046,76,92,3922,advantage middlegame short,https://lichess.org/kIFrwg3a#59,,
01vYl,r6r/p1p2pk1/1p1qpbB1/8/3P2R1/2P2P2/PPQ2P1P/2KR4 b - - 0 18,f7g6 c2g6 g7f8 g6f6,1037,75,98,784,crushing deflection middlegame short,https://lichess.org/o8LdbiLg/black#36,French_Defense French_Defense_Rubinstein_Variation,
01vaS,3R1k2/nbp1q1p1/4PpQp/pp6/6P1/P3p3/1P2BbP1/1K5R b - - 2 29,e7d8 g6f7,787,78,100,274,mate mateIn1 middlegame oneMove,https://lichess.org/7mboHHWn/black#58,,
01vel,q5k1/P2Q1pp1/1r3bb1/3p4/8/3pB2P/5PP1/R5K1 b - - 1 31,b6b7 d7b7 a8b7 a7a8q b7a8 a1a8,1140,76,100,162,advancedPawn advantage long middlegame promotion,https://lichess.org/cAYGX3C0/black#62,,
01vf9,8/1pp2Rpk/3p3p/1q1Pb3/4P3/3P4/5Q1P/1r3B1K b - - 1 32,e5f6 f2f6 b1f1 f6f1,1736,81,92,2170,crushing endgame master pin short,https://lichess.org/s3zc1GsU/black#64,,
01vj4,8/8/p7/5k2/2npb2P/P2p2P1/5R2/4K3 b - - 1 44,f5g4 f2f4 g4g3 f4e4,690,101,83,361,crushing endgame fork master short,https://lichess.org/SY8cjodN/black#88,,
01vlR,1r2k1nr/N3pp1p/6p1/8/8/8/PbP2PPP/R1B1K2R w KQk - 0 14,a1b1 b2c3 e1e2 b8b1,900,90,94,1585,crushing discoveredAttack middlegame short,https://lichess.org/VAGMnN9z#27,Sicilian_Defense Sicilian_Defense_Accelerated_Dragon,
01vlx,8/8/8/7p/5Kpk/7P/6P1/8 b - - 1 54,g4h3 g2g3,1243,86,62,39,endgame mate mateIn1 oneMove pawnEndgame,https://lichess.org/hc1vvFPF/black#108,,
01voN,4q1k1/pppb1p1p/3p2pb/3P4/2PQ1P2/2B2BP1/PP5P/6K1 b - - 1 24,h6g7 d4g7,1010,125,47,32,endgame kingsideAttack mate mateIn1 oneMove,https://lichess.org/mvYIfa98/black#48,,
01vqY,2r3k1/pR5p/3bpq1p/3p4/8/P2Q1NP1/5P1P/6K1 b - - 2 30,c8f8 d3h7,676,94,89,504,endgame master mate mateIn1 oneMove,https://lichess.org/KTXmT2Mb/black#60,,
01vsS,8/2p5/1p1p1Pk1/p1nP2N1/P1P2K2/8/8/8 w - - 2 48,g5e6 c5e6 d5e6 g6f6,1518,80,92,1609,crushing endgame knightEndgame short,https://lichess.org/b7zg0CD6#95,,
01vue,6k1/R5p1/2r5/8/P4p1r/N3nP2/6P1/4R1K1 w - - 3 40,a3b5 c6c2 e1e3 f4e3,1864,80,88,89,crushing endgame short,https://lichess.org/w78Ldrjj#79,,
01vxD,rn1q1r1k/pbN5/1pp1Qp1p/2Pp2p1/3Pn3/P7/1P2PPPP/R3KBNR w KQ - 1 17,c7a8 b7c8 e6c8 d8c8,1851,76,94,7185,crushing middlegame short trappedPiece,https://lichess.org/daIHjPA3#33,Queens_Gambit_Declined Queens_Gambit_Declined_Normal_Defense,
01vxK,6rk/1R3Qp1/6Pp/p6P/8/2PP1p2/K7/3q4 b - - 0 50,d1d3 f7g8 h8g8 b7b8 d3d8 b8d8,1300,87,71,54,attraction endgame long mate mateIn3 sacrifice,https://lichess.org/Jz82SN2j/black#100,,
01vys,8/8/4p1k1/5qp1/8/6QP/5PK1/8 w - - 13 94,g3d6 f5d5 d6d5 e6d5 g2f3 g6f5 f3e3 f5e5 e3d3 d5d4 f2f3 e5d5,2268,84,76,85,crushing defensiveMove endgame master masterVsMaster queenEndgame quietMove veryLong zugzwang,https://lichess.org/1c1XWvJg#187,,
01vyt,2kr2r1/ppp2pqp/2n1b3/2N5/2pp4/5N2/PPP1QPPP/R4RK1 w - - 0 14,c5e6 g7g2,708,81,100,176,kingsideAttack mate mateIn1 middlegame oneMove,https://lichess.org/vNqZn4cv#27,Italian_Game Italian_Game_Two_Knights_Defense,
01vzt,1k5r/ppp4p/2p5/4bQp1/4P3/3r2P1/Pq1BKPBP/2RR4 b - - 1 22,d3d2 d1d2 b2c1 f5e5,1165,83,93,1169,advantage middlegame short,https://lichess.org/Jg5sO2rV/black#44,,
01w3s,r4r1k/ppp1q1pp/6N1/5Q2/2B5/2P5/P1P2PPP/2KR4 b - - 2 21,h7g6 f5h3 e7h4 h3h4,1171,75,98,5994,endgame mate mateIn2 short,https://lichess.org/vDbgzIXr/black#42,,
01w4t,5rk1/pp2q1p1/1n2p3/2p4Q/2P4R/1Pr5/P5PP/4R1K1 b - - 1 29,e7f6 h5h7 g8f7 e1f1,1713,77,82,229,advantage middlegame pin short,https://lichess.org/ov6CgqK4/black#58,,
01w6U,5rk1/1p5p/p2Ppq2/4n1p1/1P1QP3/P6P/5PpN/3R2K1 w - - 0 33,h2g4 e5f3 g1g2 f6d4 d1d4 f3d4,1995,76,88,102,advantage discoveredAttack endgame fork long,https://lichess.org/BZlnJpsT#65,,
01w7J,r2q3r/pp3pk1/1n1b1Np1/2pP4/8/8/PP2B1PP/R3QRK1 w - - 3 18,e1c3 d6h2 g1f2 d8f6 c3f6 g7f6,1675,76,68,761,crushing long middlegame,https://lichess.org/fo0qdVdH#35,Queens_Gambit_Declined Queens_Gambit_Declined_Normal_Defense,
01wET,6k1/1P1B1p2/4p3/3pP1Pp/P4K1P/2r5/1R3QP1/2q5 w - - 5 39,f2d2 c1f1 d2f2 f1c4 f2d4 c4d4,2004,75,95,12412,endgame long mate mateIn3,https://lichess.org/4SBlrc5J#77,,
01wG2,rn3rk1/p4ppn/2pp1q1p/1p3N2/3bP1Q1/2N4P/PPP2PP1/R1B1K2R w KQ - 2 14,f5h6 g8h8 h6f5 d4c3 b2c3 f6c3,1613,76,94,717,advantage long middlegame,https://lichess.org/SeNZHRIe#27,Petrovs_Defense Petrovs_Defense_Other_variations,
01wIv,3r4/p5R1/8/2p2p1k/2K1rB2/2P2bR1/PP3P2/8 w - - 3 40,c4b3 f3d1 b3a3 e4a4,1648,74,98,6536,endgame mate mateIn2 operaMate short,https://lichess.org/xNeKTRXN#79,,
01wOR,8/7p/8/1kp3p1/4p1P1/1PK1Pp1P/5P2/8 b - - 0 46,b5b6 c3c4 b6c6 b3b4 c5b4 c4b4 c6d5 b4b5,2184,77,81,395,crushing defensiveMove endgame pawnEndgame veryLong,https://lichess.org/Y05FtE37/black#92,,
01wOb,r1b2rk1/ppp2Bpp/3p4/3P4/3p4/3P1Q2/PPq2PPP/R3R1K1 b - - 0 14,f8f7 e1e8 f7f8 f3f8,1023,80,89,94,kingsideAttack mate mateIn2 middlegame short,https://lichess.org/XDURiLLZ/black#28,Ruy_Lopez Ruy_Lopez_Steinitz_Defense,
01wOq,2r3k1/6p1/3q3p/1R1Pp2P/P1p1p3/2Q3P1/5P2/5K2 b - - 1 36,c8c5 c3b4 d6d5 b5c5,2166,77,92,3077,crushing endgame master short,https://lichess.org/Ieh2qhFK/black#72,,
01wS5,b5rk/6p1/qNpQR2p/5p2/3P4/5P2/1P4PP/6K1 b - - 1 32,a6b6 e6h6 g7h6 d6h6,929,77,99,3084,endgame mate mateIn2 sacrifice short,https://lichess.org/lVaVeCfQ/black#64,,
01wTd,8/5pk1/q3p1p1/p1BpPnPp/Pp3P2/1P2P3/2Q2K2/8 b - - 3 42,a6c6 c5f8 g7f8 c2c6,826,77,100,175,crushing discoveredAttack endgame short,https://lichess.org/7HQsZyWf/black#84,,
01wap,8/5p2/4k3/6p1/3KP1P1/8/8/8 w - - 5 56,d4d3 e6e5 d3e3 f7f6 e3f3 e5d4,1464,79,93,266,crushing endgame long master pawnEndgame quietMove zugzwang,https://lichess.org/AlDmSKUJ#111,,
01wbG,1Q2nkr1/5p2/3p2b1/2pP4/2P1p3/4P1B1/P2KBPP1/7q b - - 0 24,h1a1 g3d6 f8g7 d6e5 e8f6 b8g8 g7g8 e5a1,2004,150,89,10,crushing fork middlegame pin veryLong,https://lichess.org/29CcWUyx/black#48,,
01wdX,5qk1/p2nN1pp/5r2/1p1p2N1/2pP4/2P5/PPQ3PP/5RK1 b - - 0 24,f8e7 c2h7 g8f8 h7h8,859,94,95,3553,endgame kingsideAttack mate mateIn2 short,https://lichess.org/8iV5yCBV/black#48,,
01we5,8/8/6k1/6P1/p1PK1P2/6rp/8/3R4 w - - 1 46,c4c5 a4a3 c5c6 h3h2 d4e5 g3g1,2414,101,90,1016,advancedPawn crushing endgame long rookEndgame,https://lichess.org/E5ydu6PA#91,,
01wn6,r3nRk1/1p4b1/3p4/p1pP2NQ/P1P3N1/3q3P/1P6/6K1 b - - 14 34,g7f8 h5f7 g8h8 f7f8,1713,78,89,185,deflection mate mateIn2 middlegame short,https://lichess.org/nF7o9QTF/black#68,,
01wpQ,4q1k1/2p3bp/2N5/3P4/p4p2/5P1P/PP1Qr1P1/1R4K1 w - - 3 31,d2f4 e8g6 c6e7 e2e7,2080,78,67,414,advantage endgame master short,https://lichess.org/tZvRKrSH#61,,
01ws2,1q3bk1/5ppp/8/3QP3/2B5/6NP/6PK/4r3 b - - 3 38,e1e5 d5f7 g8h8 f7g8,939,91,96,438,endgame master mate mateIn2 short,https://lichess.org/Zmxs5jrC/black#76,,
01wtQ,8/2K5/pp2nkp1/4p1Np/5p1P/2P3P1/PP3P2/8 w - - 2 35,g5e6 f6e6 g3f4 e5f4 c7b6 g6g5,2099,83,88,89,crushing endgame long,https://lichess.org/4yQvmela#69,,
01wui,r4rk1/1b3p1p/pq1p2p1/1p3P2/B1p1P3/2P2R2/P1PQ2PP/R6K b - - 0 19,b7e4 f5f6 d6d5 d2h6 b6f6 f3f6,1692,76,88,181,advantage long middlegame,https://lichess.org/gIUHtKBx/black#38,,
01wxe,8/8/4k1p1/1p1p3p/pP3P1P/P1P3K1/8/8 w - - 3 52,g3f3 e6f5 f3e3 f5g4,1053,83,88,857,crushing endgame pawnEndgame short zugzwang,https://lichess.org/tIu8wbe8#103,,
01wyO,8/8/8/pp1p1k2/6pP/1PP3K1/P7/8 w - - 0 41,a2a3 b5b4 c3b4 a5b4 a3a4 d5d4,1768,78,93,2145,crushing defensiveMove endgame long pawnEndgame,https://lichess.org/rl4A3tVa#81,,
01x2C,4r3/4r3/3kP2p/pppPRRpP/3pKpP1/1P3P2/1P6/8 b - - 1 46,e8c8 f5f7 e7f7 e6f7,1154,95,92,525,advancedPawn crushing endgame master masterVsMaster rookEndgame short,https://lichess.org/CSvEgmUa/black#92,,
01x76,5rk1/6pp/2pQ4/3pN3/5q2/2P2b1P/6P1/4R1K1 w - - 0 29,g2f3 f4g3 g1f1 f8f3 e5f3 g3d6 e1e8 g8f7,1631,78,94,464,advantage discoveredAttack endgame exposedKing fork veryLong,https://lichess.org/gHnDYMnI#57,,
01x7T,3r1bk1/7p/3P2p1/RP3p2/1q2pP1P/1B1p2P1/Q6K/8 b - - 0 42,g8g7 a5a7 g7h6 b3g8 f8g7 a7g7 d8g8 a2g8,2529,87,92,2968,crushing endgame master veryLong,https://lichess.org/IU4Qd45l/black#84,,
01x8M,k5r1/pp3p1p/4P2p/2p3r1/P3pQ2/1P6/1BP2R1K/8 w - - 3 30,e6f7 g5h5 f4h4 h5h4,1141,76,93,318,endgame mate mateIn2 short,https://lichess.org/nWiUruS8#59,,
01xBJ,1kr5/6RP/1pp5/7r/p1P5/8/PP3PP1/6K1 b - - 3 45,c8h8 g7g8 b8c7 g8h8,773,119,93,461,crushing endgame rookEndgame short,https://lichess.org/cRnr7YrG/black#90,,
01xC6,4r1k1/pp4n1/2p2Q2/2P5/P2P1P2/2q5/2P3R1/6K1 b - - 1 30,e8e1 g1h2 e1e7 f6e7,1289,77,93,996,crushing endgame short,https://lichess.org/FU4475Fl/black#60,,
01xK4,r1bqk2r/1pp2pp1/3p1n1p/p1b1p3/2BnP3/P1NPBN1P/1PP2PP1/R2QK2R w KQkq - 2 9,f3d4 e5d4 e3d2 d4c3,1169,76,77,252,advantage fork opening short,https://lichess.org/YdZawJON#17,Italian_Game Italian_Game_Giuoco_Pianissimo,
01xM4,r1b2rk1/pp4pp/2p1p2q/3pPp2/2PP2n1/1PN1P1P1/PB2QnBP/R4R1K w - - 1 18,f1f2 h6h2,922,79,100,93,kingsideAttack mate mateIn1 middlegame oneMove,https://lichess.org/uO96UPDf#35,Dutch_Defense Dutch_Defense_Normal_Variation,
01xUb,r1b1k2r/1p2qpbp/p1n1pnp1/8/Q7/2N2N2/PP1B1PPP/2KR1B1R b kq - 9 14,b7b5 f1b5 e8g8 b5c6,2142,75,96,3036,advantage opening pin short,https://lichess.org/ApuqVi6k/black#28,Sicilian_Defense Sicilian_Defense_Alapin_Variation,
01xVK,2b2rk1/3pbppp/3r4/q7/2p5/6P1/PPQ1PPBP/R1B1K2R w KQ - 2 16,c1d2 d6d2 c2d2 e7b4 d2b4 a5b4,1470,74,95,18475,crushing long master middlegame pin sacrifice,https://lichess.org/GXCpY5SI#31,Benko_Gambit_Accepted Benko_Gambit_Accepted_Fully_Accepted_Variation,
01xXd,8/5p2/p3pkp1/1p1b4/1P1R2PP/P3KP2/8/8 w - - 1 48,e3f4 e6e5 f4e3 e5d4,830,81,98,362,crushing endgame fork short,https://lichess.org/0l2y8XD9#95,,
01xY2,r1b2rk1/2b1qpp1/p1p1p2p/1p2P3/4Q3/2PB2N1/PP3PPP/4RRK1 b - - 2 17,c8b7 e4h7,523,136,73,54,mate mateIn1 middlegame oneMove,https://lichess.org/vMKvGq3O/black#34,Sicilian_Defense Sicilian_Defense_Pin_Variation,
01xZd,r4rk1/p3ppbp/6p1/8/1B2n3/4PN2/P4PPP/R4RK1 w - - 0 19,b4e7 f8e8 e7a3 g7a1,1694,75,97,2958,advantage middlegame short,https://lichess.org/HK3HUePu#37,Benoni_Defense Benoni_Defense_Other_variations,
01xaX,2k2b1r/2p2ppp/p1N1p3/7n/q1P2B2/P5P1/5PBP/1R4K1 b - - 3 20,h5f4 b1b8 c8d7 b8d8,1762,75,88,370,mate mateIn2 middlegame queensideAttack short,https://lichess.org/LEFiihue/black#40,,
01xbu,2r2r2/2b1qpk1/p1n1pn1p/1pPp2pN/1P1P4/P2Q3P/2BB1PP1/R3R1K1 b - - 3 23,f6h5 d3h7 g7f6 h7h6,1148,93,100,44,deflection mate mateIn2 middlegame short,https://lichess.org/uVv0qtDl/black#46,,
01xdR,5rk1/1q3ppb/4p2p/B2p4/3Pn2N/Q3P2P/Pr2BPP1/2R1K2R w K - 2 21,f2f3 e4g3 e2a6 b7a6 a3b2 a6a5,2431,77,91,1489,crushing long middlegame,https://lichess.org/g5Xmz5rK#41,,
01xdm,r3k2r/4bppp/p2p4/2pPp3/4P1n1/2N2P1q/PP1BQP1P/R3K2R b KQkq - 6 15,g4h2 e1c1 h3f3 h1h2 f3e2 c3e2,1874,80,73,312,advantage castling long middlegame,https://lichess.org/kaULwkrz/black#30,Sicilian_Defense Sicilian_Defense_Alapin_Variation,
01xjo,r2qb2k/4b1p1/p3p2p/1p1pn1P1/3n3P/P1N5/1P3P2/RBBQK2R w KQ - 3 23,d1d4 e5f3 e1f1 f3d4,923,84,92,73,advantage fork middlegame short,https://lichess.org/Avj9yhYn#45,,
01xk5,r3k2r/pp1n1pp1/4p3/3pPnPp/2pP1Q1P/2B2N2/qPPK1P2/3R3R b kq - 5 19,g7g6 d1a1 a2a1 h1a1,1040,82,91,3053,advantage middlegame short trappedPiece,https://lichess.org/yHqZWJsM/black#38,Caro-Kann_Defense Caro-Kann_Defense_Advance_Variation,
01xkD,r3r3/2R2pkp/4p1p1/pR4P1/5P2/B1b5/P6P/5K2 b - - 4 28,a8c8 c7c3 c8c3 a3b2 g7f8 b2c3,1728,75,92,4158,attraction crushing endgame long pin sacrifice,https://lichess.org/YtQdfMJp/black#56,,
01xmi,r1bqk2r/pp2nppp/4p3/2bnP3/8/3B1N2/PP2QPPP/RNB2RK1 b kq - 1 10,e7g6 d3g6 f7g6 e2b5 c8d7 b5c5,2001,75,95,14509,clearance crushing fork long opening,https://lichess.org/SbKuJPQI/black#20,Caro-Kann_Defense Caro-Kann_Defense_Advance_Variation,
01xnx,7k/ppp3p1/1b4qp/5b2/1P3R2/PQ6/2RBrPPP/6K1 b - - 11 25,f5c2 f4f8 h8h7 b3g8,991,83,91,639,mate mateIn2 middlegame short,https://lichess.org/THPDCFZf/black#50,,
01xow,6k1/ppq3pp/2pNQpn1/2Pp4/8/6P1/PP4PP/3rN1K1 b - - 0 24,g8h8 e6e8 g6f8 e8f8,586,90,98,1733,endgame kingsideAttack mate mateIn2 short,https://lichess.org/sn4QiXR9/black#48,,
01xuW,3rb1k1/6p1/p1p2q1p/1pP1N3/3P4/P3R2P/1P4P1/3Q2K1 w - - 5 35,e3f3 f6e5 d1b3 e5d5,1637,74,89,551,crushing endgame short,https://lichess.org/tQSpXCuc#69,,
01xvi,5rk1/pp3pp1/7Q/4Pq1p/8/6RP/5rP1/4R2K b - - 1 27,g7g6 e5e6 f2f1 e1f1 f5f1 h1h2 f1f6 e6f7,1898,75,90,219,advancedPawn advantage endgame veryLong,https://lichess.org/1s0TtzmW/black#54,,
01xyH,4k1r1/p4p2/1pb1pB2/2b4p/4P3/1P1r2P1/P4PBP/RN3RK1 w - - 1 17,h2h4 d3g3 g1h1 g3g2,1590,75,92,746,crushing middlegame pin short,https://lichess.org/TazgBSnB#33,Zukertort_Opening Zukertort_Opening_Sicilian_Invitation,
01xyJ,8/7p/5Kpk/5p2/8/4p1Pr/8/4R3 b - - 3 43,h3g3 e1h1 g3h3 h1h3,797,117,95,975,endgame mate mateIn2 rookEndgame short,https://lichess.org/8nzH0Au5/black#86,,
01xzs,r5k1/2R3pp/p7/4Pp2/1P3P2/4P3/1P3P1r/R4K2 w - - 1 28,c7c6 h2h1 f1g2 h1a1,736,86,93,889,advantage endgame rookEndgame short skewer,https://lichess.org/WlCe8061#55,,
01y0W,1k3q1r/1p1Q1P2/p1p5/3pb3/4p3/8/PP4PP/1R3R1K w - - 1 28,d7e6 h8h2 h1g1 h2g2 g1g2 f8g7,2419,86,89,88,attraction crushing endgame long sacrifice,https://lichess.org/fmpA5fNy#55,,
01y4n,3rk1nr/p4pp1/2p4p/1p2b3/6b1/1P3N2/1PP2PPP/RNB1K2R w KQk - 0 13,f3e5 d8d1,438,89,100,150,mate mateIn1 middlegame oneMove operaMate,https://lichess.org/XlfwWati#25,Italian_Game Italian_Game_Anti-Fried_Liver_Defense,
01y4w,r1b2rk1/ppp2ppp/3p4/4q3/P7/3BP2P/1PPQ1PP1/1R2K2R b K - 1 14,e5d5 d3h7 g8h7 d2d5,813,86,91,327,crushing discoveredAttack kingsideAttack middlegame short,https://lichess.org/auzq1IR4/black#28,Van_Geet_Opening Van_Geet_Opening_Reversed_Nimzowitsch,
01y7r,1k1Qr3/p1p3p1/Bpb2r1p/8/2P5/2q5/P4PPP/3R1RK1 b - - 4 22,e8d8 d1d8,809,123,44,29,mate mateIn1 middlegame oneMove queensideAttack,https://lichess.org/pflTVHge/black#44,,
01y88,5r2/1P1k4/3bp3/6p1/3K4/4P1p1/6B1/7R b - - 5 39,f8f2 h1h7 d7e8 g2c6 e8f8 h7d7,2172,77,91,330,crushing endgame long master,https://lichess.org/KXYwIKUv/black#78,,
01yBL,1r4k1/7p/p5p1/1b1Q4/2R5/7P/1q3PP1/6K1 b - - 1 38,g8g7 c4c7 g7h8 d5f7 b2a1 g1h2,1308,76,92,493,advantage endgame long,https://lichess.org/DOyiGLZ8/black#76,,
01yBt,4k1r1/2pN3Q/pq3r2/1p6/1P6/P2B3P/7K/3b4 w - - 22 44,d7b6 f6f2 h2h1 d1f3,989,76,91,191,endgame mate mateIn2 morphysMate short,https://lichess.org/QNy71vca#87,,
01yFV,8/2p3p1/2k1pp1p/1p2P3/1PP2PP1/3K4/7P/8 w - - 0 29,d3d4 f6e5 f4e5 b5c4 d4c4 c6b6,2439,101,90,361,crushing defensiveMove endgame long pawnEndgame,https://lichess.org/D3hgSRwK#57,,
01yHG,6r1/ppR2pr1/1q1pk3/4p3/P6p/1P3Q1P/5PB1/2R3K1 w - - 5 34,g1h2 g7g2 f3g2 g8g2,833,85,86,211,advantage middlegame short,https://lichess.org/7VfaP9Wq#67,,
01yLY,2r2rk1/pp2ppbp/3p2p1/5b2/2PP1B1N/1PnQ4/q3BPPP/2R2RK1 w - - 4 19,h4f5 c3e2 d3e2 a2e2,948,77,88,268,advantage fork master middlegame short,https://lichess.org/pKp8aOcr#37,,
01yS4,r5kr/pp1n2p1/3BpnQ1/q1pp3p/1b1P3P/2N5/PPP1NPP1/R4RK1 w - - 2 15,a2a3 b4c3 b2c3 a5a6 d4c5 a6e2,2314,81,85,150,advantage fork long middlegame,https://lichess.org/hgyyrH68#29,Caro-Kann_Defense Caro-Kann_Defense_Advance_Variation,
01ySE,2k5/6K1/2q2pQ1/p7/8/6P1/7P/8 w - - 0 66,g6f6 c6f6 g7f6 a5a4,1148,104,71,56,crushing defensiveMove endgame queenEndgame short,https://lichess.org/xLCcgJbV#131,,
01ySx,3r2k1/p4q1p/1p4p1/8/1P2p3/P3P3/1Q1r1PPP/2R1R1K1 w - - 0 27,b2e5 f7f2 g1h1 f2g2,940,102,96,2716,endgame mate mateIn2 short,https://lichess.org/pyuPWjq8#53,,
01yU9,4r1k1/pp3ppb/1qpb4/3pnPP1/3N4/2N4Q/PPPB2B1/R5K1 w - - 4 23,d2e3 b6b2 a1f1 b2c3,1950,79,90,1734,advantage fork middlegame short,https://lichess.org/6zZ2hANU#45,,
01yWZ,8/4r1pk/R6p/4p1P1/3pn2P/8/6K1/8 b - - 0 44,e4c3 g5g6 h7h8 a6a8 e7e8 a8e8,1395,109,88,40,endgame long mate mateIn3,https://lichess.org/6XfujWVE/black#88,,
01yYo,1r6/2p1kp2/3p4/3Pp3/p3P2P/P4R2/6P1/4K3 b - - 2 42,b8b3 f3b3 a4b3 e1d2 b3b2 d2c2 b2b1r c2b1,1634,76,93,1610,crushing endgame rookEndgame veryLong,https://lichess.org/LpR4GmYY/black#84,,
01ydA,5rk1/7p/6P1/7p/p3Q3/PpPB4/1P6/1K3q2 w - - 1 45,d3f1 f8f1 e4e1 f1e1,622,96,100,40,endgame mate mateIn2 short,https://lichess.org/xFFFHkmY#89,,
01yds,2r3k1/5p2/4b1p1/2Q1P2p/4KP2/6P1/7P/8 w - - 3 65,c5d4 c8c4 d4c4 e6c4,1241,75,100,1273,crushing endgame pin short,https://lichess.org/4fsHue7C#129,,
01yfE,2br1rk1/1pp1qpp1/pbn1p2p/2N5/1PQ5/P2P1NP1/4PPBP/2R2RK1 w - - 1 18,c5a6 c6d4 f3d4 d8d4 c4c3 b7a6,2023,77,91,133,advantage long middlegame,https://lichess.org/7uXhviBf#35,English_Opening English_Opening_Anglo-Indian_Defense,
01yhD,2r1rk2/5R2/4p2P/4P2P/1q1P4/1pp1P3/P1Q5/2KR4 b - - 0 30,f8f7 c2h7 f7f8 d1f1,1848,78,84,120,endgame mate mateIn2 short,https://lichess.org/ifuTZATL/black#60,,
01yiq,8/2R2ppp/k2r2b1/4P3/2R3Pr/1P6/1KP5/8 b - - 0 42,d6b6 c4a4 a6b5 c2c4,1216,143,57,17,endgame mate mateIn2 short,https://lichess.org/WxnY9rrC/black#84,,
01yjb,4r1k1/pp1b3p/2p1r1qB/3p3p/4pQ2/8/P5PP/R4R1K b - - 9 29,g6g4 f4f8 e8f8 f1f8,1787,113,29,52,kingsideAttack mate mateIn2 middlegame operaMate sacrifice short,https://lichess.org/6VnOzMUA/black#58,,
01ykJ,1r6/R5p1/p1b1k3/2P5/8/2n1P3/1R3PpP/6K1 w - - 0 31,b2b8 c3e2,521,108,84,702,endgame mate mateIn1 oneMove,https://lichess.org/7ruSLauv#61,,
01yo0,1r6/2qk1p1R/p1rp2n1/1p2p1Q1/4Pp2/2P5/PP1R1BP1/1K6 b - - 9 31,d7c8 g5f5 c7d7 h7f7 d7f5 e4f5,2294,91,90,1164,crushing long middlegame,https://lichess.org/i8i8s0eQ/black#62,,
01yqP,2k5/5p2/p1B2p2/8/2P1N1K1/3p2P1/PP6/5r2 w - - 0 33,c6a4 f6f5 g4h3 f5e4,1130,75,97,8193,crushing endgame fork short,https://lichess.org/WZyI7GAL#65,,
01yqX,r1b4r/1p2k3/p1p1Pb1p/2q5/2P2p2/3R4/P3QPPP/3R2K1 b - - 6 23,c8e6 d3d7 e7f8 e2e6 c5e7 d7e7,1452,76,87,275,crushing deflection long middlegame pin,https://lichess.org/U32T811c/black#46,,
01ysM,3r3k/4Rppp/p2P4/8/6P1/8/P6P/6K1 b - - 0 34,f7f6 d6d7 h8g8 e7e8 g8f7 e8d8,919,103,93,1326,advancedPawn crushing endgame long rookEndgame,https://lichess.org/4FtM96uI/black#68,,
01yso,7k/R7/5P2/6K1/8/5r2/7p/8 w - - 0 67,a7a1 f3g3 g5f4 g3g1 f6f7 h8g7 f7f8q g7f8,1827,74,84,192,crushing endgame rookEndgame veryLong,https://lichess.org/fQJpXBji#133,,
01yuj,8/5pk1/1R2p1p1/1P6/4PKPP/7r/8/8 w - - 1 37,f4g5 f7f6 g5f4 e6e5,1012,149,100,22,endgame mate mateIn2 rookEndgame short,https://lichess.org/1FPjkGXC#73,,
01yvN,5r1k/pQR4p/2p3p1/3p4/P3prK1/2N5/7P/8 w - - 4 34,g4g5 f8f5 g5h6 f4h4,721,235,54,6,endgame mate mateIn2 short,https://lichess.org/TtgFejaO#67,,
01z0l,6k1/1bq1pp1p/3p2p1/3P4/1pPQ4/1P1B3P/r4PP1/4R1K1 w - - 0 32,e1a1 c7c5 a1a2 c5d4,2207,89,90,1027,advantage endgame short,https://lichess.org/6adFwZEl#63,,
01z3s,rb2k2r/1pqn2pp/2p1pn2/p2p2B1/1P1P4/2P2Q1P/P2NBPP1/R4RK1 w kq - 2 14,b4a5 c7h2,605,85,100,135,mate mateIn1 middlegame oneMove,https://lichess.org/wRFVrpDb#27,Caro-Kann_Defense Caro-Kann_Defense_Other_variations,
01z4c,3QN1k1/1p3pb1/2r1p1p1/3pP3/3P3p/1B5P/PP3KP1/2r2n2 b - - 5 31,c6c8 e8f6,1045,77,100,641,doubleCheck master mate mateIn1 middlegame oneMove,https://lichess.org/MUMuE0Jk/black#62,,
01z5g,6k1/p4p1p/8/5PP1/3pBK2/1b6/p2r3P/2R5 b - - 5 41,h7h6 c1c8 g8g7 f5f6,1313,81,84,230,endgame mate mateIn2 short,https://lichess.org/dTF4rMML/black#82,,
01z8k,8/8/K7/P7/6kp/8/8/8 w - - 0 55,a6b6 h4h3 a5a6 h3h2 b6a7 h2h1q,442,96,68,154,advancedPawn crushing endgame long pawnEndgame promotion,https://lichess.org/hZjnusk3#109,,
01z9G,2kr1b1r/pp1n1pp1/1qp1pnp1/8/2BP1BP1/2N2Q1P/PPP2P2/2K1R2R b - - 1 15,b6d4 f3c6 b7c6 c4a6,1029,85,89,2500,bodenMate mate mateIn2 middlegame queensideAttack sacrifice short,https://lichess.org/zoXC7Dtn/black#30,Scandinavian_Defense Scandinavian_Defense_Main_Line,
01zEg,r4rk1/1ppn1p2/p1n1p1RP/3p4/3P4/P1NQPq1P/1PP2P2/2K4R b - - 0 20,f7g6 d3g6 g8h8 g6g7,890,79,57,83,kingsideAttack mate mateIn2 middlegame short,https://lichess.org/EXJZp2GR/black#40,,
01zHj,2R2bk1/1p1r1p1p/p5p1/8/3Pq3/P3PN1P/1P1Q2P1/6K1 w - - 2 32,f3e5 e4e5 d4e5 d7d2,1573,75,95,2027,advantage endgame short,https://lichess.org/2bSVdriN#63,,
01zHy,8/3r2pp/R7/3pkP2/6P1/4K3/7P/8 b - - 0 42,h7h5 a6e6,902,84,96,336,endgame epauletteMate master mate mateIn1 oneMove rookEndgame,https://lichess.org/VLhOgNr4/black#84,,
01zIg,5k2/2p3p1/p1p4p/4N1b1/8/2P1p3/PP2K2P/8 b - - 1 35,g5f4 e5g6 f8e8 g6f4,994,76,100,688,advantage endgame fork master short,https://lichess.org/5FfTCQ0M/black#70,,
01zLs,7r/1p6/2p3R1/2PpR3/5b1k/6P1/p4P1K/8 b - - 0 39,f4g3 f2g3,1131,76,98,770,endgame mate mateIn1 oneMove,https://lichess.org/q5aMjo1A/black#78,,
01zQX,4k3/B7/2q1p2p/3pPr2/2p2p2/5P1P/2Q3PK/8 b - - 0 37,f5e5 c2g6 e8d7 g6g7 d7c8 g7e5,1585,78,94,99,advantage endgame exposedKing fork long,https://lichess.org/jzqJk3Zk/black#74,,
01zRG,r2r2k1/p1p2ppp/2p1p3/4Pb2/N2R4/1q5P/5BP1/3Q1RK1 b - - 0 22,f5c2 d4d8 a8d8 d1d8,603,106,91,447,backRankMate mate mateIn2 middlegame short,https://lichess.org/kOXTd0Lj/black#44,,
01zRs,r4rk1/ppp3p1/7p/n2p1p2/3q2b1/P4PP1/1PQN2P1/1B2RK1R w - - 0 19,f3g4 f5g4 d2f3 d4c4 f1f2 c4c2,2256,82,86,619,advantage discoveredAttack discoveredCheck long middlegame,https://lichess.org/PyrEMBG0#37,Queens_Pawn_Game Queens_Pawn_Game_Mason_Variation,
01zU8,6k1/3bnppp/p4n2/1pp5/8/1BNP1N2/PPP2PPP/6K1 w - - 0 19,c3e4 f6e4 d3e4 c5c4 b3c4 b5c4,1275,84,91,2232,advantage endgame long trappedPiece,https://lichess.org/O9lWuwI8#37,,
01zUD,8/4r3/1p2P1p1/3P2PN/P2KP3/1P6/7p/5k2 b - - 1 53,h2h1q h5g3 f1e1 g3h1,761,81,76,174,crushing endgame fork master short,https://lichess.org/teYgNvBU/black#106,,
01zWA,8/2r5/1b5k/1P1PpRq1/4Q2p/6pP/6P1/2r2B1K w - - 6 41,f5g5 c1f1,605,80,100,145,endgame hangingPiece mate mateIn1 oneMove,https://lichess.org/NOitNpvw#81,,
01zWB,1r4k1/3R1Np1/p3p3/2p1PnN1/2n4p/7P/P4PP1/6K1 w - - 0 29,g5e6 b8b1 g1h2 c4e3,2199,79,88,249,advantage endgame short,https://lichess.org/zrD9c0Oe#57,,
01zXC,8/8/4kpp1/8/5PP1/5K2/8/8 w - - 1 52,f3g3 e6d5 f4f5 g6g5 g3f3 d5d4,2303,77,93,2627,crushing defensiveMove endgame long pawnEndgame quietMove,https://lichess.org/msR18GoF#103,,
01zXk,6k1/5p2/4p1r1/2Q3P1/7P/8/r7/6K1 b - - 0 49,f7f6 c5c8 g8h7 c8b7 h7h8 b7b1,2488,83,92,2280,crushing endgame exposedKing long queenRookEndgame,https://lichess.org/sWqqc3n6/black#98,,
01zZz,rn2k2r/pbpp1pbp/1pq3p1/3NP3/4N3/3QB3/PPP2PPP/R4RK1 w kq - 6 13,f2f3 c6d5 e4f6 g7f6 d3d5 b7d5,1402,77,93,1074,advantage long middlegame,https://lichess.org/w6quE3jd#25,Center_Game Center_Game_Other_variations,
01za4,4k3/pp6/6P1/2pPn3/3b2BQ/PPq5/K2R4/8 w - - 1 38,d2e2 c3a1,946,84,81,196,endgame mate mateIn1 oneMove,https://lichess.org/CqcJFSz4#75,,
01zaV,7k/6pp/8/8/R7/2P4r/1P4K1/8 b - - 1 42,h3d3 a4a8 d3d8 a8d8,413,118,94,517,backRankMate endgame master mate mateIn2 rookEndgame short,https://lichess.org/7bLOOk6f/black#84,,
01zbX,2rq1rk1/1p2bppp/p3p3/5b2/1n2N3/1P3NP1/PB3PBP/2RQ1RK1 b - - 0 15,f5e4 c1c8 d8c8 d1d4,1760,75,88,306,advantage opening short,https://lichess.org/VUIgD5Ji/black#30,English_Opening English_Opening_Caro-Kann_Defensive_System,
01zc7,7k/pb4rp/1p1pBp1q/8/1P1pNP1n/P4P2/2Q4P/2R4K b - - 5 33,g7g2 c2c8 b7c8 c1c8 h6f8 c8f8,1659,83,93,81,crushing kingsideAttack long middlegame sacrifice,https://lichess.org/AMlAJUoG/black#66,,
01zeV,8/8/1p6/pR6/n3kp1p/8/P4KPP/8 w - - 0 44,f2e2 a4c3 e2e1 c3b5,886,138,100,17,crushing endgame fork short,https://lichess.org/2njfKCHS#87,,
01zia,4r2k/6p1/7p/2P4P/2RP1P2/5Q2/3N1K2/q7 w - - 7 46,c5c6 a1e1 f2g2 e1d2,2183,78,59,311,crushing endgame fork short,https://lichess.org/5SgKcTlO#91,,
01zkP,r3kb1r/pp2nppp/3pq3/4n1N1/2p1P3/2P2Q2/PP1P2PP/RNB2RK1 w kq - 2 14,f3f7 e6f7 g5f7 e5f7,1900,76,70,81,advantage middlegame short,https://lichess.org/m8ZQyo75#27,Sicilian_Defense Sicilian_Defense_McDonnell_Attack,
01znD,8/5pk1/7p/7P/5Pq1/8/5QK1/8 w - - 0 55,f2g3 g4g3 g2g3 g7f6 g3g4 f6e6,2102,77,95,1742,crushing defensiveMove endgame long queenEndgame,https://lichess.org/iC56LUDr#109,,
01zpX,r3k2r/pp1q1ppp/8/3pb3/8/2N5/PP3PPP/R2QK2R w KQkq - 0 14,d1d5 e5c3 b2c3 d7d5,963,78,100,355,crushing intermezzo middlegame short,https://lichess.org/j4xHE3EA#27,English_Opening English_Opening_Symmetrical_Variation,
01zsb,3n3k/pp4rp/2p3q1/2p2p1n/PP6/1QN1PN1P/5PP1/2R3K1 w - - 0 28,c1d1 g6g2,879,107,100,58,kingsideAttack mate mateIn1 middlegame oneMove,https://lichess.org/Yjn3v2Vi#55,,
01zuf,3r1rk1/pb3p1p/1pn2Ppb/3pP1n1/7q/1P4N1/PB2N1PP/RB1Q1RK1 w - - 1 20,f1f4 g5h3 g2h3 h6f4 e2f4 h4f4,1633,78,94,16594,crushing discoveredAttack kingsideAttack long middlegame,https://lichess.org/vnS3rlUD#39,,
01zxK,3q3k/1br2pr1/p3pN1p/1p2P1PQ/3P4/P2B4/1P6/R4K2 b - - 2 31,d8d4 h5h6 g7h7 h6h7,1257,269,100,5,mate mateIn2 middlegame short,https://lichess.org/k4ZCCLrJ/black#62,,
01zxR,7k/r2q4/p5R1/NpPp1r1p/1P1P2nK/3Q2P1/P1N5/7R w - - 5 36,c2e3 d7e7 h4h3 g4f2 h3h2 f2d3 g6h6 h8g8,2046,76,93,1378,crushing defensiveMove fork middlegame veryLong,https://lichess.org/w7nAwamX#71,,
01zxo,5rk1/pp3Qpp/8/2P5/3R4/7P/5RPK/q7 b - - 0 30,f8f7 d4d8 f7f8 f2f8,843,107,87,621,endgame mate mateIn2 queenRookEndgame short,https://lichess.org/nj1JlCSh/black#60,,
01zzO,r4rk1/1p1b1p2/p3p1p1/q2pN2p/5Q1P/2N3R1/nPP2PP1/2K1R3 w - - 0 21,c3a2 a5e1,852,105,50,23,hangingPiece master mate mateIn1 middlegame oneMove,https://lichess.org/XCISYgA6#41,,
0202T,2r3k1/5ppp/2rqp3/2p5/PpQP4/6P1/2R1PP1P/2R3K1 b - - 2 27,c5d4 c4c6 c8c6 c2c6 d6c6 c1c6,697,104,88,756,crushing endgame long,https://lichess.org/NSQedfY7/black#54,,
0203f,r5k1/p2q2b1/1p4pR/2p1r3/2PpNp2/3P1P2/PPQ2KP1/7R b - - 0 25,g7h6 e4f6 g8g7 f6d7,1024,297,44,9,crushing fork middlegame short,https://lichess.org/4c254PVQ/black#50,,
0206q,4k3/5R2/p1p2K2/r4Ppp/6P1/7P/8/8 w - - 0 51,g4h5 a5f5 f6f5 e8f7,1338,78,85,792,crushing deflection endgame rookEndgame short,https://lichess.org/cv6t5VMQ#101,,
0207Y,8/6p1/p1p1n2p/1p2Pk2/7K/P3R3/1PP5/8 w - - 0 40,h4h5 e6f4 h5h4 f4g2 h4g3 g2e3,1715,80,85,42,crushing endgame fork long,https://lichess.org/WBYPtZtr#79,,
020Gj,r4r1k/ppp1N1pp/1b1p1p2/8/8/2PB1q1b/P1QB1P1P/R3R1K1 w - - 0 21,d3e4 b6f2,1970,83,88,655,kingsideAttack mate mateIn1 middlegame oneMove,https://lichess.org/4yncvvbj#41,,
020IV,8/4kp1p/p7/1p1K2p1/2pP2P1/2P4P/P7/8 b - - 1 32,e7f6 a2a3 a6a5 d5c5,2682,84,92,2805,advantage endgame pawnEndgame quietMove short,https://lichess.org/SvyPh2kA/black#64,,
020Jm,2r5/1b4kp/pN1P2p1/5p2/3Rpq2/1Q5P/PPr3P1/3R2K1 w - - 1 32,b6c8 f4f2 g1h2 f2g2,1099,75,100,572,mate mateIn2 middlegame short,https://lichess.org/Ay8WurNu#63,,
020Ow,8/8/p7/1p6/8/PPK5/4k3/8 b - - 0 57,e2e3 c3b4 e3d2 b4a5 b5b4 a5b4,2204,81,89,1166,crushing endgame long pawnEndgame,https://lichess.org/9mQmbavX/black#114,,
020Py,8/6bk/4Q1p1/3nP1Bp/3N4/Pp6/1q4PP/2r3RK w - - 1 40,e6d5 c1g1 h1g1 b2a1 g1f2 b3b2,1912,75,92,207,advancedPawn advantage attraction long middlegame,https://lichess.org/uHlN38F8#79,,
020XG,2rk1r2/ppp3RR/4P3/8/b1P1p3/P3P3/4KP2/8 b - - 2 36,f8e8 g7d7 a4d7 h7d7,1037,80,87,230,endgame epauletteMate mate mateIn2 sacrifice short,https://lichess.org/IsYyI1LZ/black#72,,
020Xh,r1b1k2r/pppp1ppp/6n1/3Pp3/1bP1P3/2N1BPP1/PPQ1B1P1/R4KNq b kq - 1 11,d7d6 c2a4 c8d7 a4b4,1022,83,89,843,advantage fork middlegame short,https://lichess.org/x0KpdygS/black#22,Mexican_Defense Mexican_Defense_Other_variations,
020eQ,3qr1k1/3b1p2/2p1pPp1/2NpN1Pp/1P1P3n/8/3Q1P2/R5K1 w - - 0 25,e5d7 h4f3 g1g2 f3d2,748,85,81,120,crushing fork middlegame short,https://lichess.org/IUqGqiqh#49,,
020eU,r2qk2r/pbppnppp/8/2b1p3/8/2PB3N/2PP1PPP/R1BQK2R b KQkq - 0 9,e8g8 d3h7 g8h7 d1h5 h7g8 h3g5,1856,80,95,7627,advantage attraction kingsideAttack long opening sacrifice,https://lichess.org/tAzbuJIF/black#18,Kings_Pawn_Game Kings_Pawn_Game_Other_variations,
020fP,r3qrk1/p1N3p1/6pp/2bpP3/2p3P1/P1P3PP/1P2Q3/R3R1K1 w - - 2 25,g1h1 e8c6 c7a8 f8f2,2335,75,93,1225,advantage middlegame sacrifice short,https://lichess.org/fHYAgBGD#49,,
020iD,r2qkb1r/2p1pppp/p1n2nb1/1N2N3/B2P2P1/7P/PPP5/R1BQK2R b KQkq - 0 11,c6e5 b5c7,691,80,100,637,doubleCheck mate mateIn1 middlegame oneMove,https://lichess.org/nqfS2LfA/black#22,Blackmar-Diemer_Gambit_Accepted Blackmar-Diemer_Gambit_Accepted_Teichmann_Defense,
020kO,8/8/8/1p1N2p1/6Pp/5K2/Pk6/8 w - - 5 45,d5e3 b2a2 e3c2 a2b2 c2d4 b5b4,1947,75,92,127,crushing defensiveMove endgame knightEndgame long,https://lichess.org/lWsUg0iH#89,,
020s4,r4k2/5ppp/1pN5/1P1N4/8/4P1P1/pr3P1P/R5K1 w - - 1 32,c6b4 b2b1 g1g2 b1a1,1194,77,88,179,crushing endgame short,https://lichess.org/y0ez78m5#63,,
020sD,8/5R2/3pN1pk/1Bp1b2p/P3P3/7P/r5P1/7K w - - 11 39,f7e7 a2a1 b5f1 a1f1,910,83,86,45,endgame mate mateIn2 short,https://lichess.org/Axh3R5n8#77,,
020sL,3r1rk1/pq4p1/4pnNp/1p6/1P6/P5P1/4QR1P/3R2K1 b - - 2 31,b7f7 g6f8 d8d1 e2d1,1925,77,91,2930,advantage middlegame short,https://lichess.org/RPE2FC10/black#62,,
020tK,8/3K1kp1/7p/4Pn1P/4N3/8/8/8 b - - 4 51,f5d4 e4d6 f7f8 e5e6 d4e6 d7e6,1184,77,89,74,crushing endgame knightEndgame long,https://lichess.org/IB0VTTpi/black#102,,
0212b,r3kb1r/ppp2p1p/5Q2/4p3/2B1P3/3P3P/P1P3PK/1q6 b kq - 0 15,b1c2 c4f7 e8d7 f6e6 d7d8 e6e8,2046,82,92,4466,attackingF2F7 endgame long mate mateIn3,https://lichess.org/KtIFFQg0/black#30,Kings_Gambit Kings_Gambit_Other_variations,
0212o,r4rk1/2p2pp1/1p1p3p/pB1Pn3/P3P3/2P4q/1B1Q1PP1/R5K1 w - - 0 22,g2h3 e5f3 g1g2 f3d2,712,81,100,178,advantage fork middlegame short,https://lichess.org/z6sMyCBa#43,,
0213A,2r1r1k1/1b3pp1/pp6/2bp1q2/3B4/1P1QPNnp/P4P1P/2R2RKB w - - 0 26,d3f5 g3e2,1134,77,100,247,master mate mateIn1 middlegame oneMove,https://lichess.org/3Eplz6xP#51,,
0216j,r2qr1k1/1pp1bpp1/p6p/3n4/2Bn1Q1B/2NP3P/PPP2P2/2KR3R w - - 0 17,c3d5 d4e2 c1b1 e2f4,1360,76,76,93,crushing fork middlegame short,https://lichess.org/y2tcvddV#33,Four_Knights_Game Four_Knights_Game_Spanish_Variation,
0217e,1rb1k2r/b5p1/p2pPp1p/qp1n4/7N/1P6/P4PPP/R1BQR1K1 w k - 0 19,d1d5 a5e1,496,91,86,1251,hangingPiece kingsideAttack mate mateIn1 middlegame oneMove,https://lichess.org/YaZroWoF#37,Italian_Game Italian_Game_Anti-Fried_Liver_Defense,
0218S,8/8/8/3B4/5ppk/6p1/6K1/8 w - - 2 55,d5e6 f4f3 g2h1 h4h3 e6d5 g3g2 h1g1 h3g3 d5f3 g3f3,2252,75,70,144,advancedPawn bishopEndgame crushing endgame exposedKing veryLong zugzwang,https://lichess.org/t4k1RSvL#109,,
021Au,3rr3/5bbk/2q3pp/2pnpp2/7P/1PBP1NP1/R1Q2PB1/4R1K1 b - - 0 29,d5c3 f3g5 h6g5 g2c6,1825,79,93,784,advantage discoveredAttack master middlegame short,https://lichess.org/Gx7s8Q9S/black#58,,
021Bk,r2q1rk1/1pp1bpp1/4p2p/p2nNb2/P2P4/1BP4P/1P2QPP1/R1B1R1K1 b - - 1 15,c7c5 g2g4 f5h7 e5f7 f8f7 e2e6,2199,83,84,84,advantage capturingDefender discoveredAttack long middlegame,https://lichess.org/tUnyiZV8/black#30,Scandinavian_Defense Scandinavian_Defense_Mieses-Kotroc_Variation,
021Bw,3rr1k1/1ppq1p1p/p2b2p1/5b2/3B4/2P3P1/PP1Q1PBP/3RR1K1 w - - 8 20,g2b7 c7c5 d4f6 d7b7 f6d8 e8d8,2410,84,70,71,advantage discoveredAttack long middlegame,https://lichess.org/UBKAAepV#39,,
021Dc,r2q1rk1/pbp2pbn/1p1pp1p1/n5P1/3BP3/P1NP3Q/BPP2PP1/R3K2R b KQ - 2 14,h7g5 h3h8 g7h8 h1h8,1601,76,94,3010,kingsideAttack mate mateIn2 middlegame operaMate sacrifice short,https://lichess.org/qS4iIfTa/black#28,Modern_Defense Modern_Defense_Other_variations,
021Fv,8/pp1k4/8/8/3Q3P/3P1q2/3r2R1/7K b - - 4 41,d7c6 d4c3 c6d7 c3d2 f3h3 h1g1,2163,81,92,740,crushing endgame fork long,https://lichess.org/ECQciMRr/black#82,,
021GH,6Q1/pp4p1/3R3p/7k/2P4n/4P2P/5qPK/8 w - - 6 37,g8g7 h4f3 h2h1 f2e1,1304,77,92,2225,endgame mate mateIn2 pin short,https://lichess.org/ZLiap2Hf#73,,
021J6,8/6p1/Pk5p/1B1n1P2/1K6/8/7P/8 w - - 3 42,b4a4 d5c3 a4b3 c3b5 b3c4 b6c6,2435,102,35,24,crushing defensiveMove deflection endgame long,https://lichess.org/jbuYDCrm#83,,
021Lo,r2qk2r/pp2bppp/2n5/3Bp3/6b1/2P2N2/P4PPP/R1BQ1RK1 w kq - 1 13,d5f7 e8f7 f3g5 e7g5,778,91,89,311,crushing hangingPiece middlegame short,https://lichess.org/PXaz6KFQ#25,Sicilian_Defense Sicilian_Defense_Old_Sicilian,
021N7,6k1/2p2p1p/2Qb4/p7/P2P1ppq/1NP2P2/1P4PP/4rRK1 w - - 0 24,b3a5 h4e7 c6a8 g8g7 a8e4 e1e4,2408,77,92,461,crushing defensiveMove endgame long quietMove,https://lichess.org/XlFo1Llo#47,,
021U1,r7/bp6/4kNQ1/1b2Pp1p/p2R1P1N/P1q2K2/6PP/7R w - - 5 31,f3f2 a7d4,1638,79,94,8226,hangingPiece master mate mateIn1 middlegame oneMove,https://lichess.org/fgXwKmjm#61,,
021Un,rn2r1k1/pp3p2/2pQ2bp/4P3/5Rq1/2PB4/PP4PP/R5K1 b - - 8 23,g4d7 d3g6 d7d6 g6f7 g8h8 e5d6,1730,75,94,1623,advantage fork intermezzo long middlegame sacrifice,https://lichess.org/1wPAZtPv/black#46,,
021Wm,r4r2/8/p3k2p/2pRnpp1/P7/5P1N/4N1PP/2K4R w - - 2 29,d5c5 e5d3 c1d1 d3c5,1223,139,0,17,advantage fork middlegame short,https://lichess.org/srQjLchc#57,,
021Ww,8/2kr2p1/5pP1/1p2pP2/pP1NPb2/P7/Q2p2Kr/3R4 w - - 1 42,g2f3 d7d4 a2f7 d4d7,1544,76,81,179,crushing endgame hangingPiece master short,https://lichess.org/KE8fuUBv#83,,
021YG,6k1/p4ppp/2Q5/8/2B5/2P5/PP2qbPP/R2r3K w - - 2 23,a1d1 e2d1 c4f1 d1f1,601,89,100,137,endgame mate mateIn2 short,https://lichess.org/c8RW1s5Z#45,,
021YZ,1r4r1/p1kq1p2/3pb3/p2Bp2p/2P3np/P1QPP1P1/5P2/1R2R1K1 b - - 4 23,e6d5 c4d5 c7d8 b1b8,1229,79,91,766,crushing discoveredAttack discoveredCheck middlegame short,https://lichess.org/wa6BKyGB/black#46,,
021Yc,4r1k1/2R5/6pp/3p1p1P/3b4/6BB/P2nrPP1/3R2K1 w - - 1 32,h5g6 e2e1 d1e1 e8e1 g1h2 d2f1,1445,76,94,1663,crushing long middlegame,https://lichess.org/caZLUS8v#63,,
021aU,7k/6pp/2R1p3/p4p2/Q2rq3/6P1/3K1P2/3R4 w - - 0 47,a4d4 e4d4 d2c1 d4a1,1501,79,90,708,advantage endgame hangingPiece short,https://lichess.org/GDL7tjwr#93,,
021ba,4r1k1/pnp3pp/1p1P4/4Nq2/2Q2B2/4b1P1/PP4KP/8 b - - 0 27,g8h8 e5f7 f5f7 c4f7,950,78,100,114,crushing middlegame short,https://lichess.org/L6UBVPzi/black#54,,
021c0,1r3rk1/4qppp/3bp3/p2p2PP/2nP1P2/2N5/PP2Q3/1KBR3R b - - 4 24,d6f4 c3d5 e7d7 d5f4,2211,80,90,1927,advantage middlegame short,https://lichess.org/TzBDYvnF/black#48,,
021cG,5rk1/2p2p2/ppB1p1p1/4n3/1PP3q1/P1Q4R/5PPP/3R2K1 w - - 1 27,c3e5 g4d1 e5e1 d1e1,659,100,82,405,endgame hangingPiece kingsideAttack mate mateIn2 short,https://lichess.org/EvKDthbj#53,,
021cb,1r3rk1/5pp1/3p4/p4PR1/Nq2P3/1P1BK2P/8/6R1 b - - 4 33,g8h8 g5h5 h8g8 f5f6 g7g6 d3c4,2543,116,80,62,advantage long middlegame pin,https://lichess.org/xqpeYzb7/black#66,,
021cc,8/8/2p1k1p1/p2pP3/P2K1PP1/8/8/8 w - - 0 39,d4c5 g6g5 f4g5 e6e5,1395,75,94,924,crushing deflection endgame pawnEndgame short,https://lichess.org/IJfOe8LF#77,,
021eN,1rr5/R3p2p/3p2p1/4k3/3RP3/1pP1K3/1P4PP/8 b - - 6 35,c8c3 b2c3 b3b2 d4d1,2196,80,82,44,advantage endgame hangingPiece rookEndgame short,https://lichess.org/QYsuTjsb/black#70,,
021en,8/p4pkp/6p1/3Qb3/5q2/3P3P/P1r2PP1/1R3RK1 w - - 0 33,d5e4 f4h2,867,80,100,317,endgame mate mateIn1 oneMove,https://lichess.org/bHPOFBLq#65,,
021me,7R/p5pk/1p1Np2p/4qp2/8/6P1/PP3PP1/1Br1nRK1 b - - 5 30,h7h8 d6f7 h8g8 f7e5,1076,141,83,22,advantage endgame fork master short,https://lichess.org/SP83qhbF/black#60,,
021n0,8/4B2p/4p3/1k4PP/7r/1p2n1K1/8/1R6 b - - 5 38,h4h5 b1b3 b5c6 b3e3,844,103,79,399,advantage endgame fork short,https://lichess.org/HdbLrl7c/black#76,,
021pI,r1b2rk1/3nqp1p/2p4P/4p2p/p3P3/3P4/1PPQN1P1/1K1RNB2 b - - 1 19,d7f6 d2g5 g8h8 g5g7,900,106,92,142,kingsideAttack mate mateIn2 middlegame short,https://lichess.org/Z10f43rf/black#38,,
021wj,8/1Q2n3/1p2k3/8/P2qp3/5pP1/1r1p1P1P/3R1RK1 w - - 2 45,b7a6 e4e3 a6a8 e3e2,1702,75,92,1872,advancedPawn crushing endgame short,https://lichess.org/max4p5pE#89,,
021y5,r1b2rk1/pp1q1ppp/2n5/3pB3/2pP4/4P3/PPB2PPP/R2Q1RK1 w - - 1 15,f2f4 f7f6 d1h5 g7g6,2029,75,86,115,advantage middlegame short,https://lichess.org/8eWfYlcv#29,Queens_Gambit_Declined Queens_Gambit_Declined_Modern_Variation,
0220F,1rb3k1/pp4p1/3Qp2p/1N1pP1q1/3P2n1/P7/1P4PP/R4BK1 w - - 4 25,a1e1 g5h4 h2h3 h4f2 g1h1 f2e1,2216,90,91,1271,crushing fork long middlegame pin,https://lichess.org/cffy1N6q#49,,
0220o,2rr2k1/ppb2pNp/2n3q1/3p1N2/1P3P2/P3P1nP/1B2Q1P1/2R2RK1 w - - 3 23,e2f2 g3f5 g7f5 g6f5,1424,77,93,10341,advantage master middlegame short,https://lichess.org/6bINHamE#45,,
02242,r4rk1/1p3pp1/8/2p1pNP1/4PnR1/P7/1B3q1N/3R3K b - - 1 32,f2b2 f5e7 g8h7 g4h4 f4h5 h4h5,1014,81,81,336,anastasiaMate long mate mateIn3 middlegame,https://lichess.org/dGm6aR2k/black#64,,
0226P,r4r1k/5p1P/5Pp1/qp1Q3b/p7/P1P1P3/1P1N1P2/K6R b - - 0 28,a8d8 d5g5 a5a6 d2e4 h5f3 g5h6 a6f6 e4f6,2164,145,82,19,crushing middlegame quietMove veryLong,https://lichess.org/VChG2g0Y/black#56,,
0227w,8/2pr1p2/1p3kp1/pKpP4/P3PP1p/8/1P3R2/8 b - - 1 32,g6g5 b5c6 d7e7 e4e5 f6g6 d5d6 c7d6 e5d6,2486,110,89,546,crushing endgame rookEndgame veryLong,https://lichess.org/IAXJGGDj/black#64,,
022AB,4k3/5p1p/5p2/8/1R5P/p4rP1/P1P5/1K6 w - - 0 35,b4b3 f3f1,805,77,100,123,endgame mate mateIn1 oneMove rookEndgame,https://lichess.org/I2Sw50W0#69,,
022C8,r1q2rk1/1b4pp/p2b1n2/2ppN2Q/2P5/P1NBP2P/5PP1/1R2R1K1 w - - 3 20,h5f5 c8f5 d3f5 d6e5 f5e6 g8h8,1755,80,84,79,advantage capturingDefender long middlegame,https://lichess.org/wcfZgdFj#39,,
022Dh,5r2/p3p1kp/1p4p1/4rp2/2P5/3P1Q1P/R3K1P1/2q2BNR w - - 7 32,e2f2 c1e1,1171,77,95,1758,mate mateIn1 middlegame oneMove,https://lichess.org/mdUHn4jB#63,,
022HT,r3k2r/ppp1qppp/2np4/2b1p3/2P1P1b1/3P1N2/PP2BPPP/R1BQK2R b KQkq - 2 8,c6d4 f3d4 c5d4 e2g4,1448,76,94,9644,advantage discoveredAttack middlegame short,https://lichess.org/DxRz4P05/black#16,English_Opening English_Opening_Kings_English_Variation,
022JP,1r3b2/8/4R3/2p3pp/3k1p2/P1N5/2K2PPP/8 b - - 1 43,f8g7 e6e4,1346,76,94,3096,endgame master mate mateIn1 oneMove,https://lichess.org/Rs2i5ae2/black#86,,
022Lj,8/R5p1/5k1p/8/7K/1r5P/6P1/8 w - - 0 38,g2g4 g7g5 h4h5 b3h3,1168,84,79,36,deflection endgame mate mateIn2 rookEndgame short,https://lichess.org/mEeIGqcO#75,,
022Py,rnbq1r2/pp2b2k/2p1p2p/3pN3/2PPp1Q1/1P2P1P1/P4PBP/R4RK1 b - - 2 13,f8g8 g2e4 d5e4 g4e4 h7h8 e5f7 h8g7 f7d8,1498,82,72,115,advantage fork middlegame veryLong,https://lichess.org/XC1ky6QQ/black#26,Dutch_Defense Dutch_Defense_Other_variations,
022Uz,8/p7/5kpp/b4p2/2R5/1B4P1/P2r1P1P/4K3 w - - 6 36,c4c5 d2d5 c5a5 d5a5,1639,76,92,1814,crushing discoveredAttack discoveredCheck endgame short,https://lichess.org/apnCE3CT#71,,
022dV,r2q1rk1/ppp2ppp/5b2/4N3/1n1P2Q1/2N5/PP4PP/R1B2RK1 w - - 7 15,c3e4 d8d4 g1h1 f6e5,1846,76,93,3098,advantage fork opening short,https://lichess.org/9AqBbwcG#29,Kings_Gambit_Declined Kings_Gambit_Declined_Petrovs_Defense,
022dd,r7/3r1kp1/8/4B2R/7R/p6P/5PP1/2n2K2 w - - 8 33,h4c4 d7d1,484,115,90,632,endgame master mate mateIn1 oneMove,https://lichess.org/ELYdfeVO#65,,
022ib,2kr4/2p2pp1/8/1R2PP1p/6n1/8/4Q1PP/3q2BK w - - 1 28,e2b2 d1g1 h1g1 d8d1,1526,75,96,29732,attraction endgame mate mateIn2 sacrifice short,https://lichess.org/RMJWhohP#55,,
022ky,4r3/5p2/1Q2k3/3p4/7K/P5PN/7q/8 b - - 11 49,e6e5 b6e3 e5d6 e3e8,1295,77,79,146,crushing endgame short skewer,https://lichess.org/Ny3y7Idv/black#98,,
022mo,8/3R1p2/P4kp1/2K4p/6rP/8/8/8 b - - 2 37,g4h4 a6a7 h4a4 c5b5 a4a7 d7a7,2583,85,80,192,advancedPawn advantage endgame long rookEndgame,https://lichess.org/TnQUPw7q/black#74,,
022pe,8/8/1R6/5rkp/1p4p1/6P1/1r3P1P/5RK1 b - - 1 38,b4b3 h2h4 g4h3 f2f4,1993,75,100,507,crushing endgame master rookEndgame short,https://lichess.org/Phc12VkL/black#76,,
022ux,4k2r/3b1p1P/4pP2/3pn2N/8/8/2rBBKR1/8 b k - 0 37,c2d2 g2g8 h8g8 h7g8q,1668,87,100,45,advancedPawn mate mateIn2 middlegame promotion short,https://lichess.org/XIEpmTbE/black#74,,
022wG,6Qk/pp2B1pp/1q1b4/2pP4/2P1r3/1P5P/P5P1/3R1RK1 b - - 0 28,h8g8 f1f8,741,111,55,69,endgame mate mateIn1 oneMove operaMate,https://lichess.org/fX3zO1IZ/black#56,,
022x4,r7/p1ppq1kr/b1p2Npp/4P3/Q5P1/8/PPP2PK1/4R3 w - - 0 25,f6h7 a6b5 a4e4 g7h7,1965,81,92,1571,advantage endgame intermezzo short,https://lichess.org/oIpd3uu6#49,,
022yi,rn3rk1/1bp2ppp/p3pb2/3q4/3P4/2P5/P1B1NPPP/R1BQ1RK1 w - - 3 14,d1d3 d5g2,500,106,86,193,kingsideAttack mate mateIn1 oneMove opening,https://lichess.org/IUCyteif#27,Queens_Gambit_Accepted Queens_Gambit_Accepted_Old_Variation,
0231q,3k1rQ1/4b2P/2p2p2/4p3/4P3/3P4/p1q3PK/5R2 b - - 1 45,c2d2 g8f8 e7f8 h7h8q d2h6 h8h6,1660,75,68,308,advancedPawn advantage endgame long pin promotion,https://lichess.org/ZYyawRJ1/black#90,,
0232z,8/7p/4kpp1/1p1p4/1P3P2/2PK2P1/7P/8 b - - 1 39,g6g5 f4g5 f6g5 d3d4 g5g4 d4c5,2151,77,87,136,crushing endgame long pawnEndgame,https://lichess.org/BydYEEhH/black#78,,
0234Y,8/6p1/3k3p/8/pp1r4/4RP1P/B3K1P1/8 w - - 0 46,e3d3 d4d3 e2d3 b4b3 a2b1 a4a3 d3c3 a3a2 b1a2 b3a2,1307,78,89,1811,advancedPawn crushing endgame veryLong,https://lichess.org/dVUJNIdf#91,,
02370,3k3r/1Qp1bpp1/4b2p/3pN3/3q4/rP1B4/2P2PPP/1K1R2R1 w - - 0 28,e5f7 e6f7 b7b8 d8d7 d3b5 d7d6 b8c7 d6c7,1842,78,93,7572,crushing hangingPiece middlegame veryLong,https://lichess.org/V4R8EwiJ#55,,
023BQ,1r5k/Np3p1p/4pp2/6r1/2P5/P3P3/5P2/R4R1K w - - 1 24,a7b5 b8g8 f2f3 g5h5,1938,76,88,348,endgame mate mateIn2 quietMove short,https://lichess.org/IL0qq9RU#47,,
023Ba,2r3k1/5ppp/1q2p3/4P3/1PQp1P2/2P3P1/7P/R4K2 b - - 0 31,c8c4 a1a8 c4c8 a8c8 b6d8 c8d8,883,171,100,16,backRankMate endgame long mate mateIn3 queenRookEndgame,https://lichess.org/rmVpDXl2/black#62,,
023E4,1r5N/1p1kR1bp/p7/2pN3B/2Pn1P2/8/b5PP/6K1 b - - 1 25,d7d6 h8f7 d6c6 e7c7,1354,77,95,16047,hookMate mate mateIn2 middlegame short,https://lichess.org/94q1e8Cj/black#50,,
023GF,5k2/R5pp/4pp2/8/2p5/1p2N1P1/1P3PKP/2r5 w - - 0 31,a7d7 c4c3 b2c3 b3b2,1495,77,97,18385,advancedPawn crushing endgame short,https://lichess.org/xFPlIFCp#61,,
023H1,3q3k/pp2N2p/8/6P1/3b2b1/5rP1/PP5B/3QR2K w - - 2 29,e1e4 f3f4 d1d4 d8d4,2192,78,91,355,advantage master middlegame short,https://lichess.org/f2PBZvmk#57,,
023HS,1krr4/p1p5/1p2R3/7Q/8/3q4/P4PPP/4R1K1 w - - 0 27,e6e8 d8e8 h5e8 c8e8 e1e8 b8b7,1243,75,85,274,advantage endgame long,https://lichess.org/M6b2RP1N#53,,
023LV,1rq2rk1/3b1pnp/3p2p1/4b3/2PBP3/6PP/3QN1BK/1R3R2 b - - 0 22,c8c4 b1b8 f8b8 d4e5 d6e5 d2d7,1997,75,85,114,advantage discoveredAttack long middlegame,https://lichess.org/6OMk0yiz/black#44,,
023NL,3rk3/R4p2/p6p/1p4pB/8/1b2P3/1P2KPPP/3r3R w - - 8 26,h1d1 b3d1 e2e1 d1h5,1383,74,87,237,advantage endgame short skewer,https://lichess.org/LLYXXR6P#51,,
023Oc,1r3r2/6qp/4B2k/p2N2p1/P4bPP/1P2Q3/2P5/2KR4 w - - 1 31,h4g5 f4g5 d1h1 h6g6 e6f5 f8f5 g4f5 g6f7 f5f6 g5e3,2535,86,77,60,crushing middlegame pin veryLong,https://lichess.org/gTDrWrrf#61,,
023Pt,4r2k/pp2r1p1/2p1qp1p/2P5/3P1PN1/2Q5/2R3PP/3R2K1 w - - 2 28,g4f2 e6e1 d1e1 e7e1 c3e1 e8e1,550,97,92,228,backRankMate long mate mateIn3 middlegame sacrifice,https://lichess.org/21G7SSUf#55,,
023RO,r1bq1rk1/pp1n2pp/2pb4/3pNp2/3PnB2/2NBP3/PP3PPP/R2Q1RK1 w - - 9 11,e5c6 b7c6 d3e4 d6f4,2121,76,83,96,advantage hangingPiece opening short,https://lichess.org/P7o6WbyA#21,Semi-Slav_Defense Semi-Slav_Defense_Accelerated_Move_Order,
023UB,2k3r1/ppp2p1p/4nb2/1Q2N3/PP1rPp2/2P5/4K1PP/R7 w - - 1 23,c3d4 e6d4 e2f1 d4b5,1138,92,87,52,advantage endgame fork short,https://lichess.org/6JeCeGJI#45,,
023Uk,4r1k1/7p/pR4p1/2p5/2qrppQ1/P6P/2P2PP1/1R4K1 b - - 1 33,e4e3 b6g6 g8h8 g4f5 h7g6 f5f6,2991,111,84,290,crushing endgame long sacrifice,https://lichess.org/UC1437KQ/black#66,,
023VO,8/1kp5/p6R/5p2/1Pr4p/P3BP1P/1b2K1P1/8 w - - 1 40,e2d3 c4c3 d3d2 c3e3,1498,75,89,1321,advantage endgame short,https://lichess.org/OwR67sy3#79,,
023WK,r1bqkbr1/pp2np1N/2np2pp/4B3/4P3/8/PPP2PPP/RN1QKB1R b KQq - 0 10,c6e5 h7f6,1451,84,76,87,mate mateIn1 oneMove opening,https://lichess.org/TzIaiLVx/black#20,Sicilian_Defense Sicilian_Defense_Lowenthal_Variation,
023eI,7k/p6p/1p6/2b5/1P1pBPq1/3Q4/P6P/7K b - - 2 30,c5d6 d3d4 g4g7 d4d6 g7a1 h1g2,1186,78,90,594,crushing defensiveMove endgame fork long,https://lichess.org/VimbADnr/black#60,,
023gY,2kq3r/pp2np2/2b1pb2/1N5p/5B2/8/PPP1QPPP/4R1K1 b - - 3 19,f6d4 b5d6 d8d6 f4d6,2215,77,96,1147,advantage middlegame queensideAttack short,https://lichess.org/hk0fKJ5c/black#38,,
023om,7k/2p4p/pb4p1/1p3p2/1P6/2P5/4rPPP/2R2RK1 w - - 1 28,c1e1 b6f2 f1f2 e2e1,1019,126,60,38,crushing deflection endgame fork short,https://lichess.org/GPnQGLiH#55,,
023oo,r5k1/pp5p/2pN2p1/2P1n3/5Pq1/1P5b/P4RB1/Q5K1 b - - 2 24,a8f8 a1e5 h3g2 f2g2,1099,78,79,581,advantage hangingPiece middlegame short,https://lichess.org/6oHAJVCE/black#48,,
023pL,8/5pk1/1n1Np1p1/Q2nP2p/3P4/p4B1P/5PPK/2q5 b - - 3 36,c1b2 a5a7 b6d7 a7d7 b2d4 d7f7,2043,75,87,140,crushing endgame long,https://lichess.org/eMW0ep9t/black#72,,
023qj,r1b1Q1kr/pp1p1p2/5Bnp/1q4p1/5p2/8/PPP3PP/2KR3R b - - 1 20,g8h7 e8f7,1276,75,96,3459,epauletteMate master mate mateIn1 middlegame oneMove,https://lichess.org/ChGn1Gd0/black#40,,
023sA,5r1k/p1p2qpp/6b1/1P1nP3/8/1Q2P1R1/PB4PP/3R2K1 w - - 2 26,b3d5 f7f2 g1h1 f2f1 d1f1 f8f1,1320,89,85,314,backRankMate fork long mate mateIn3 middlegame sacrifice,https://lichess.org/xSDjaF7E#51,,
023un,3r2k1/1p4pp/4p3/p1nnp3/8/5PP1/PPN1K2P/2NR4 b - - 1 22,d5f4 g3f4 d8d1 e2d1,1066,84,89,79,advantage endgame short,https://lichess.org/O0pcmPeD/black#44,,
023wk,r1b1kb1r/pp2pppp/1qnp4/6B1/3NP1n1/2N5/PPP2PPP/R2QKB1R w KQkq - 6 8,d4b3 b6f2,788,93,95,298,attackingF2F7 mate mateIn1 oneMove opening,https://lichess.org/n0dcS3Wl#15,Sicilian_Defense Sicilian_Defense_Classical_Variation,
023zD,1r3rk1/p1p1bppp/3q1n2/1Qn5/8/2N2NP1/PP1PPP1P/R1B1K2R w KQ - 5 13,b5c4 b8b4 c4b4 c5d3 e2d3 d6b4,1798,77,92,1158,advantage attraction discoveredAttack long middlegame sacrifice,https://lichess.org/hmyx5nib#25,Hungarian_Opening Hungarian_Opening_Other_variations,
0240A,3b4/3P1k2/2pB4/1p1b2p1/2pK2B1/2P5/P4P2/8 w - - 2 47,d4e5 d8f6 e5f5 d5e6 f5e4 e6g4,1216,81,93,1836,bishopEndgame crushing deflection endgame long skewer,https://lichess.org/nkan6wAb#93,,
0240M,4k1r1/1p4NR/p7/P2pPP2/1r4p1/8/6K1/8 b - - 0 40,e8d8 f5f6 d8c8 f6f7 g8f8 g7e6,2450,81,84,118,advancedPawn crushing endgame long,https://lichess.org/7v5tGe1K/black#80,,
0243k,r1r3k1/4qpbp/1B2p1p1/p2b4/8/PP2PN2/4QPPP/2R2RK1 w - - 1 21,b6c5 c8c5 c1c5 e7c5,998,76,98,1286,crushing middlegame short,https://lichess.org/PaIEyiMV#41,,
0248u,8/8/8/p2k1p2/2pP1P2/2K5/1P6/8 b - - 0 37,d5e4 c3c4 e4f4 d4d5 f4e5 c4c5 f5f4 d5d6 e5e6 c5c6,1187,78,86,134,crushing defensiveMove endgame pawnEndgame quietMove veryLong,https://lichess.org/oW1HIbhI/black#74,,
024AF,2r2r1k/3qbpp1/p6p/1p1ppPPn/3p3N/PB1P3P/1PPQ1P2/2KR3R w - - 1 20,g5h6 e7h4 h6g7 h8g7 d1g1 g7h7,2102,79,91,1191,advantage defensiveMove hangingPiece long middlegame,https://lichess.org/O4qAL8Oj#39,,
024AW,r5rk/5p1p/p4p2/1p2nP2/2P5/1B6/P4P1P/B4R1K b - - 0 27,g8g5 f2f4 g5f5 b3c2,1899,77,88,1354,advantage endgame fork short,https://lichess.org/GefXhB29/black#54,,
024CA,r5k1/p3prb1/4Bnp1/3p3P/q1nP1B2/1p2PPN1/PRp4R/K3Q3 w - - 1 26,h5g6 c4b2 g6f7 g8f8 a1b2 a4a2,1323,77,97,6494,advantage long middlegame sacrifice,https://lichess.org/UryGwXqy#51,,
024CM,r3r1k1/pp3pp1/5Q1p/2bq4/8/4PP1P/P2PKP2/6RR b - - 0 19,d5e5 g1g7 g8h8 f6h6,1535,76,93,1424,kingsideAttack mate mateIn2 middlegame short,https://lichess.org/FCkJPsQO/black#38,,
024LS,4kb2/Bp6/p4p2/4p3/8/2PQ2P1/PP3K1r/3R3q w - - 7 29,f2e3 f8h6,1253,75,84,375,endgame mate mateIn1 oneMove,https://lichess.org/X3PX69I6#57,,
024N7,8/p3k1p1/1p2pP1p/1Pb1P1P1/P1K1B2P/8/8/8 b - - 0 41,g7f6 g5h6 e7f7 h6h7 f7g7 e5f6,2357,77,84,254,advancedPawn bishopEndgame crushing endgame long,https://lichess.org/gLaAz1rk/black#82,,
024PS,6k1/pp3pp1/1bp1b2p/2q5/P3R2P/2Pr2P1/5PB1/2Q2RK1 w - - 1 23,e4e3 c5e3 f2e3 b6e3 g1h2 e3c1,2168,78,87,361,advantage fork long master middlegame sacrifice,https://lichess.org/W2IiCwHg#45,,
024TD,7q/1r2pQ2/2p5/p1B1P1pB/3P1k2/2p1b3/P1P3P1/7K b - - 1 37,f4e4 f7f3,1035,89,92,1028,endgame mate mateIn1 oneMove,https://lichess.org/SeINQrdF/black#74,,
024fF,1k5r/ppp5/nr3pRp/4pB2/3pPP2/qP1P3P/2PQ1P2/1K4R1 b - - 0 23,a6b4 g6g8 h8g8 g1g8,779,99,96,2509,backRankMate mate mateIn2 middlegame short,https://lichess.org/4zumGLcG/black#46,,
024he,r1b1k2r/ppp2Npp/2n5/3Bp3/4n3/4Q3/PPqP2PP/RNB3KR w kq - 0 11,d2d3 c2d1 e3e1 d1e1,1246,78,43,344,kingsideAttack mate mateIn2 opening short,https://lichess.org/C0A6Wv4g#21,Italian_Game Italian_Game_Two_Knights_Defense,
024jR,2k1r1r1/bp3p2/n1p5/P2p3p/3Pn2B/N1P2q2/2Q1R1PP/R5K1 b - - 1 28,e4c3 e2e8 g8e8 g2f3,1619,196,0,17,crushing middlegame short,https://lichess.org/kprXll96/black#56,,
024l0,2r2rk1/pb2qpp1/1p2pn1p/4N1P1/3P1P2/2PB4/P3Q2P/R4RK1 b - - 0 17,h6g5 f4g5 f6e4 d3e4 b7e4 e2e4,1429,96,82,40,crushing long master middlegame,https://lichess.org/Gwh84Mz0/black#34,Caro-Kann_Defense Caro-Kann_Defense_Panov_Attack,
024nn,2k5/1bp3pp/1p2p3/2n1b3/2P5/Q4rqP/PP1rB1P1/4RRBK w - - 0 25,e2f3 g3g2 f3g2 b7g2,2311,78,93,8693,kingsideAttack mate mateIn2 middlegame sacrifice short xRayAttack,https://lichess.org/r4Pi15FR#49,,
024qM,r1q2rk1/2p3p1/pbp2n2/7P/7B/2N2Q1N/PP3P2/R2R2K1 w - - 0 24,g1h2 f6g4 h2g2 f8f3,1082,99,92,307,crushing discoveredAttack middlegame short,https://lichess.org/C98IYThi#47,,
024qN,3r2k1/1p1r1pp1/1n2p2p/2p2q2/1PPP2R1/7P/4NPP1/2QR2K1 w - - 0 28,c1h6 f5g4 h3g4 g7h6,1347,75,96,11138,advantage middlegame short,https://lichess.org/QxwlVOwl#55,,
024qY,r4r1k/pp4pp/4Q1p1/2P5/3B4/2P2Pq1/P2n2P1/R4RK1 b - - 2 23,a8e8 e6d7 d2f3 f1f3 e8e1 a1e1 g3e1 g1h2,2033,75,93,3453,advantage middlegame veryLong,https://lichess.org/uituZtqb/black#46,,
024sp,1k1r1b1r/npp2pp1/5n1p/1N6/8/1P1q1N2/1P2QPPP/R2R2K1 b - - 1 16,d3e2 d1d8 a7c8 a1a8 b8a8 d8c8,1399,78,73,148,attraction deflection hangingPiece long mate mateIn3 middlegame queensideAttack,https://lichess.org/rzwAk4RH/black#32,Danish_Gambit Danish_Gambit_Other_variations,
024wO,3rqr1k/1p1b2pQ/p1p2p2/4pP2/4n3/1B2BR2/PPP3PP/R5K1 b - - 0 21,h8h7 f3h3 e8h5 h3h5,578,103,93,858,mate mateIn2 middlegame pillsburysMate short,https://lichess.org/SkYpgfkS/black#42,,
024y2,5N2/4k3/p1P1pp2/1p6/1P6/P4r2/1PK5/8 b - - 0 37,f3f4 f8g6 e7d6 g6f4,930,77,100,287,crushing endgame fork master short,https://lichess.org/1tKpDVnz/black#74,,
0252h,r2qkb1r/p5pp/2p1p3/3p1n2/3P4/2P2Q1P/PP4P1/RNB2RK1 b kq - 3 16,f5h4 f3f7,1235,78,94,2051,mate mateIn1 middlegame oneMove,https://lichess.org/neaSEHVk/black#32,Caro-Kann_Defense Caro-Kann_Defense_Other_variations,
0253Z,r2q1rk1/4p1bp/1p4p1/pB1pn3/P3n3/2P1N3/1PQ2PPP/R1BR2K1 b - - 3 17,f8f2 c2e4 d5e4 d1d8 a8d8 g1f2,1567,76,93,2226,advantage long middlegame,https://lichess.org/vsupxYHv/black#34,Pirc_Defense Pirc_Defense_Other_variations,
0254B,r4rk1/1pp2Bp1/pbnp2P1/4p1q1/PP2P1b1/1QPP4/R4PP1/1N2K2R b K - 0 15,f8f7 b3f7,882,88,97,519,kingsideAttack mate mateIn1 middlegame oneMove,https://lichess.org/zVXVUOZk/black#30,Italian_Game Italian_Game_Classical_Variation,
0254M,r1b2rk1/2R2ppp/4P3/p2P4/2pq4/P6P/4Q1P1/5R1K b - - 0 27,d4d5 f1f7 f8f7 e6f7 d5f7 c7f7,2300,75,91,387,advancedPawn crushing long middlegame,https://lichess.org/MNmnENz8/black#54,,
02551,3r2k1/pp3p2/6pR/6P1/8/P1P1r3/2P5/1KR5 b - - 1 34,e3c3 c1h1 g8f8 h6h8 f8e7 h1e1 e7d7 e1d1,1411,84,93,957,advantage endgame quietMove rookEndgame veryLong,https://lichess.org/Rpgf8vXm/black#68,,
0257T,r2qnr1k/pppb2pp/2n2b1B/3NN3/8/P5QP/1PP1B1P1/R4RK1 b - - 0 18,f6e5 f1f8,1475,78,92,8729,hangingPiece kingsideAttack mate mateIn1 middlegame oneMove,https://lichess.org/j2ohZNAv/black#36,Vienna_Game Vienna_Game_Omaha_Gambit,
0258R,2r1r1k1/pp3ppp/1q6/8/6b1/1BP1nN2/P3Q1PP/3RR2K b - - 7 22,g4e6 e2e3 b6e3 e1e3,1477,75,93,614,advantage middlegame short,https://lichess.org/LPUpfznj/black#44,,
025AE,6N1/1R5p/3pk1p1/6n1/4P1P1/7P/7r/5K2 b - - 14 39,h2h3 b7e7,600,92,85,221,endgame mate mateIn1 oneMove,https://lichess.org/MBUMCyRW/black#78,,
025B9,5rk1/1Q4pp/p3p3/3p4/3n2q1/P7/1PPN3P/2KR4 w - - 0 26,b7a6 d4e2 c1b1 e2c3 b2c3 g4d1,1605,84,87,40,crushing discoveredAttack endgame long,https://lichess.org/kqsxsmSq#51,,
025BR,r4rk1/p1p1b1pp/8/q3p1B1/1n1pP1P1/1P3N1P/2P1QP2/1K1R3R w - - 1 19,e2c4 g8h8 g5e7 a5a2 b1c1 f8f3,2195,81,68,68,crushing defensiveMove long middlegame sacrifice,https://lichess.org/ZjOu9KwD#37,Kings_Pawn_Game Kings_Pawn_Game_Busch-Gass_Gambit,
025Cu,rnbqk2r/pp3ppp/3b4/2p5/2B2n2/2N2Q2/PP1PN1PP/R1B1K2R b KQkq - 3 9,f4e2 f3f7,1355,77,91,581,attackingF2F7 mate mateIn1 oneMove opening,https://lichess.org/qyQwfyvv/black#18,Sicilian_Defense Sicilian_Defense_McDonnell_Attack,
025Et,2r3k1/1Q3ppp/8/8/4B3/2q1P3/r3RPPP/4R1K1 w - - 0 24,e2a2 c3e1,660,90,87,513,endgame hangingPiece mate mateIn1 oneMove,https://lichess.org/icn5jsCi#47,,
025Kj,rn1q1rk1/4bp2/b2p1n1B/p7/Ppp1P3/1B3Q2/1PP2PPP/1NKR3R b - - 0 16,c4b3 f3g3 f6g4 g3g4,930,91,91,1265,advantage middlegame short,https://lichess.org/xVHZOizx/black#32,Philidor_Defense Philidor_Defense_Other_variations,
025MV,1r3rk1/1pR3pp/1p1p4/1q1Pp3/bP2Nn2/5N2/P2Q1PPP/R5K1 b - - 8 24,f4d5 e4d6 d5c7 d6b5,2106,81,91,2494,advantage middlegame short,https://lichess.org/7DOTI2sk/black#48,,
025Om,8/3r2kp/6p1/P7/4P3/R2n1R1P/3r1PP1/5K2 w - - 1 38,a5a6 d2d1 f1e2 d3c1 e2e3 g6g5,2714,119,91,1849,crushing defensiveMove endgame long,https://lichess.org/jpcpDSdw#75,,
025Rn,2rr1bk1/R4pp1/4p1bp/3n4/1pq1N3/5QBP/1P3PP1/1B2R1K1 b - - 3 29,c4b5 e4d6 f8d6 b1g6,1959,79,92,2882,advantage discoveredAttack fork master middlegame short,https://lichess.org/C8No6Src/black#58,,
025U2,R7/8/2p2r1k/P4p1p/3PpP1q/6p1/3B2Qr/6RK w - - 0 43,g2h2 h4h2,869,97,100,606,endgame mate mateIn1 oneMove,https://lichess.org/49zXlMj0#85,,
025Zb,4r1k1/6p1/4Rp2/Pp1P1q2/8/4BKQ1/6PP/8 w - - 7 36,g3f4 f5d5 f4e4 d5e6 e4e6 e8e6,1602,76,90,899,advantage endgame fork long,https://lichess.org/3vnsxl2D#71,,
025cN,4rk2/1p5p/6p1/pBpP1p2/P2b4/1P5P/6P1/3R2K1 w - - 8 39,d1d4 c5d4 b5e8 f8e8,1819,76,88,60,crushing endgame master short,https://lichess.org/dkaHCsPZ#77,,
025cb,8/p7/2p2k1p/4p1r1/1P1pR3/3P1PK1/P1P5/8 w - - 0 41,e4g4 h6h5 g4g5 f6g5,2099,75,87,122,crushing endgame rookEndgame short,https://lichess.org/tGE8gNxO#81,,
025gx,5r1k/2b1Npp1/1p2p2p/1qn5/3Q4/P7/3R1PPP/3R2K1 w - - 0 26,d2b2 b5e8 e7d5 e6d5,2066,81,91,3034,advantage middlegame short trappedPiece,https://lichess.org/SNi97eZr#51,,
025ip,8/4k3/N5R1/1P1K4/6P1/4p3/P1n2r2/8 w - - 1 40,b5b6 f2d2 d5c5 e3e2,1959,81,92,376,advancedPawn advantage endgame short,https://lichess.org/YU2hfY7B#79,,
025r3,8/N1P1kp2/1p3p2/2b5/4P1B1/P3r1P1/1P3r2/R2K4 b - - 5 32,e3g3 a7c8 e7f8 g4e2 f8g7 c8b6 c5b6 c7c8q g3g1 d1d2 g1a1 c8g4,2575,90,52,59,advancedPawn advantage clearance endgame promotion quietMove veryLong,https://lichess.org/mdjZ21t2/black#64,,
025sW,r2q1rk1/1b2bpp1/2p1p2p/1pPp4/1P4Q1/P3P2P/1B1N1PP1/R3R1K1 b - - 0 18,b7c8 g4g7,400,105,84,377,kingsideAttack mate mateIn1 middlegame oneMove,https://lichess.org/EISOdGDe/black#36,Horwitz_Defense Horwitz_Defense_Other_variations,
025si,rq1r2k1/5p1p/1pRN2p1/1P6/3b4/3P2PP/5P2/3Q1RK1 w - - 6 28,d6e4 f7f5 g1g2 f5e4,2014,76,82,131,advantage master middlegame short,https://lichess.org/nqcImn2C#55,,
025y9,5rk1/6pp/pqp1p3/4P3/2K5/2P3P1/PP2Q2P/3R4 w - - 3 28,b2b4 b6b5 c4b3 b5e2,995,77,82,225,crushing endgame short skewer,https://lichess.org/lFJGLa42#55,,
02624,r1bqk2r/pp3pb1/2np2p1/2p1p3/4P1p1/2NP1N2/PPPBBPP1/R1Q2RK1 w kq - 0 11,f3h2 d8h4 d2f4 e5f4,1740,75,84,2150,crushing master opening short,https://lichess.org/ALmb9BNs#21,Sicilian_Defense Sicilian_Defense_Other_variations,
0263h,1r3r1k/ppp2pp1/8/8/1nP5/1P5R/PbBq1PPP/1Q4K1 b - - 1 20,h8g8 c2h7 g8h8 h7g8 d2h6 h3h6 g7h6 b1h7,1242,76,97,5362,discoveredAttack discoveredCheck kingsideAttack mate mateIn4 middlegame veryLong,https://lichess.org/dyWVsY5L/black#40,,
02647,8/8/8/1pR1p1b1/3pk3/P2bP1P1/1P1B1K1P/8 w - - 0 44,h2h4 d4e3 f2e1 e3d2,1438,80,80,79,advancedPawn crushing endgame fork short,https://lichess.org/IAfqWnYW#87,,
0265C,6k1/2p1r3/1p1p2p1/p2P1bN1/P1P3PQ/4q2P/5R1K/8 b - - 0 40,f5d3 f2f8 g8f8 h4h8,1453,75,94,12432,attraction endgame mate mateIn2 sacrifice short,https://lichess.org/mvXPLz4k/black#80,,
0266L,1r4k1/p4p2/8/1Np3p1/R1P3r1/P1K5/2B5/8 b - - 1 41,b8b5 c4b5 g4a4 c2a4,1229,78,69,151,crushing endgame hangingPiece short,https://lichess.org/K6NW8mb8/black#82,,
0266v,rnbqkb1r/ppppp2p/8/5p1p/2PPP3/8/PP3PP1/RNBQKBN1 b Qkq - 0 6,f5e4 d1h5,438,110,98,739,mate mateIn1 oneMove opening,https://lichess.org/aqcylPfW/black#12,Dutch_Defense Dutch_Defense_Other_variations,
02684,8/5kp1/p1r2n2/2p2N2/P1RB1n1p/7P/6P1/6K1 w - - 8 40,f5h4 f4e2 g1f2 e2d4,830,110,95,206,crushing endgame short,https://lichess.org/lk8YmYYC#79,,
026Br,3r2k1/p3pp1p/2Q3pb/q2rP3/N4P2/P5P1/7P/2R2R1K b - - 0 24,d5d2 c1c5 d2d1 c5a5,1753,75,91,1410,crushing master middlegame short trappedPiece,https://lichess.org/5nmXyKwm/black#48,,
026DW,1rr5/p3p1k1/3p1pPp/q1pP1Q2/4P3/2N2R2/P5PP/5bK1 b - - 1 27,f1g2 f5e6 c8f8 e6e7,2115,76,88,353,advantage middlegame short,https://lichess.org/VkUrjQL7/black#54,,
026En,6k1/2p2bp1/1b5p/1p6/1P2p3/2P1N1B1/1P1r1PPP/R5K1 w - - 2 34,a1d1 b6e3 d1d2 e3d2,1188,86,93,3079,advantage endgame short,https://lichess.org/gGtmJdfg#67,,
026Fc,3r2k1/1bqr1ppp/pp6/2b5/P1pB4/2P1N2P/1P3PP1/R2QR1K1 w - - 3 24,e3c4 c5d4 c3d4 c7c4,1613,75,75,82,crushing discoveredAttack middlegame short,https://lichess.org/wPLa7bjy#47,,
026P1,5k2/2p2pp1/3r3p/8/1P1N4/2P3P1/4KPP1/8 b - - 4 37,f8e7 d4f5 e7e6 f5d6,715,92,87,638,advantage endgame fork short,https://lichess.org/qvZCReCo/black#74,,
026PG,8/1r6/1PkP1P2/2B1K2p/8/5p2/5P2/8 b - - 0 64,h5h4 c5e3 h4h3 e3f4,2610,94,84,262,crushing defensiveMove endgame master quietMove short,https://lichess.org/ioa8uI7p/black#128,,
026QC,2r5/R7/1p5p/1kq1pr2/1N1p4/P2P1p2/1PP4P/2K2Q2 b - - 0 36,c8c7 a3a4 b5b4 f1e1 c5c3 b2c3,2188,75,94,11157,crushing endgame long sacrifice,https://lichess.org/AantwQbU/black#72,,
026RF,2rq2k1/4r2p/1p4p1/p2PnpQ1/PPPp4/3B3P/5PP1/R4RK1 w - - 1 27,f1e1 e5f3 g2f3 e7e1 a1e1 d8g5,1143,76,94,330,advantage discoveredAttack kingsideAttack long middlegame,https://lichess.org/L0FTXf8g#53,,
026Tf,8/8/1p2k1pp/p2p4/3K1PPP/1PP5/8/8 b - - 0 37,e6d6 c3c4 d5c4 d4c4,2683,83,93,726,advantage endgame pawnEndgame short,https://lichess.org/Yem2gd8Q/black#74,,
026Uy,1r6/1P4R1/2P5/8/5k1p/7K/8/8 w - - 18 83,h3h4 b8h8 g7h7 h8h7,681,79,100,334,endgame mate mateIn2 rookEndgame short,https://lichess.org/8Lu9Xu3Z#165,,
026YW,8/p4pp1/7p/4k3/1pppP1P1/1P3PP1/P1PK4/8 b - - 0 31,c4c3 d2d3 g7g5 d3c4,1439,79,94,232,advantage defensiveMove endgame pawnEndgame short,https://lichess.org/LxHILHYG/black#62,,
026Yj,8/pb3k1p/1p3pp1/1N6/4nP2/6P1/P5BP/5K2 b - - 3 28,a7a6 g2e4 b7e4 b5d6 f7e6 d6e4,1392,90,84,73,crushing endgame fork long,https://lichess.org/nsIv2ldL/black#56,,
026Yu,2rr3k/6Rp/8/4pP1Q/pp1nn2b/3q3P/PP5K/1N1B2R1 b - - 0 32,h4g3 g1g3 d3g3 g7g3 e4g3 h2g3,1113,77,98,1680,advantage long middlegame,https://lichess.org/kIBpTdxT/black#64,,
026ZY,2r1k2r/4bpp1/p1p1pnp1/q2p2B1/6P1/P1NP1Q1P/1PP2P2/2KR3R b k - 0 16,e7a3 g5f6 g7f6 f3f6 a3b2 c1b2,1585,84,100,73,advantage long middlegame,https://lichess.org/qX8LQ4Jy/black#32,Caro-Kann_Defense Caro-Kann_Defense_Hillbilly_Attack,
026gl,1k1nRb1r/ppp2ppp/3q4/6N1/2P3Br/3P4/PP3P2/R1BQ2K1 w - - 8 18,g5f7 d6h2 g1f1 f8c5,2301,89,90,861,clearance crushing middlegame short,https://lichess.org/Ds0F4TTy#35,Russian_Game Russian_Game_Other_variations,
026rg,6K1/4B1P1/4p1k1/3pP3/2b5/6r1/8/8 b - - 2 56,g3h3 g8f8 h3f3 e7f6 g6f5 g7g8q,1524,76,100,111,advancedPawn advantage defensiveMove endgame long promotion,https://lichess.org/n7MXgIWa/black#112,,
026s0,5rk1/pbp3pp/1p1p3r/3PnB1q/1PP2p1P/P4P2/2Q2BP1/4RRK1 w - - 3 26,f5e6 h6e6 d5e6 e5f3,2203,85,86,55,crushing master masterVsMaster middlegame short,https://lichess.org/Qp5Gn0iq#51,,
026sh,3r4/Qpk5/p1p2p2/8/3rb1Pp/5q1p/PP3P1B/2R1R1K1 b - - 0 32,c7d7 a7d4 e4d5 d4d5,2309,77,91,4179,advantage hangingPiece middlegame short,https://lichess.org/YZ6mzi2J/black#64,,
026tr,4r1k1/pp1n1b1p/2pB1rp1/q2nNp2/2pP3Q/8/PPB2PPP/R2KR3 w - - 10 20,e5f7 e8e1,847,96,96,315,mate mateIn1 middlegame oneMove,https://lichess.org/RaRjP7fR#39,,
026vm,rnbq2kr/ppp1n3/3p3p/4P1p1/4Pp2/1QP5/PP4PP/RNB2RK1 b - - 1 11,g8h7 b3f7,805,78,100,357,epauletteMate mate mateIn1 oneMove opening,https://lichess.org/ok3jv9qy/black#22,Kings_Gambit_Accepted Kings_Gambit_Accepted_Kings_Knights_Gambit,
026wE,1rbr2k1/ppN2ppp/3p4/4n2q/8/1B4Q1/PPP2PPP/3RR1K1 w - - 3 19,e1e5 h5d1 e5e1 d1e1,924,76,96,1824,hangingPiece kingsideAttack mate mateIn2 middlegame short,https://lichess.org/m3l7FmZx#37,Englund_Gambit_Complex Englund_Gambit_Complex_Englund_Gambit,
0273Q,4r1k1/7R/8/p5p1/2PnB3/3P2p1/P7/6K1 w - - 1 38,h7h5 d4e2 g1f1 g3g2 f1g2 e2f4 g2f3 f4h5,2010,76,92,7429,advancedPawn attraction crushing endgame exposedKing fork master veryLong,https://lichess.org/euTOGOgv#75,,
02758,2Q5/8/NK6/3p4/P2kp3/1q6/7P/8 w - - 5 55,b6a5 b3c3 c8c3 d4c3 a6c7 d5d4 c7d5 c3c4,1919,84,67,54,crushing endgame quietMove veryLong,https://lichess.org/SRKGTiY9#109,,
0275h,3r4/8/3r4/p1pNk1p1/1pPn2P1/1P3pK1/P2R3P/3R4 b - - 1 37,d8f8 d2d4 f3f2 d4d3,2340,76,92,627,advantage defensiveMove endgame short,https://lichess.org/eeSHotnC/black#74,,
0277M,4r1k1/2pb1p1p/3p1qp1/3P4/1pP5/1P1BQP2/6PP/4R1K1 w - - 11 38,e3f2 e8e1 f2e1 f6d4 g1h1 d4d3,1334,77,68,111,crushing endgame fork long,https://lichess.org/u8SxB1Fy#75,,
0279c,r3k2r/pp1bbpR1/1q2p2p/3p4/4n2Q/2NB1P1P/PPPB1P2/R3K3 w Qkq - 1 17,h4h5 b6f2 e1d1 f2d2,1233,80,92,1016,attackingF2F7 master mate mateIn2 middlegame short,https://lichess.org/oL9whktK#33,Zukertort_Opening Zukertort_Opening_Lemberger_Gambit,
027Ae,5r2/1p2k1p1/2p3R1/p2pP1R1/3P4/2P5/PP2Kr2/8 w - - 7 39,e2d3 f8f3,1080,76,89,268,endgame mate mateIn1 oneMove rookEndgame,https://lichess.org/wYYx5FIa#77,,
027Ar,2q2r2/1pp2rpk/p1npbn1p/3Np3/4P2N/P2QP1PP/1PP3BK/3R1R2 b - - 6 18,e6d5 e4d5 e5e4 g2e4,1177,81,93,1474,crushing discoveredAttack discoveredCheck master middlegame short,https://lichess.org/uvj6KJdY/black#36,Englund_Gambit Englund_Gambit_Other_variations,
027Cs,3r3k/pp2RQp1/7p/6qP/5p2/P1P5/5PPK/8 w - - 2 34,e7b7 g5h4 h2g1 d8d1,1122,77,82,194,endgame mate mateIn2 short,https://lichess.org/DOrgb3iU#67,,
027HA,5rk1/4qp1p/2Q1b1p1/8/2Bp4/r5P1/2P2P1P/1R2R1K1 b - - 2 27,e7d7 e1e6 d7c6 e6c6,1665,75,95,9203,crushing middlegame short,https://lichess.org/FkDESkG9/black#54,,
027IA,rn1q1knr/p1ppp1bP/1p6/4N2Q/3P4/3B4/PPP2P1P/RNB1K2b b Q - 1 9,g8f6 h5f7,848,100,95,357,mate mateIn1 oneMove opening,https://lichess.org/5RkiTrPg/black#18,Owen_Defense Owen_Defense_Matovinsky_Gambit,
027Il,r2qr1k1/1bpn1p1p/1p1p1p2/3N1P1Q/4PR2/1P6/PP4PP/R5K1 b - - 4 20,d7f8 f4g4 f8g6 f5g6 f7g6 g4g6 h7g6 h5g6,1577,76,91,2173,crushing kingsideAttack middlegame veryLong,https://lichess.org/TgXP9WoA/black#40,,
027Iu,8/8/4k3/3p1PK1/4p2P/8/8/8 b - - 0 47,e6e5 f5f6 e5e6 g5g6,1634,78,92,134,crushing defensiveMove endgame master pawnEndgame short,https://lichess.org/yWHZ16WO/black#94,,
027Nz,8/4k3/2q2pp1/P6p/3Q3P/2p1P1P1/5K2/8 w - - 0 51,d4b4 e7d7 a5a6 c3c2,2164,86,79,39,advancedPawn crushing defensiveMove endgame queenEndgame short,https://lichess.org/kcK1UZwy#101,,
027OD,r2q1rk1/1pp2ppp/1pp5/4B3/1P2P2n/P2P1P2/2PQ1P1P/R4K1R w - - 0 16,h1g1 f7f6 e5b2 h4f3 d2c3 f3g1,2140,74,94,10686,advantage fork long middlegame,https://lichess.org/VBQBbp71#31,Ruy_Lopez Ruy_Lopez_Berlin_Defense,
027QL,r2q1rk1/5ppp/4pb2/p7/1p1PQ1P1/2PB3P/PP3P2/2KR3R b - - 1 18,b4c3 e4h7,683,80,100,263,kingsideAttack mate mateIn1 middlegame oneMove,https://lichess.org/1bwdWlx7/black#36,Caro-Kann_Defense Caro-Kann_Defense_Two_Knights_Attack,
027QT,rnb5/pp5p/1kp3p1/8/P2q2r1/2Q2P2/1P4PP/R1B2RK1 w - - 0 22,c3d4 g4d4 c1e3 c6c5 e3d4 c5d4,1212,239,100,5,advantage long middlegame quietMove,https://lichess.org/fiJfghJ4#43,,
027SH,4r1k1/pp3p1p/2n2p2/1qb5/N7/7Q/P1B2PPP/3R2K1 b - - 1 24,b5e2 h3h7 g8f8 h7h6 f8e7 a4c5,2329,77,91,688,crushing long middlegame,https://lichess.org/cWaAO3fm/black#48,,
027TT,4r1k1/bb2rpp1/p2Pq2p/1p6/3P4/1P4P1/P1NQRP1P/4R1K1 b - - 0 24,e6e2 e1e2 e7e2 d6d7 e2d2 d7e8q,1900,78,92,5841,advancedPawn advantage long middlegame promotion,https://lichess.org/Ml95zlD3/black#48,,
027Wr,5k2/8/1b2P3/p2K4/1p3P1p/2p4P/P7/2B5 b - - 0 39,f8e7 f4f5 b6d8 c1g5 e7e8 f5f6 d8f6 g5f6,2106,82,91,1169,bishopEndgame clearance crushing endgame exposedKing quietMove veryLong,https://lichess.org/lI0kg3cl/black#78,,
027ar,1k6/p7/Pp2p3/8/1R1PP2p/2PP4/1K6/6r1 w - - 0 42,d4d5 h4h3 e4e5 h3h2,1717,74,76,91,advancedPawn crushing endgame rookEndgame short,https://lichess.org/tvunkqDm#83,,
027cG,7r/5p2/3kp1p1/p2pR1P1/K2P1P1r/2P5/1P3R2/8 w - - 1 50,a4a5 h4h1 a5a4 h8b8 b2b4 h1b1 f2b2 b1b2,2575,100,88,605,crushing endgame quietMove rookEndgame veryLong,https://lichess.org/erT3eyg5#99,,
027fT,r3r1k1/1q2bppp/3pp1n1/1p6/3P4/2P2N1P/1PB2P1B/R3RQK1 b - - 0 25,b7f3 c2e4 a8a1 e4f3 a1e1 f1e1,1666,108,52,29,crushing fork long master middlegame,https://lichess.org/OxgckmPT/black#50,,
027fm,7k/6p1/p1p4p/3q4/3n4/PP1Q2P1/5P1P/4B1K1 w - - 2 35,h2h4 d4f3 d3f3 d5f3,1048,80,93,127,crushing endgame fork short,https://lichess.org/84ZtPh54#69,,
027iQ,b4rk1/4bppp/p1q5/4p3/2P1n3/4B1P1/PP2Q1BP/R4RK1 w - - 0 21,e3f2 e4c3 g2c6 c3e2 g1g2 a8c6,2232,96,87,227,crushing long middlegame,https://lichess.org/lQJOhNdj#41,,
027j3,r3k2r/pb1p1ppp/1p3nq1/2n5/5Q2/NPP1PN1P/PB2BPP1/R4RK1 w kq - 3 17,f3e5 g6g2,555,105,93,400,kingsideAttack mate mateIn1 middlegame oneMove,https://lichess.org/cbUm1Wzl#33,Nimzo-Larsen_Attack Nimzo-Larsen_Attack_English_Variation,
027oG,2r5/4Qrkp/2p3p1/5p2/P1RP1q2/7P/6P1/2R3K1 w - - 2 32,d4d5 f4c1 c4c1 f7e7,1754,75,92,1662,crushing endgame short,https://lichess.org/3qJjXEnU#63,,
027uk,2r3k1/6p1/p3p2p/3p2q1/2P2n2/6N1/P5PP/2QR1BK1 w - - 1 34,c1e3 f4h3 g2h3 g5e3,825,211,100,4,crushing discoveredAttack middlegame short,https://lichess.org/u943sbHm#67,,
027yQ,8/1pk3p1/5p2/2PppPn1/1P4Pp/4P2P/2K5/5B2 w - - 0 29,b4b5 g5e4 f1g2 e4c5 g2d5 c7b6,2183,81,87,52,crushing endgame long,https://lichess.org/T3BFObE9#57,,
027yq,6r1/8/8/2P4R/8/PK4k1/2P4p/8 w - - 0 43,b3b4 g8g4 b4b5 g4h4 h5h4 g3h4 c5c6 h2h1q,1448,75,80,205,advancedPawn crushing endgame master promotion rookEndgame veryLong,https://lichess.org/FbQ1rmbN#85,,
0284S,r2q1k2/pppb2pQ/4p2r/4Rn1P/2PP4/2KB1R2/PP3PP1/8 w - - 5 26,e5f5 e6f5 f3f5 d7f5,1346,76,90,2875,crushing middlegame short,https://lichess.org/e3KgaM9D#51,,
0284p,6k1/p5N1/6r1/1q1pp2R/4P3/4QK2/5P2/8 b - - 2 38,g8g7 e3a7 g7f6 h5f5 f6e6 a7f7,1205,74,96,18934,crushing endgame exposedKing long,https://lichess.org/oVgCEjRr/black#76,,
02889,rnb1k2r/pp1p1ppp/4p3/q7/3Pn3/2P1B3/P1Q2PPP/R3KBNR b KQkq - 1 9,a5c3 c2c3 e4c3 a1c1 b8c6 c1c3,1224,161,86,10,advantage long opening,https://lichess.org/6xjpCK7T/black#18,Sicilian_Defense Sicilian_Defense_Alapin_Variation,
0289B,8/5pp1/R2bk3/3p4/2np2Q1/4P1P1/3q1P2/6K1 b - - 5 34,e6e7 a6a7 e7f6 g4f3 f6g5 a7f7 g5h6 f3g4 d2d1 g4d1,2770,113,88,268,crushing deflection endgame veryLong,https://lichess.org/GY7ymJNX/black#68,,
028AU,r4r1k/1pqb2pp/p7/3Q2PB/8/1PP1p2P/PK3P2/3R3R w - - 1 24,f2e3 f8f2 d1d2 d7c6 d2f2 c6d5,2282,79,78,108,crushing long middlegame,https://lichess.org/cZ2RwfeE#47,,
028B5,7r/kpQ2p2/r2R3p/4pb2/2N1q3/8/PP3P1P/K1R5 b - - 3 27,h8c8 d6a6 a7a6 c7a5,1332,74,94,27928,attraction mate mateIn2 middlegame pin short,https://lichess.org/j9q1QKgN/black#54,,
028P6,3r2r1/2p2p1k/1pq3p1/p3R2p/2P5/1P2QP2/P5P1/4R1K1 b - - 6 36,f7f6 e5e7 g8g7 e7g7 h7g7 e3e7 g7h6 e7d8,1134,89,52,85,attraction crushing endgame fork veryLong,https://lichess.org/pT7RSeMJ/black#72,,
028P8,2r3k1/p6p/1p2NBp1/8/1p6/8/P2r2PP/5R1K b - - 5 32,c8c6 f6g5 d2d1 f1d1,1834,77,73,95,advantage endgame master short,https://lichess.org/5RMegkHm/black#64,,
028Pd,5r1k/rB2b1pp/p7/4pP2/b7/8/1P1B2PP/2R2R1K w - - 1 25,b7d5 a7d7 f5f6 g7f6,2277,78,87,91,crushing middlegame short,https://lichess.org/AI5JOyc3#49,,
028W0,1k6/1p4p1/1pp1p3/8/5q1p/Q4P2/PPP3r1/1K1R4 b - - 1 31,h4h3 d1d8 b8c7 a3e7,1382,78,93,5786,endgame mate mateIn2 short,https://lichess.org/KRZH5U3N/black#62,,
028aJ,3r2k1/5ppp/Rp2p3/1P6/2n2PP1/8/5K1P/8 b - - 1 35,d8d4 a6a8 d4d8 a8d8,569,86,78,598,backRankMate endgame mate mateIn2 short,https://lichess.org/sxIqdesz/black#70,,
028b4,r1b2rk1/p4pp1/1bp1p2p/4N3/1PPq4/P2B3P/5PP1/R2QK2R w KQ - 1 18,e5c6 d4f2,1153,77,100,903,attackingF2F7 mate mateIn1 middlegame oneMove,https://lichess.org/rNR9We6E#35,Sicilian_Defense Sicilian_Defense_Taimanov_Variation,
028i2,5k2/p1P2p1p/2BR1p2/8/8/6P1/5PKP/q1r5 b - - 1 37,c1g1 g2h3 a1f1 h3h4 f1a6 d6d8,1570,76,99,1693,advantage endgame long master,https://lichess.org/WWIrqIGt/black#74,,
028i3,8/p1r1k1pp/R1r1P3/5R2/1p6/6P1/5P1P/6K1 w - - 1 36,f5f7 e7e6 a6c6 c7c6,920,88,98,349,advantage endgame rookEndgame short,https://lichess.org/ibWGVLjA#71,,
028i6,r4rk1/p4ppp/b4b2/3q4/8/P3P2P/R1PNNPP1/3Q1RK1 w - - 2 18,d2b3 d5d1 f1d1 a6e2,1322,76,91,1560,capturingDefender crushing middlegame short,https://lichess.org/1ziMVbPr#35,Queens_Pawn_Game Queens_Pawn_Game_Other_variations,
028pN,2r5/6pk/5p1p/5P2/3P1P1N/bP4P1/P2q3P/1K1R4 w - - 0 41,d1d2 c8c1,582,106,85,795,endgame mate mateIn1 oneMove operaMate,https://lichess.org/z2jQMy7h#81,,
028yE,8/6k1/6b1/1p2q3/8/7p/2PQ2P1/5R1K w - - 0 64,g2h3 g6e4 d2g2 e4g2,1199,77,87,2362,crushing endgame short,https://lichess.org/Gfn0gMKg#127,,
0291d,8/8/3p1k2/R2P3K/5P2/3r2P1/8/8 w - - 1 63,g3g4 d3h3,937,86,73,182,endgame mate mateIn1 oneMove rookEndgame,https://lichess.org/HYQy1vsK#125,,
0291x,2r1k2r/5pp1/p3p2p/7n/Bq3P2/2N2Q1P/1PP3P1/4R1K1 b k - 1 27,e8e7 c3d5 e7f8 d5b4,1578,90,71,45,crushing middlegame pin short,https://lichess.org/D1QjtgKb/black#54,,
0293j,5R2/1k2r1pp/bp6/4P3/1K6/P1R3B1/6rP/8 w - - 0 39,f8c8 g2b2 c3b3 b2b3 b4b3 b7c8,1189,76,94,1516,crushing endgame long,https://lichess.org/VKrcTkhH#77,,
0296l,r1b1k1n1/p2p1p2/2p5/q5bQ/4P3/6B1/PPP3P1/RN2KB2 w Qq - 1 13,c2c3 g5d2 b1d2 a5h5,1188,98,69,30,crushing discoveredAttack middlegame short,https://lichess.org/EIE2Vq94#25,Sicilian_Defense Sicilian_Defense_Lowenthal_Variation,
0297d,8/p3R2p/1p3pk1/6p1/3r1nPq/1BQ4P/PP3P1K/8 w - - 2 34,c3d4 h4h3 h2g1 h3g2,1275,81,90,433,endgame mate mateIn2 short,https://lichess.org/iMgK2mai#67,,
0297r,3r2k1/1n3ppp/p1p2q2/1p1P4/1P2N3/P5P1/5P1P/2RQ2K1 b - - 1 24,f6e5 d5c6 d8d1 c1d1,1652,79,62,83,crushing endgame sacrifice short,https://lichess.org/R9VdmdHj/black#48,,
0298b,3q1k2/1Q2b1p1/1pP2n2/p4PB1/P2p4/8/5PPP/6K1 b - - 4 34,d4d3 c6c7 d8c7 b7c7,1302,101,50,37,advancedPawn crushing endgame short,https://lichess.org/saXz5ePg/black#68,,
0299K,r2qk2r/1ppbp1b1/p1n2B1p/3p1pN1/3Pp2P/1BN5/PPP3P1/R2Q1RK1 b kq - 0 16,g7f6 d1h5 e8f8 h5f7,1385,76,56,149,mate mateIn2 middlegame short,https://lichess.org/0mXCZz6I/black#32,Rat_Defense Rat_Defense_Harmonist,
029AH,5r1k/6rn/2Qp3p/5b2/4p1B1/P7/5qPP/R3R1NK w - - 2 38,g4f5 f2g2,907,76,100,565,mate mateIn1 middlegame oneMove,https://lichess.org/6IDBZKGw#75,,
029B5,4R3/6p1/6pp/Bp1kn3/2p3PP/2P3K1/1r6/8 b - - 8 41,b2d2 e8d8 d5c6 d8d2,957,104,93,561,advantage endgame short skewer,https://lichess.org/zMWriFSO/black#82,,
029Eo,r1b1k2r/pp1p1ppp/1qn1pB2/8/4P3/5N2/PPPN1bPP/R2QKB1R w KQkq - 0 9,e1e2 b6e3,801,104,92,656,epauletteMate master mate mateIn1 oneMove opening,https://lichess.org/zzprANol#17,Torre_Attack Torre_Attack_Classical_Defense,
029I2,r3k2r/p3bppp/2p1q3/2P5/1P1P2n1/P1N1B3/5Pp1/R2QK1R1 w Qkq - 0 17,g1g2 g4e3 f2e3 e6e3,934,86,90,1021,advantage middlegame short,https://lichess.org/EYwXhyZk#33,Queens_Gambit_Declined Queens_Gambit_Declined_Austrian_Attack,
029IP,1r4k1/6b1/2p3R1/p2p4/P7/QP6/2P1r3/1K6 w - - 0 35,a3d6 e2e1 b1a2 e1a1,1080,78,77,151,endgame mate mateIn2 operaMate short,https://lichess.org/J8nKmH4n#69,,
029K1,8/R7/3p1rp1/2p1p1kp/1pPnP3/1P3P1P/5KP1/3B4 b - - 1 43,g5f4 h3h4 d4f5 e4f5,2144,79,87,143,crushing endgame quietMove short,https://lichess.org/VrbQCgVu/black#86,,
029M7,1k1r4/ppp2pb1/4b2p/5qp1/1P3p2/3r1N2/1P3QPP/R1B1R1K1 b - - 2 22,d3d1 f2a7 b8c8 a7a8 c8d7 e1d1,1442,75,95,33310,crushing interference long middlegame queensideAttack,https://lichess.org/L5rcgY2B/black#44,,
029MM,r2qr1k1/pp3ppp/3b1n2/8/2P5/2NP2Q1/PP3PPP/R1B2RK1 w - - 5 14,c1f4 f6h5 f4d6 h5g3,1435,77,92,2771,advantage middlegame short,https://lichess.org/Jb7t1k3s#27,Scandinavian_Defense Scandinavian_Defense_Panov_Transfer,
029Qb,3r2k1/1b4pp/p1B1R1n1/1p6/2p5/6B1/PPQ2PPP/3q2K1 w - - 1 24,c2d1 d8d1 e6e1 d1e1,516,87,100,141,backRankMate mate mateIn2 middlegame short,https://lichess.org/ixs92eFt#47,,
029SF,rk2q3/ppb4p/2nN1p2/5Q2/1P1P1B2/5N2/P4PPP/6K1 b - - 0 24,c7d6 f4d6,965,81,62,63,mate mateIn1 middlegame oneMove queensideAttack,https://lichess.org/CVuRSpp6/black#48,,
029Z2,rq5r/pp3k1p/4pppP/1B1p4/5bQ1/8/PPR2PP1/4R1K1 b - - 3 22,b8d6 c2c7 d6c7 g4e6 f7f8 e6f6,1836,75,81,364,advantage deflection long middlegame sacrifice,https://lichess.org/uiI7bVgx/black#44,,
029gU,3q2kr/1p1n2p1/p1p2r2/P1Pp3P/1P1PpQ1R/4P3/4B3/2K4R w - - 1 44,f4g5 f6f1 e2f1 d8g5,934,81,50,73,crushing discoveredAttack middlegame short,https://lichess.org/hCzEyC1I#87,,
029gy,2r2rk1/pp2qppp/2pb4/3pNP2/3P4/1P3P2/PBQ3PP/1BR2nK1 b - - 0 18,f1h2 f5f6 g7g6 f6e7,1452,80,93,733,advancedPawn crushing middlegame short,https://lichess.org/Z9kxWf3j/black#36,Semi-Slav_Defense Semi-Slav_Defense_Quiet_Variation,
029k3,r2q2k1/1p2b1pp/2pp4/p3p3/2P1P1b1/P1N2N2/QP4PP/5RK1 b - - 4 23,d8b6 c4c5 g8h8 c5b6,1822,78,95,19210,crushing discoveredAttack discoveredCheck middlegame short,https://lichess.org/Ws92TRq9/black#46,,
029kN,r5k1/r3npb1/BB1pq1pp/4p3/8/7P/4QPP1/R2R2K1 b - - 6 32,a7d7 a6c4 d6d5 a1a8,1417,75,100,558,advantage discoveredAttack middlegame short,https://lichess.org/c6hS5mGM/black#64,,
029mV,8/8/5k2/1p4p1/1R1P2K1/6R1/3r2b1/8 w - - 0 37,b4b5 d2d4 g4h5 d4h4,965,78,97,4147,endgame mate mateIn2 short,https://lichess.org/CmXjYv9R#73,,
029o2,5r2/1p4bk/p1pQ3p/P5pq/1P2Pr2/2P5/1B5P/R4RKB b - - 0 31,f4f1 a1f1 f8f1 g1f1,1044,371,0,4,advantage middlegame short,https://lichess.org/96Nwd1nf/black#62,,
029oi,4r3/3q1pk1/1n1b1Rp1/p2Pp1Pp/1p1PQ3/4N1B1/PP5P/1K6 b - - 0 33,e5d4 e4d4 d6g3 h2g3,2206,78,82,47,crushing master middlegame short,https://lichess.org/RA63tHxc/black#66,,
029pZ,r4rk1/ppp2pbp/3q1np1/8/8/1P2P3/PBPPQ1PP/RN3RK1 w - - 3 13,e2f3 f6g4 f3g4 g7b2,1799,75,88,74,crushing discoveredAttack middlegame short,https://lichess.org/16zduatP#25,Vant_Kruijs_Opening Vant_Kruijs_Opening_Other_variations,
029rj,r3kb1r/pR1n1ppp/2p1p3/8/2B2P2/4BR2/q1P3PP/3Q2K1 b kq - 2 14,a2c4 d1d7,681,90,100,130,mate mateIn1 middlegame oneMove,https://lichess.org/s7bG9twm/black#28,Caro-Kann_Defense Caro-Kann_Defense_Classical_Variation,
029se,5k2/pp3p1p/1n4p1/5bN1/8/1BP4P/Pr3PP1/4R1K1 b - - 3 23,f7f6 g5h7 f8g7 e1e7,1073,76,81,197,advantage endgame short,https://lichess.org/Mqb8JSDF/black#46,,
029w3,r1b2rk1/pp3ppp/2p2q2/4n2Q/3NB3/1P2P1P1/P4P1P/R4RK1 b - - 3 16,c8g4 h5h7,728,83,87,45,kingsideAttack mate mateIn1 middlegame oneMove,https://lichess.org/pIbW2zea/black#32,Queens_Gambit_Declined Queens_Gambit_Declined_Albin_Countergambit,
029wQ,r7/pp1q2bk/3p2p1/2pN3p/2Pn1Q2/3P3P/PP4PN/R5K1 b - - 0 22,g7e5 f4e5 d6e5 d5f6 h7h6 f6d7,1490,78,94,1110,advantage fork long middlegame sacrifice,https://lichess.org/xciNJzzi/black#44,,
029xB,6k1/1p3pp1/pq5p/8/P2bn3/6QP/1P1BBPP1/1R4K1 w - - 1 25,g3d3 d4f2 g1h1 e4g3 d3g3 f2g3,1691,77,84,65,advantage long middlegame,https://lichess.org/8ZlqPaCP#49,,
029xF,4r2k/pp4pp/2pBr1q1/2P5/1P2PQ2/Pb3P2/4R1PP/4R1K1 w - - 5 32,f4f5 g6f5 e4f5 e6e2 e1e2 e8e2,1147,76,97,613,middlegame,https://lichess.org/pJTruoEv#63,,
029xb,r3r1k1/3q2bp/2p2pp1/p7/P2BRP2/8/1PP1Q1PP/5RK1 w - - 3 21,f1e1 e8e4 e2e4 f6f5 e4e6 d7e6 e1e6 g7d4,1863,75,98,1088,advantage middlegame veryLong,https://lichess.org/KISZk5sh#41,,
02A3t,2q2bk1/4Q2p/p5p1/1p3pB1/8/5N1P/PP3PP1/6K1 w - - 1 30,e7a7 f8c5 a7c5 c8c5,1699,74,96,2185,advantage endgame short trappedPiece,https://lichess.org/c57wHyeI#59,,
02A8s,6k1/7p/3P2p1/1R6/8/7r/K7/8 b - - 0 43,g8f8 b5b8 f8f7 d6d7,1582,80,94,1668,advancedPawn crushing endgame rookEndgame short,https://lichess.org/TFMMblS4/black#86,,
02AGl,4Q1k1/pp4p1/4br1p/4N3/1P3q2/P7/6PP/2R4K b - - 1 29,f6f8 e8e6 g8h7 c1g1,2292,82,83,243,advantage defensiveMove endgame hangingPiece short,https://lichess.org/TjLwUaRU/black#58,,
02AH2,r2qk2r/ppp1bppp/4p3/3pPb2/2P3nP/2N2P2/PP2P1P1/R1BQKB1R w KQkq - 1 9,f3g4 e7h4 h1h4 d8h4,1335,77,88,119,advantage opening short,https://lichess.org/dKAZSXoN#17,Queens_Pawn_Game Queens_Pawn_Game_Zukertort_Variation,
02AKn,7k/p4Qqp/3b2p1/3B4/8/5R2/PP3PPK/2r5 w - - 2 42,g2g3 g7h6 h2g2 h6h1,966,76,99,1640,endgame master mate mateIn2 short,https://lichess.org/2vWmdGQZ#83,,
02AKv,r5rk/1pp3p1/p2p1nQN/4q3/1b6/7P/PPB2PP1/R1B3K1 b - - 0 27,g7h6 g6h6 f6h7 h6h7,1171,75,100,279,kingsideAttack mate mateIn2 middlegame short,https://lichess.org/Zx6Xn80b/black#54,,
02AQs,7r/6p1/Pk6/R7/1P6/8/2K5/8 w - - 1 49,a5a2 h8h2 c2b3 h2a2 b3a2 g7g5,1930,76,93,2176,crushing defensiveMove endgame long rookEndgame,https://lichess.org/MoqbZDwx#97,,
02ARe,rq3rk1/2p2ppp/4pn2/p2pP3/b7/1PP1P1P1/P1QN1PP1/2KR3R b - - 0 17,f6d7 c2h7,614,83,100,452,kingsideAttack mate mateIn1 middlegame oneMove,https://lichess.org/Gboq4j9w/black#34,Horwitz_Defense Horwitz_Defense_Other_variations,
02ATq,r1b2r1k/pppn4/3pBbq1/3Pp1N1/2P4P/6B1/PP1Q1PP1/R3K2R w KQ - 1 20,h4h5 g6g5 d2g5 f6g5,1506,76,71,136,advantage middlegame short,https://lichess.org/8Caetla9#39,,
02AV7,8/8/Pk6/1pnP1p1p/1N1K2pP/8/6P1/8 b - - 2 43,f5f4 d5d6 c5d7 d4e4 f4f3 g2f3 g4g3 e4e3 d7e5 e3e2,2457,100,72,54,crushing defensiveMove endgame knightEndgame veryLong,https://lichess.org/bNPjDmkL/black#86,,
02AWw,7q/1p3pk1/p6r/3R4/3Pp1p1/4P1P1/PPQ4P/6K1 b - - 2 33,h6h2 c2h2 h8h2 g1h2,1700,77,75,64,crushing endgame short,https://lichess.org/2nwiGsVC/black#66,,
02AXB,8/2pr2k1/4N1p1/1p5p/8/2P1Q1K1/2q3PP/8 b - - 10 41,g7h8 e3h6 h8g8 h6f8 g8h7 e6g5,1504,80,95,22597,endgame exposedKing long mate mateIn3,https://lichess.org/iwM6UWir/black#82,,
02AZ6,2r5/2r4k/p5q1/7p/3p3P/1p6/1P1Q4/K5R1 w - - 0 38,g1g6 c7c1 d2c1 c8c1,713,107,86,276,endgame master mate mateIn2 queenRookEndgame short,https://lichess.org/2qgOYIPO#75,,
02Ab5,8/1Q4pk/P5p1/2p5/8/6bq/8/3R1R1K w - - 2 42,h1g1 h3h2,955,77,95,161,endgame mate mateIn1 oneMove,https://lichess.org/PNtW5fTm#83,,
02Ack,1rb1k2r/npN1ppb1/5npp/4p3/8/5N2/PPP2PPP/2KR1B1R b - - 1 14,e8f8 d1d8 f6e8 d8e8,1048,79,87,150,mate mateIn2 opening short,https://lichess.org/IoxsFELU/black#28,Sicilian_Defense Sicilian_Defense_Smith-Morra_Gambit,
02AeY,8/4k3/4p3/p2pP3/2pPb3/2K1P1RB/PP2r3/4N3 w - - 3 54,g3g1 e2e3 c3d2 e3h3,1136,75,95,7097,advantage endgame fork master masterVsMaster short,https://lichess.org/7db6HE38#107,,
02Aed,r1bk1b1r/p1p3pp/2Qp4/6p1/3p1q2/P2B4/1P3PPP/R2KR3 b - - 0 17,a8b8 c6e8,800,89,86,90,mate mateIn1 middlegame oneMove,https://lichess.org/PG4kG2XD/black#34,Four_Knights_Game Four_Knights_Game_Scotch_Variation,
02Aho,6k1/4R2p/1q1p2p1/1pnBP1P1/1p2P2P/6K1/2r5/1R6 b - - 0 36,g8h8 e7e8 h8g7 e8g8,985,81,100,46,endgame,https://lichess.org/4Gn1PjYA/black#72,,
02Am1,8/2P1R3/5k2/1B1p4/N2Ppn2/4K3/2r5/8 w - - 1 54,c7c8q f4g2,1720,76,95,2403,endgame mate mateIn1 oneMove,https://lichess.org/riDyBQqn#107,,
02Amv,3rk3/2q2p1Q/1p2p1r1/p2p2p1/4n3/P2R1NP1/2P1R1PP/4K3 b - - 6 31,e4f6 e2e6 e8f8 h7h8 f6g8 e6g6,2234,82,89,1295,crushing long middlegame,https://lichess.org/nFfliuKq/black#62,,
02AoV,8/pp6/2p5/PP3pp1/3P3p/2k1p2P/7P/4K3 b - - 0 42,c3d4 a5a6 b7a6 b5c6 d4c5 c6c7,1700,74,82,214,advancedPawn crushing deflection endgame long pawnEndgame,https://lichess.org/iivBO1u5/black#84,,
02ApL,rk5r/pp4pp/1qpRQ3/8/8/2p5/PPP2PPP/4R1K1 w - - 1 20,e6e8 h8e8 e1e8 b8c7,1119,86,81,54,crushing endgame short,https://lichess.org/QsLVGSWy#39,,
02Aqe,r1b1k1nr/pppp1ppp/2n5/4P1N1/1b3B2/2P5/Pq1QPPPP/RN2KB1R b KQkq - 0 7,b4c3 d2c3 b2c3 b1c3,1422,77,94,3822,crushing opening short,https://lichess.org/DMric9BU/black#14,Englund_Gambit_Complex Englund_Gambit_Complex_Englund_Gambit,
02Asj,1k1r3r/ppp4p/8/4Qp2/8/3P1P2/q1n3PP/1RR4K b - - 0 23,c2d4 e5c7 b8a8 c7b7,1167,75,90,424,mate mateIn2 middlegame queensideAttack short,https://lichess.org/eBDGBNN7/black#46,,
02B19,7k/8/3P2rp/1pb1ppq1/8/3Q4/B1P3PP/5R1K w - - 1 30,d6d7 g5g2,1108,225,67,9,endgame master mate mateIn1 oneMove,https://lichess.org/emt5pqMR#59,,
02B8R,1r1q1rk1/ppp2ppp/4p3/n2n4/3P4/2P4P/P1PBBPP1/1R1Q1RK1 b - - 8 15,a7a6 c3c4 a5c4 e2c4,1315,76,89,331,crushing middlegame short,https://lichess.org/MJCrFizf/black#30,Scandinavian_Defense Scandinavian_Defense_Mieses-Kotroc_Variation,
02B8h,r4r2/1bq2pkp/ppn1p1p1/2p5/4P1N1/2P2B1P/PP3PP1/R1Q1R1K1 b - - 3 18,h7h5 c1h6 g7g8 g4f6,918,84,100,47,mate mateIn2 middlegame short,https://lichess.org/Q4yOhmBe/black#36,Sicilian_Defense Sicilian_Defense_Other_variations,
02BBW,2kB3r/ppp2ppp/6q1/2b1p3/3nN3/3P3b/PPP1BPP1/R2Q1RK1 w - - 0 14,e4g3 d4e2 d1e2 g6g3 e2f3 g3f3,1835,76,95,4770,advantage kingsideAttack long middlegame pin,https://lichess.org/gNQFjFy8#27,Kings_Pawn_Game Kings_Pawn_Game_Alapin_Opening,
02BD5,8/p4bkp/4r3/2Q5/8/N4qbP/PPP1nP1K/3R1R2 w - - 0 27,f2g3 f3g3 h2h1 g3h3,1121,75,100,435,deflection mate mateIn2 middlegame short,https://lichess.org/dwGyCBKc#53,,
02BFR,r3b1k1/1p5p/p1pp2q1/5p2/1PPBpP1b/PQ2P1PP/3P2K1/R4R2 w - - 3 25,c4c5 e8f7 g2h1 f7b3,1777,104,85,20,crushing defensiveMove middlegame pin short,https://lichess.org/RJuj1Lmo#49,,
02BFi,8/7p/4k1p1/4B2n/p1Pp2P1/1p1K3P/1P3P2/8 w - - 0 35,g4h5 e6e5 h5g6 h7g6 h3h4 e5d6 f2f4 d6c5 f4f5 g6f5 h4h5 c5b4 d3d2 a4a3,2968,120,87,1073,crushing endgame hangingPiece veryLong,https://lichess.org/qbpzhXnP#69,,
02BLF,3rr1k1/5p2/p2q2pB/1pp1p3/3n2Pb/3R2N1/PP1QB1PP/4K2R w K - 0 23,e1g1 d4e2 d2e2 d6d3 e2d3 d8d3,1756,77,92,556,crushing discoveredAttack kingsideAttack long master masterVsMaster middlegame,https://lichess.org/0Dfj8ych#45,,
02BOt,1kr5/pp6/4bq2/4p2p/1P2P1p1/5P2/P2QB1PP/2R3K1 b - - 4 27,g4f3 d2d6 b8a8 c1c8 e6c8 d6f6,1377,76,81,428,crushing deflection endgame long queensideAttack,https://lichess.org/QlixdDNB/black#54,,
02BQo,6k1/pr5p/4p1p1/3P2nq/5r2/1B3N2/PP2Q1PP/5RK1 b - - 0 29,f4e4 e2c2 b7f7 f3g5 f7f1 g1f1 e4f4 g5f3,2725,92,93,483,advantage defensiveMove middlegame veryLong,https://lichess.org/RjCfIYyu/black#58,,
02BTw,r3k2r/pp3ppp/2bNp3/8/1QB2qn1/8/PP3PPP/R4RK1 b kq - 5 15,e8d7 c4e6 f7e6 b4f4,1423,80,86,68,crushing discoveredAttack middlegame short,https://lichess.org/3noWJgZO/black#30,Indian_Defense Indian_Defense_London_System,
02BWG,8/8/1p4p1/p2p4/3k4/5PP1/PP1K4/8 w - - 0 36,b2b3 b6b5 a2a3 b5b4 a3a4 g6g5 d2e2 d4c3,2726,86,96,656,crushing endgame pawnEndgame quietMove veryLong zugzwang,https://lichess.org/elu1UymC#71,,
02BXF,7R/8/5pk1/8/4p1p1/2K4p/1P6/8 w - - 0 54,h8h4 f6f5 c3d2 g6g5 h4h8 g5f4 b2b4 g4g3 h8h4 f4f3,2631,110,80,50,crushing defensiveMove endgame quietMove rookEndgame veryLong,https://lichess.org/3ji3p5TA#107,,
02BXL,8/8/4QK2/8/3k1p2/5Pp1/6P1/1q6 w - - 2 58,e6f5 b1f5 f6f5 d4e3,1307,81,91,2631,crushing endgame master queenEndgame short,https://lichess.org/HlyVLuSl#115,,
02BY0,8/8/N7/4kp2/2P4p/1P6/P1n1KP2/8 w - - 0 46,e2f3 c2e1 f3e2 h4h3,1847,110,83,20,crushing endgame knightEndgame short,https://lichess.org/Cl9pBuRW#91,,
02BZl,2k5/2p2B2/pp3Q1p/1K2p3/1B2P3/3r1Pr1/P1q5/R2R4 w - - 0 30,b5a6 c2a4 b4a5 a4a5,1156,77,95,3042,fork mate mateIn2 middlegame short,https://lichess.org/6rFp8IAH#59,,
02Bcd,5rk1/p4pp1/4p1p1/3p4/7Q/1NP1P3/PP1K1Pqn/R4R2 w - - 0 25,h4g3 h2f1 a1f1 g2f1,1667,83,94,18303,advantage fork middlegame short,https://lichess.org/SbU38wAI#49,,
02Bfb,1rb1k2r/1pq1bp2/p1n1p3/3p2pp/4P1n1/1BN2Q2/PPP1NPPP/2BR1RK1 w k - 0 15,e4d5 c7h2,672,87,100,198,kingsideAttack mate mateIn1 oneMove opening,https://lichess.org/cR0AcI6j#29,Sicilian_Defense Sicilian_Defense_Old_Sicilian,
02BgN,6k1/p2R4/6p1/5p2/4bP2/r1K5/P3R3/8 w - - 4 41,c3d4 a3d3 d4c4 d3d7,1235,76,86,813,crushing endgame short skewer,https://lichess.org/XJi4iCL1#81,,
02Bit,r6k/2p3Rp/1p1p3P/3P1r2/1PP2p2/p7/P7/2K1R3 b - - 1 30,f4f3 e1e7 f5g5 g7g5,1804,103,55,28,crushing endgame rookEndgame short,https://lichess.org/mwsdSmnI/black#60,,
02BjK,8/pp5R/2p2Qp1/2kq4/2n5/8/PPP3P1/2K5 w - - 9 35,h7e7 d5d2 c1b1 d2d1,832,97,94,243,endgame mate mateIn2 short,https://lichess.org/iSgiD3dl#69,,
02BlD,r7/PR2n3/2n1pk2/2Pp2p1/1r1P4/3NP3/5P2/R5K1 w - - 1 39,b7e7 f6e7 d3b4 c6b4,1879,126,100,33,endgame equality short,https://lichess.org/PWjWxtmH#77,,
02Bm1,3r4/p1p2pk1/1p3p1p/5P2/2N2bP1/1B5P/PPP5/1K3R2 w - - 4 26,f1f4 d8d1,639,93,78,513,backRankMate endgame mate mateIn1 oneMove,https://lichess.org/SA0hgYvt#51,,
02BpP,5rk1/1q1n2pp/p2p4/3Pp1B1/2P2p2/3Q3P/P4PP1/5RK1 w - - 0 22,g5e7 d7c5 d3b1 b7e7,1212,85,90,729,advantage discoveredAttack endgame short,https://lichess.org/GnBh73Ac#43,,
02BxU,2r1k2r/1p2pp1p/p2p4/4nPp1/3Q4/2q2PB1/P1P3PP/2KR1R2 w k - 0 18,g3e5 c3c2,920,77,100,415,mate mateIn1 middlegame oneMove queensideAttack,https://lichess.org/HZ5SlMi9#35,Sicilian_Defense Sicilian_Defense_Najdorf_Variation,
02Bz7,r1b2r2/1p5k/p2p2pP/3NpP2/3q4/3B4/PPPQ4/3K3R b - - 0 23,d4d5 f5g6 h7g8 h6h7 g8h8 g6g7,1061,82,75,49,advancedPawn crushing long middlegame,https://lichess.org/YFDEnaZu/black#46,,
02Bzk,8/8/8/8/2n4P/2K3P1/p1N5/1k6 w - - 1 63,h4h5 c4e3 c2e3 a2a1q,1951,75,95,5332,advancedPawn crushing deflection endgame knightEndgame promotion short,https://lichess.org/XytHN4nr#125,,
02C3w,r1bqkbnr/ppp2ppp/2n1p3/8/3pP3/5N2/PPPPNPPP/R1BQKB1R w KQkq - 2 5,e2d4 c6d4 f3d4 d8d4,1002,171,0,12,advantage opening short,https://lichess.org/eckaUIps#9,French_Defense French_Defense_Two_Knights_Variation,
02C6o,6rk/pR4bp/5q2/8/3p1p1R/6QP/PP3P2/7K w - - 0 36,g3g4 f6c6 g4g2 f4f3 g2g4 c6b7,2266,77,92,1447,endgame,https://lichess.org/Ttq122Tt#71,,
02CA5,rnb1k2r/pp1p1ppp/2p2n2/q2Pp1B1/2P5/2P5/P3PPPP/R2QKBNR w KQkq - 1 7,g5f6 a5c3 d1d2 c3a1,869,77,97,624,advantage deflection opening short,https://lichess.org/VmGzunXw#13,Indian_Defense Indian_Defense_Budapest_Defense,
02CAR,6k1/5ppp/p3p3/2r1N3/2P2P2/7P/PR4P1/1b4K1 b - - 1 26,f7f6 b2b8 c5c8 b8c8,900,78,85,176,endgame fork mate mateIn2 short,https://lichess.org/NHYmYGF3/black#52,,
02CDh,r1b1r1k1/pp2bppn/2p1p2B/3q4/3P3Q/2PB1N2/PP3PPP/R4RK1 w - - 1 15,h6g5 h7g5 f3g5 e7g5,2125,78,82,369,advantage middlegame short,https://lichess.org/iKhWm8Si#29,Yusupov-Rubinstein_System Yusupov-Rubinstein_System_Other_variations,
02CG7,r1b1k2r/1pp2p2/p3pnp1/4n1Bp/8/P1N5/1P2BPPP/R3K2R b KQkq - 3 18,f6d5 c3d5 e6d5 g5f6 h8g8 f6e5,1582,78,92,1967,advantage fork long middlegame,https://lichess.org/raXShO41/black#36,Queens_Gambit_Accepted Queens_Gambit_Accepted_Central_Variation,
02CIe,8/1p4k1/1pp1b2p/1P1P2p1/P1K1Bp2/5P1P/6P1/8 b - - 0 43,e6d5 e4d5 c6d5 c4d5,822,99,67,62,bishopEndgame crushing endgame short,https://lichess.org/iDQno5u5/black#86,,
02CIw,4K3/4P3/6k1/1R6/5r2/p7/8/8 b - - 0 67,f4a4 e8f8 a4f4 f8g8,2153,84,78,38,crushing defensiveMove endgame rookEndgame short,https://lichess.org/03gYffNn/black#134,,
02CJx,r5rk/4q2p/1np1Pp2/1p1p1N2/3P4/2P4R/5PPP/q1RQ2K1 b - - 1 35,e7a3 h3h7 h8h7 d1h5,1356,74,78,275,attraction kingsideAttack mate mateIn2 middlegame sacrifice short,https://lichess.org/Y1S7xV8e/black#70,,
02CNX,8/5k2/1p4p1/1R4P1/r1K4P/8/8/8 w - - 11 58,c4d5 a4a5 b5a5 b6a5,1102,85,94,983,crushing endgame master pin rookEndgame short,https://lichess.org/hZdZypIJ#115,,
02CQe,r5k1/1b4b1/2p1p2p/pp4pQ/8/P5BP/1Pq3PN/5R1K b - - 0 24,c6c5 h5f7 g8h8 f7b7,1277,81,93,3645,crushing fork middlegame short,https://lichess.org/7BFYWf9w/black#48,,
02CU6,2r5/5k2/1p2b1P1/p3Pp2/3R3P/qP6/P2Q4/1K6 b - - 0 44,f7e7 d2g5 e7e8 g6g7 a3c1 g5c1 c8c1 b1c1,1711,75,88,380,advancedPawn crushing endgame veryLong,https://lichess.org/6ottl6Sl/black#88,,
02CX1,6k1/p3b1p1/1p6/7R/2P5/KP4B1/P3rPPP/8 w - - 1 29,a3a4 e2a2 a4b5 a2a5 b5c6 a5h5,1453,77,92,2517,crushing endgame long skewer,https://lichess.org/HwPL6rbJ#57,,
02CZ4,r1bqkbnr/ppppp2p/2n3N1/7Q/4p3/8/PPPP1PPP/RNB1KB1R b KQkq - 0 5,h7g6 h5g6,720,89,38,86,mate mateIn1 oneMove opening,https://lichess.org/eCZPGQAX/black#10,Nimzowitsch_Defense Nimzowitsch_Defense_Colorado_Countergambit,
02CfU,rnb2rk1/1p3pp1/pq2pb2/4p1p1/3NNP2/5Q2/PPP4P/2KR1B1R b - - 1 14,e5d4 h2h4 d4d3 e4f6,2290,153,47,9,crushing kingsideAttack middlegame short,https://lichess.org/RtQjCR9D/black#28,Sicilian_Defense Sicilian_Defense_Najdorf_Variation,
02CfV,7k/1p4pp/p1b5/8/6N1/7P/PP1R1K2/4r3 b - - 4 38,e1b1 d2d8 c6e8 d8e8,399,96,100,249,backRankMate endgame mate mateIn2 short,https://lichess.org/MsWiJvaq/black#76,,
02ChS,rn1qkb1r/pp4pp/3p4/2p1N3/2BnP1b1/2N1B3/PPP2PPP/R2QK2R b KQkq - 0 11,g4d1 c4f7 e8e7 e3g5,1366,88,82,63,mate mateIn2 middlegame short,https://lichess.org/nX1fIK0P/black#22,Benoni_Defense Benoni_Defense_French_Benoni,
02Chg,r4rk1/1q4pp/3b1p2/1Bp1p1n1/Pn1p4/1P2P1P1/1B1NQP1P/R2R2K1 w - - 0 21,e3d4 g5h3 g1f1 b7h1,1282,75,88,150,kingsideAttack mate mateIn2 middlegame short,https://lichess.org/Le7NzteN#41,,
02Chp,r4rk1/p4pp1/4b2p/2bp4/4qB1Q/6R1/PP2BPPP/5RK1 b - - 5 21,e4e2 g3g7 g8g7 f4h6 g7h7 h6f8 h7g8 f8c5,2481,105,89,1323,attraction crushing discoveredAttack discoveredCheck kingsideAttack middlegame sacrifice skewer veryLong,https://lichess.org/ydA7nScx/black#42,,
02Chz,r3k2r/1p3pb1/p2p2p1/2pBpP2/4Pn1q/P1PP1Rp1/1P4P1/RNB1QK2 w kq - 6 23,c1f4 h4h1 f1e2 h1g2 f3f2 g3f2,1954,74,89,214,advancedPawn crushing deflection long middlegame,https://lichess.org/mueeSzX1#45,,
02Cjp,3r2k1/pp3pp1/8/8/4bqnR/PB6/2P3PP/5Q1K w - - 0 31,f1f4 d8d1 f4f1 d1f1,671,81,100,360,endgame mate mateIn2 short,https://lichess.org/GVfHjfG8#61,,
02Clu,8/1pN2pk1/p5p1/8/1b6/3n1Q2/PP3nPP/6RK w - - 1 30,f3f2 d3f2,757,134,67,113,endgame hangingPiece master mate mateIn1 oneMove smotheredMate,https://lichess.org/dzADrj7e#59,,
02Cm0,2r2k1r/p3ppbp/3p4/8/2P2B2/1R4P1/P4K2/3B4 b - - 0 25,c8c4 b3b8 c4c8 b8c8,400,106,82,191,backRankMate endgame master mate mateIn2 short,https://lichess.org/lgQsMS59/black#50,,
02Cm1,r1b4k/pp5p/6p1/3Bb1Q1/3p4/1P1P2P1/P1P2KNq/R7 b - - 1 24,e5g3 g5g3 h2g3 f2g3,866,78,100,461,advantage middlegame short,https://lichess.org/aZIQltWe/black#48,,
02Cmy,8/p6p/6pk/8/3n4/3PN3/3qrPPP/2R2QK1 b - - 6 26,e2e3 c1d1 d4e2 g1h1 e3d3 d1d2,1996,76,94,10994,advantage endgame long,https://lichess.org/icdzzqbP/black#52,,
02Cq3,r1k4r/pp1nQ1p1/5p2/1N3P1p/3P4/2P5/q5PP/4R2K b - - 3 25,a7a6 e7e8 h8e8 e1e8,1551,75,95,18538,mate mateIn2 middlegame queensideAttack sacrifice short,https://lichess.org/0MRd72jU/black#50,,
02CuI,r1bqr3/ppp3pp/6k1/3p4/3Q4/2P3K1/PP4PP/RNB4R w - - 0 15,h1f1 e8e4 c1f4 e4d4,2032,77,91,1579,advantage middlegame short,https://lichess.org/LFkpJU3o#29,Danish_Gambit Danish_Gambit_Other_variations,
02Cy0,r2q3r/1p3Qpk/2p2n1p/p2n1N1P/3P1P2/2P5/PP1B2P1/2K1R3 b - - 4 25,d8g8 f7g6,1118,76,100,525,mate mateIn1 middlegame oneMove,https://lichess.org/e8BNaSej/black#50,,
02D4I,8/pR3k2/1p2b1pp/2pNPp2/1bP2P2/r5P1/5B1P/5K2 b - - 1 39,f7e8 b7e7 e8d8 e7e6,1693,75,86,122,crushing endgame fork master short,https://lichess.org/PFCnPNfi/black#78,,
02D5t,4r1k1/p1p3pp/2Q5/8/1q6/3r3P/PB4P1/2R4K b - - 0 31,e8d8 c6e6 g8h8 b2g7 h8g7 c1c7 d3d7 c7d7 d8d7 e6d7,2030,75,87,576,advantage attraction endgame veryLong,https://lichess.org/Cezdw21w/black#62,,
02D6q,r1b2knN/1p1p1p2/pb1P3p/3qP3/2pn4/3B2Q1/PP3PPP/R1B1R1K1 w - - 1 20,d3h7 d4e2 g1h1 e2g3,1698,82,92,46,advantage kingsideAttack middlegame short,https://lichess.org/K2zJA7sP#39,,
02D70,1r4k1/pr2bpp1/2p3b1/3n2B1/N1B5/P4P2/KP5P/R5R1 w - - 5 24,g5e7 b7b2 a4b2 d5c3,1797,79,93,1536,mate mateIn2 middlegame sacrifice short,https://lichess.org/WoBXMicu#47,,
02D9k,8/5p2/6p1/2k3P1/K1n4P/4N3/8/8 w - - 0 63,e3c4 c5c4 h4h5 g6h5,670,80,100,111,crushing endgame short,https://lichess.org/iZapHeY3#125,,
02D9n,2rk1b1r/pQ1bp1pp/3pP3/5q2/2n2N2/7P/PP1B1PP1/R4RK1 b - - 0 21,c4d2 b7d7,1251,83,91,681,master mate mateIn1 middlegame oneMove,https://lichess.org/SGy9v8xk/black#42,,
02DAl,1r3rk1/pp1b1ppp/3np3/q2pQ3/3P4/3B1P2/PPP3PP/1K1R2NR b - - 4 15,d6c4 d3c4 f7f6 e5d6 d5c4 d6d7,1880,76,90,1444,crushing long middlegame,https://lichess.org/8AMaRs2L/black#30,Caro-Kann_Defense Caro-Kann_Defense_Exchange_Variation,
02DMM,3R2k1/4np2/p3b1rp/4B3/7p/5B2/1Pr3P1/4R1K1 b - - 4 38,g8h7 d8h8,800,87,56,49,master mate mateIn1 middlegame oneMove operaMate,https://lichess.org/jSpqRln6/black#76,,
02DOR,3r2k1/7p/3b4/p5q1/P2Q1p2/1PN4P/1P4P1/5RK1 w - - 2 33,d4d5 g5d5 c3d5 d6c5 g1h2 d8d5,1119,77,93,368,advantage discoveredAttack endgame long,https://lichess.org/iQxbqXA7#65,,
02DSN,8/4kp1R/3bp1P1/3p4/5P2/4r3/2B5/6K1 b - - 0 36,e7f6 h7f7,1336,81,80,349,endgame epauletteMate mate mateIn1 oneMove pillsburysMate,https://lichess.org/yV53iTNH/black#72,,
02DUG,r2q1rk1/ppp2pp1/2n2bbp/3p4/3P2P1/2NBPN1P/PP3P2/R2Q1RK1 w - - 1 13,d1c2 c6b4 d3g6 b4c2,1339,152,33,14,advantage middlegame short,https://lichess.org/bbtfKjsV#25,Queens_Gambit_Declined Queens_Gambit_Declined_Three_Knights_Variation,
02DbV,5Q2/3kp3/1pp4P/8/4p3/pPq1P3/P1P3P1/1K6 w - - 2 37,b1c1 c3e1,1447,82,63,448,endgame mate mateIn1 oneMove queenEndgame,https://lichess.org/IqTaUngS#73,,
02Dc0,r1b2rk1/5ppp/1p3P2/p1p5/5q2/2PB3P/PPK1QP2/3R2R1 b - - 2 19,f4f6 e2e4 g7g6 e4a8,1986,75,95,2062,advantage middlegame short,https://lichess.org/aHJ9aAJJ/black#38,,
02DcQ,6qk/pp2N2n/2p2p2/7Q/8/3p3P/P4PP1/6K1 b - - 1 48,g8d8 h5f7 d8e7 f7e7,1972,75,90,269,crushing endgame short,https://lichess.org/67A6DVdE/black#96,,
02De5,3r2k1/pR5p/2p1p1p1/8/2Q5/1KP1P3/P4q2/8 b - - 1 27,f2e3 c4h4 e3b6 b7b6,1831,76,93,572,crushing endgame short,https://lichess.org/t8T2KDd1/black#54,,
02DgT,3r3r/4kp2/4p1p1/4P3/2Q2P2/4q3/P5PP/2R2RK1 w - - 1 27,g1h1 h8h2 h1h2 d8h8,1246,76,92,1315,attraction endgame master mate mateIn2 sacrifice short,https://lichess.org/bPcZ1oZB#53,,
02DhH,r4rk1/pbp1bp1p/1p2pnp1/3q2N1/3P3Q/3BB3/PPP3PP/R4RK1 w - - 2 14,f1f6 d5g2,1261,80,93,562,kingsideAttack mate mateIn1 middlegame oneMove,https://lichess.org/rFFviiaG#27,French_Defense French_Defense_Alapin_Gambit,
02Dij,8/1k1n4/3p1p1p/K2PpPp1/N3P1P1/7P/8/8 b - - 2 48,b7a7 a4c3 a7b8 c3b5 d7c5 b5d6 b8c7 d6e8,2236,80,90,432,crushing endgame knightEndgame quietMove veryLong,https://lichess.org/TvQZZel6/black#96,,
02DlC,5rk1/p3ppbp/3p2p1/q5P1/2nPQ3/2N5/Pr2N2P/R1B2K1B w - - 0 20,c1b2 c4d2 f1f2 d2e4,996,78,90,177,advantage fork middlegame short,https://lichess.org/2tZ78ci2#39,,
02Dnf,rnbq1rk1/p3b1pp/4pP2/1Pp3B1/8/2p2N2/PP3PPP/R2QKB1R b KQ - 0 11,c3b2 f6e7 d8d1 a1d1,1617,75,94,13433,advancedPawn crushing fork opening short,https://lichess.org/XJVeiQKf/black#22,Blumenfeld_Countergambit_Accepted Blumenfeld_Countergambit_Accepted_Other_variations,
02DqO,8/4k3/8/7R/6pK/5p2/P3n1P1/8 w - - 0 51,h4g4 f3g2 g4f3 g2g1q,1589,75,85,2157,advancedPawn crushing endgame promotion short,https://lichess.org/rc2kJpkW#101,,
02DtC,8/3R4/p1p1KP2/1pP5/1Pk5/8/8/5r2 b - - 4 66,f1e1 e6d6 e1f1 f6f7 c4b4 d6c6,2024,91,91,683,advancedPawn crushing defensiveMove endgame long rookEndgame,https://lichess.org/tvxglP3C/black#132,,
02DwR,k7/P7/1K6/1N6/8/4p1p1/3n4/8 b - - 1 59,d2c4 b6a6 e3e2 b5c7,1542,78,96,31257,defensiveMove endgame knightEndgame mate mateIn2 short,https://lichess.org/fRO3U43N/black#118,,
02Dxc,3k1Q1r/1ppbn1pp/1p2p3/rBq1P3/P2pP3/4B3/1PP3PP/R4RK1 b - - 3 19,h8f8 f1f8 d7e8 f8e8,986,84,71,35,mate mateIn2 middlegame operaMate short,https://lichess.org/6olc9sMq/black#38,,
02E3j,1k5r/1p1Q4/pP1p4/P1pP3p/3qP3/2N3p1/2P5/R2KR3 w - - 3 35,d1c1 d4c3 d7d6 b8a8 e1d1 c3a1,1405,75,96,13608,advantage endgame fork long,https://lichess.org/K60uB9jN#69,,
02E6H,8/1r3R1k/p3p2p/3pN3/P1pPn1Q1/2P1P3/3q2P1/6K1 b - - 0 36,b7f7 g4g6 h7h8 e5f7,1415,77,74,200,cornerMate endgame fork intermezzo mate mateIn2 short,https://lichess.org/8NSmolzS/black#72,,
02E99,1r3rk1/1p2qp1p/4p2Q/p1Pp2pP/3P2P1/1RP5/4BPK1/8 b - - 1 29,b8a8 b3b7 f8e8 b7e7,2065,87,89,782,crushing endgame short,https://lichess.org/bvT2YX9w/black#58,,
02E9I,2r3k1/1p2Q2p/p4pp1/4q3/8/P6P/1P4P1/K6R w - - 1 33,e7b7 c8b8 b7b8 e5b8,1319,76,100,465,endgame,https://lichess.org/kXI240M9#65,,
02E9M,r2qk2r/p1p2ppp/2pb1n2/3p4/2P2Qb1/1PN1P3/PB3PPP/R3KB1R w KQkq - 4 12,f4g5 h7h6 g5g7 h8h7 g7h7 f6h7,2019,75,94,8084,advantage clearance long master middlegame trappedPiece,https://lichess.org/a808BYGC#23,Nimzo-Larsen_Attack Nimzo-Larsen_Attack_Modern_Variation,
02EGv,8/5r1k/p1qQp1pp/2p5/2P3P1/5nB1/1P3P1P/2R2K2 b - - 12 32,f3h2 g3h2 c6h1 h2g1,1246,78,88,438,advantage endgame hangingPiece master short,https://lichess.org/gBOMAlsh/black#64,,
02EIw,1r1k3r/2Nppp1p/1bp3pn/B7/4P3/8/PPP2PPP/1R3RK1 w - - 1 18,a5b6 b8b6 c7d5 c6d5,924,81,86,247,advantage middlegame short,https://lichess.org/3lGubekC#35,Sicilian_Defense Sicilian_Defense_Accelerated_Dragon,
02EM7,2q5/4Q3/4p1k1/3p2P1/p2Pp3/4P3/5PK1/8 b - - 0 52,a4a3 e7f6 g6h7 g5g6 h7h6 g6g7 h6h7 f6f8,1826,76,96,5433,advancedPawn crushing discoveredAttack discoveredCheck endgame exposedKing queenEndgame veryLong,https://lichess.org/HgMPoAiy/black#104,,
02ERf,r1r3k1/pp3pp1/2n1bb1p/8/1P2B3/P3BN1P/5PP1/2RR2K1 w - - 3 22,e3d4 c6d4 c1c8 a8c8 f3d4 c8d8,2003,75,91,2026,advantage long middlegame,https://lichess.org/uDqw0lOh#43,,
02ESq,r5k1/pp1b2pp/2n1p1p1/3pP3/3P2Q1/P1P5/3qNKPP/2R4R w - - 2 17,h1d1 a8f8 f2g1 d2e3 g1h1 h7h5 g4g6 e3e2,1847,75,94,12852,advantage master middlegame veryLong,https://lichess.org/LWkDjv4w#33,French_Defense French_Defense_Winawer_Variation,
02EUf,6r1/1P6/2B5/8/3k3p/3pp2P/1R6/4K3 w - - 2 53,b7b8q g8g1,1170,77,100,1151,endgame mate mateIn1 oneMove,https://lichess.org/f4BDHetK#105,,
02EV3,2r3r1/p2k3p/3pbQ2/6p1/8/5B2/q1p2PPP/2R1R1K1 w - - 0 27,f6e6 a2e6 e1e6 d7e6,1033,86,93,1784,crushing middlegame short,https://lichess.org/umPHfOMM#53,,
02Eaa,8/pp2Q1pk/1qp3p1/3p2Pn/8/1P6/PBPN1r1P/R6K w - - 4 27,a1d1 f2h2 h1h2 b6f2 h2h3 f2g3,1601,79,82,65,attraction kingsideAttack long mate mateIn3 middlegame sacrifice,https://lichess.org/lqfTNNSI#53,,
02EcU,8/pb3R1p/1p4r1/4B1pk/4p3/1P2P1PP/P2r4/6K1 b - - 2 31,b7a6 f7h7 g6h6 g3g4 h5g6 h7g7,1316,75,97,8404,endgame long mate mateIn3 operaMate,https://lichess.org/Nshcovak/black#62,,
02EdZ,3r2k1/1p3p1p/2p3p1/3q2PP/3r1P2/pP1bQ3/P7/K1R1R3 b - - 0 33,d3f5 e3e8 d8e8 e1e8 g8g7 h5h6,1113,82,80,231,kingsideAttack long mate mateIn3 middlegame sacrifice,https://lichess.org/I4izEYk4/black#66,,
02Ef9,8/8/pp2k2p/4p3/PP2K2P/6P1/8/8 b - - 0 46,a6a5 b4a5 b6a5 g3g4 e6f6 e4d5,2343,84,90,894,crushing endgame long pawnEndgame quietMove zugzwang,https://lichess.org/l4cmWKAY/black#92,,
02EhR,3rk2r/pp3pp1/4p3/4P2p/q2nQ2P/P3B3/5PP1/R4RK1 w k - 0 20,e4b7 d4e2 g1h1 a4h4,997,78,95,3638,discoveredAttack kingsideAttack master mate mateIn2 middlegame short,https://lichess.org/YPrgeQdp#39,,
02EhX,r1b1r3/ppkn3p/5n2/1B6/4p3/2R2N2/2PP1PPP/5RK1 b - - 1 19,c7b6 f1b1 a7a6 b5d7 b6a7 d7e8,1832,78,91,745,crushing discoveredAttack discoveredCheck exposedKing long middlegame quietMove,https://lichess.org/Vu1Mbuuk/black#38,French_Defense French_Defense_Steinitz_Attack,
02Ej6,b2r2k1/4bpp1/B2q3p/1Q6/4pP2/1P2B3/P1P3PP/5RK1 w - - 2 21,a6b7 d8b8 b5a6 a8b7 a6d6 e7d6,1656,75,92,726,advantage long middlegame,https://lichess.org/8ChA5008#41,,
02Ekq,r1q1rbk1/1ppb1pp1/p1n2n1p/8/2PP1B2/P2Q1N1P/2B2PP1/RN3RK1 b - - 4 16,f6h5 d3h7,439,92,100,233,mate mateIn1 oneMove opening,https://lichess.org/jWdgPwvN/black#32,Petrovs_Defense Petrovs_Defense_Stafford_Gambit,
02Em7,r1bkr3/1pppqppp/p7/3Q4/8/4PB2/P1P2PPP/1R2K2R b K - 0 15,c7c6 d5a5 b7b6 a5b6,1178,82,91,399,mate mateIn2 middlegame short,https://lichess.org/8nPXk2pB/black#30,Englund_Gambit Englund_Gambit_Main_Line,
02EmD,8/6p1/R5Rp/pp2kp2/1qp1p2P/6P1/PP3PK1/8 b - - 5 46,b4b2 a6d6 f5f4 g3g4 f4f3 g2g3 b2f2 g3f2,2220,99,86,44,crushing defensiveMove endgame queenRookEndgame quietMove veryLong,https://lichess.org/zlmR4sJt/black#92,,
02EvG,r1b1k1nr/pppp1Npp/4nq2/2b5/2B1P3/8/PPP2PPP/RNBQK2R w KQkq - 1 7,f7h8 f6f2,1044,79,86,201,attackingF2F7 mate mateIn1 oneMove opening,https://lichess.org/2DvapBi7#13,,
02Ewz,2k4r/pp4p1/2n5/2p1p2p/3pP1nq/3P4/PPPB2P1/R2Q1RK1 w - - 0 19,d1f3 h4h2,904,78,84,104,master mate mateIn1 middlegame oneMove,https://lichess.org/K1BIehfJ#37,,
02F1X,r2qkr2/ppp4p/5n2/6B1/3np1bQ/8/PPP2PPP/2KR1B1R w q - 2 13,g5f6 d4b3 a2b3 d8d1,1232,180,88,10,discoveredAttack mate mateIn2 middlegame queensideAttack short,https://lichess.org/FoZISDsP#25,Three_Knights_Opening Three_Knights_Opening_Winawer_Defense,
02F4S,8/4n1k1/4P3/3p2PP/rp1P4/3K4/P3R3/8 w - - 0 47,e2f2 a4a3 d3c2 a3a2 c2b3 a2f2,1180,91,92,1779,crushing endgame interference long skewer,https://lichess.org/XkKfgmwN#93,,
02F4u,r2qkb1r/1pp2pp1/p2p3p/3Pp3/1P2Pn2/P2B4/1BPN1P1K/R2Q1Rn1 w kq - 0 15,f1g1 d8h4,597,99,96,253,mate mateIn1 middlegame oneMove,https://lichess.org/SuSuVWpx#29,Scotch_Game Scotch_Game_Other_variations,
02F56,r4rk1/1pp1b1pp/p1nqb3/3p1p2/P2P2n1/1PNB1N2/1BP1QPPP/R4RK1 w - - 0 14,a1e1 c6d4 e2e6 d4e6,1519,76,89,2134,crushing middlegame short,https://lichess.org/Hx2PCMfj#27,Nimzowitsch_Defense Nimzowitsch_Defense_Franco-Nimzowitsch_Variation,
02F5u,8/5k2/4p3/6Kp/3P4/5P2/8/8 b - - 0 44,f7g7 g5h5 g7f6 h5g4,1347,78,93,2972,crushing defensiveMove endgame pawnEndgame short,https://lichess.org/nr1mzMxf/black#88,,
02F70,8/1pp1b3/1n2kp2/6p1/p1PPN1P1/1P3K2/P2B4/8 b - - 0 30,f6f5 d4d5 e6f7 g4f5 a4b3 a2b3,2098,79,91,808,crushing deflection endgame long master,https://lichess.org/aKYj7nR2/black#60,,
02FB9,2r3k1/4npp1/1r2p1p1/p2p4/1nPP2P1/qP3N1P/P1QN1P2/1K1R3R w - - 1 22,c2c1 a3a2,900,80,80,105,mate mateIn1 middlegame oneMove queensideAttack,https://lichess.org/f2dft7mI#43,,
02FDO,r1bq1rk1/ppppb1pp/3n1p2/4N3/8/1QNPR3/PP1P1PPP/R1B3K1 b - - 1 11,g8h8 e5g6 h7g6 e3h3,1639,78,84,52,mate mateIn2 middlegame sacrifice short,https://lichess.org/zmYsKK9X/black#22,Ruy_Lopez Ruy_Lopez_Berlin_Defense,
02FEH,6k1/5pp1/7p/3pP3/3P4/8/1pr1N1PP/1Rb1K3 b - - 5 38,c1d2 e1d1 c2c1 e2c1 b2c1q b1c1,1650,76,95,2257,advantage defensiveMove endgame long,https://lichess.org/hZlGqUVT/black#76,,
02FEp,2kr4/Qp1n1pp1/p1p5/3p4/Nq1RP2r/8/PPP2P2/1K5R w - - 0 23,h1h4 b4e1 d4d1 e1d1,860,111,96,1060,mate mateIn2 middlegame queensideAttack short,https://lichess.org/P45oguds#45,,
02FH7,5rk1/3p4/1pp2pP1/p2p2RQ/8/q5P1/7K/8 b - - 0 38,f6g5 h5h7,820,77,100,126,endgame mate mateIn1 oneMove,https://lichess.org/HFfiirmK/black#76,,
02FIQ,3r2k1/p4ppp/8/8/8/1Q5P/2Pq1PP1/4R1K1 w - - 1 28,e1e7 d2d1 g1h2 d1d6 f2f4 d6e7,1087,75,100,874,crushing endgame fork long,https://lichess.org/DdgYThMv#55,,
02FJ8,5k1r/pr2b1p1/1p1p1p1p/2nN1b2/2BB4/8/P4PPP/3RRK2 b - - 7 24,f5g6 d4c5 b6c5 c4a6,2183,74,92,7959,advantage middlegame short,https://lichess.org/R0XluWCo/black#48,,
02FJx,3r2k1/6pp/p3p3/4Np2/1p1QbP2/1P5P/P5PK/2R5 b - - 0 31,d8d4 c1c8 d4d8 c8d8,699,104,73,41,endgame mate mateIn2 short,https://lichess.org/6P11bkFh/black#62,,
02FKX,4b3/8/5k2/7p/p2N3P/1p2K1P1/1P6/8 w - - 0 43,e3f4 a4a3 d4b3 a3b2,1971,75,85,77,advancedPawn crushing endgame short,https://lichess.org/pRsq34vo#85,,
02FOC,r7/3n2pp/2pkp3/1p2p3/pP2P1P1/1P2KP2/2P1N2P/R7 b - - 0 24,a4b3 a1a8 b3b2 e2c3,1325,75,70,216,crushing endgame hangingPiece master short,https://lichess.org/UsAXlYEO/black#48,,
02FOJ,5rk1/2R1Qpp1/p3p2r/3q3p/3P4/7P/1P3PP1/2R3K1 b - - 8 27,h5h4 c7c8 f8c8 c1c8 g8h7 e7f7,1984,76,91,1958,advantage endgame long,https://lichess.org/35Olh13t/black#54,,
02FQ8,4r3/2p2r1k/3n4/6p1/4pqP1/6N1/2Q2PB1/4R1K1 b - - 6 42,h7g7 g3h5 g7f8 h5f4,1174,78,94,629,advantage fork master middlegame short,https://lichess.org/0uU5uc9B/black#84,,
02FSn,r2qk2r/1pp3p1/p1nbbn1p/3p1p2/3P4/PQN1PN1P/1PPB1P2/R3KB1R w KQkq - 0 13,b3b7 c6a5 b7a8 d8a8,1411,77,93,1769,crushing master middlegame short trappedPiece,https://lichess.org/Yc1JzevW#25,Dutch_Defense Dutch_Defense_Janzen-Korchnoi_Gambit,
02FTV,r1q1k3/pppbn3/3p2r1/3PpPn1/1PP3p1/P1NBQ3/5PPN/R4RK1 b q - 0 20,e7f5 d3f5 d7f5 f2f4 g4f3 h2f3,2052,75,83,90,advantage long middlegame,https://lichess.org/6VQrn3YJ/black#40,,
02FUE,r4rk1/pp3ppp/2p1bq2/4pn2/4Q3/P2B4/1PP2PPP/2KR2NR b - - 3 16,f5d4 e4h7,445,109,84,375,kingsideAttack mate mateIn1 middlegame oneMove,https://lichess.org/OwcxrPJl/black#32,Indian_Defense Indian_Defense_Other_variations,
02FVj,2kr2r1/p4p2/1p5p/2p1Pp1P/2Pp1P1Q/3P1q2/PP6/1K1R2R1 w - - 1 28,g1g8 f3d1,980,77,99,1425,endgame hangingPiece master mate mateIn1 oneMove queensideAttack,https://lichess.org/yZ0UaDec#55,,
02FYq,r4rk1/4Qp2/3p2p1/3P2Pp/2nB3P/1N6/qPP5/1K1R1R2 w - - 1 32,b1c1 a2a1 b3a1 a8a1,1526,77,84,205,mate mateIn2 middlegame queensideAttack sacrifice short,https://lichess.org/ag1ROex4#63,,
02Fag,2N5/P1p4p/1p3k2/1P1p1p1p/3Pr3/6n1/5K2/8 b - - 4 54,g3h1 f2f3 h1g3 a7a8q,2171,77,84,104,advancedPawn advantage defensiveMove endgame promotion short,https://lichess.org/ZdscDP5J/black#108,,
02Fby,4r1k1/5ppp/8/p7/3Bb3/2P5/P3rPPP/RR3K2 w - - 3 26,b1e1 e4g2 f1g2 e2e1 a1e1 e8e1,1945,76,93,1290,advantage deflection endgame long,https://lichess.org/zQIymUBF#51,,
02FdM,3rr1k1/5ppp/8/R7/2QP4/P1P2qPP/1P3P2/3R2K1 w - - 1 28,c4d3 e8e1 d1e1 f3d3,1115,76,100,1355,advantage deflection endgame short,https://lichess.org/ukfHz9Qr#55,,
02Fdp,3k3r/pp1P1ppp/r1p3q1/1N3n2/6n1/8/PP3PPP/2RQR1K1 b - - 2 19,g6f6 d1g4 c6b5 c1c8 d8d7 c8h8,2409,90,84,59,crushing exposedKing long middlegame skewer,https://lichess.org/RC6zVLF7/black#38,Kings_Pawn_Game Kings_Pawn_Game_Macleod_Attack,
02Fi0,r2q1rk1/pp1bbpp1/3p1n1p/2p5/2B1P2B/2NQ4/PPP2PPP/R4RK1 w - - 2 12,c3d5 f6d5 c4d5 e7h4,1053,80,92,336,advantage discoveredAttack middlegame short,https://lichess.org/Bs2R5kfG#23,Italian_Game Italian_Game_Other_variations,
02FsQ,b3RQ2/p1p2ppk/7p/8/8/3P3P/PPP1NP1K/4q1q1 w - - 0 26,e2g1 e1f2,871,94,96,589,endgame mate mateIn1 oneMove,https://lichess.org/1SBppdbE#51,,
02FuR,8/8/5k2/3P1ppp/2R5/5PP1/2p3PK/2r5 w - - 2 45,f3f4 g5f4 g3f4 h5h4 c4c7 f6g6,2329,85,83,42,advantage defensiveMove endgame long master quietMove rookEndgame,https://lichess.org/aPJeHnrs#89,,
02FvD,3R4/5Qkp/4p1p1/4q3/pr4PP/2P5/5P2/K2R4 b - - 0 31,g7f7 d1d7 f7f6 d8f8,1135,83,92,683,endgame epauletteMate mate mateIn2 queenRookEndgame short,https://lichess.org/fW29rasF/black#62,,
02Fvr,5K2/r5P1/5k2/8/8/8/8/8 w - - 7 57,g7g8q a7a8,1061,81,82,724,endgame master masterVsMaster mate mateIn1 oneMove queenRookEndgame,https://lichess.org/pzwG92Qv#113,,
02Fwp,2b5/p4p1k/3q1Pp1/2p5/3p1p1P/1R3P2/PQ4P1/6K1 w - - 0 48,b3b8 d4d3 b8c8 d3d2 b2b3 d2d1q,1614,77,95,14715,advancedPawn crushing endgame long promotion sacrifice,https://lichess.org/VlNqe98k#95,,
02G1F,r3Q1k1/pq3ppp/2p5/2pb2N1/8/6P1/PP1P1P1P/R1B1R1K1 b - - 0 17,a8e8 e1e8,437,96,78,75,kingsideAttack mate mateIn1 middlegame oneMove,https://lichess.org/KJYrvKZI/black#34,English_Opening English_Opening_Symmetrical_Variation,
02G2S,7R/1P3k2/6p1/5p1p/1r3K1P/8/6P1/8 w - - 5 52,f4g5 f7g7 h8g8 g7g8 b7b8r b4b8,1826,78,93,846,crushing endgame long rookEndgame,https://lichess.org/bE2joVMH#103,,
02GAF,8/R5k1/8/1p4KP/p4p2/1r3P2/8/8 b - - 6 43,g7h8 g5g6 b3c3 a7a8 c3c8 a8c8,1403,82,92,956,endgame exposedKing long mate mateIn3 rookEndgame,https://lichess.org/TJcdh3bz/black#86,,
02GCe,Q7/N4ppk/4pn1p/1P6/P2q4/6P1/5PKP/8 w - - 1 33,a4a5 f6e4 a8e4 d4e4,1895,77,67,273,endgame,https://lichess.org/ybACYQGX#65,,
02GG8,4r3/K1B4R/2kP2p1/P7/8/r5P1/7P/8 w - - 3 41,a5a6 a3a6 a7a6 e8a8,1587,80,92,4995,attraction endgame master mate mateIn2 sacrifice short,https://lichess.org/13kqOshR#81,,
02GGR,6k1/5bpp/p5q1/1pP1p3/r2pP3/Q4P1P/6P1/2R2RK1 w - - 0 32,a3b2 a4a2 b2a2 f7a2,1384,75,94,1043,crushing endgame short,https://lichess.org/FAQ5ks9b#63,,
02GIh,4r1k1/R5p1/1p1qr2p/1P6/2Ppp3/6P1/3R1P1P/Q5K1 b - - 1 37,d4d3 a1g7,1059,78,100,186,endgame master mate mateIn1 oneMove,https://lichess.org/JN0Mb15g/black#74,,
02GJF,rqb1kb1r/p2n1p1p/1p1N2p1/1N1p4/3B4/3B2P1/PPP2P1P/R3R1K1 b kq - 1 16,e8d8 d6f7,832,83,75,92,mate mateIn1 middlegame oneMove,https://lichess.org/fzLV3CGk/black#32,French_Defense French_Defense_Rubinstein_Variation,
02GOZ,8/8/8/2R5/P4pB1/6b1/1P3pK1/4k3 w - - 1 46,c5c8 f2f1q,880,94,94,139,advancedPawn endgame master mate mateIn1 oneMove promotion,https://lichess.org/8KJMNIVb#91,,
02GOf,8/8/5kp1/1p3p2/p1p2P1p/P1P1KP1P/1P6/8 b - - 4 46,g6g5 f4g5 f6g5 f3f4 g5g6 e3d4,1197,81,94,2126,attraction crushing endgame long pawnEndgame,https://lichess.org/JycqgNS9/black#92,,
02GQ5,8/p5k1/5R2/3PP3/2P2N1p/1P2n3/3r4/7K w - - 0 42,d5d6 d2d1 h1h2 e3g4 h2h3 g4f6,1368,79,94,316,advantage endgame exposedKing fork long,https://lichess.org/kM3WseIN#83,,
02GU0,8/1pr5/3k2p1/3P1p1p/1KR1p2P/P5P1/5P2/8 b - - 0 44,c7c4 b4c4 b7b6 a3a4,1529,78,93,6234,crushing defensiveMove endgame master short,https://lichess.org/KqZQxJ0c/black#88,,
02GUG,1rn4k/2B3bp/R2pQpp1/1qp1p3/4P3/3P1P1P/1P4P1/6K1 b - - 1 27,b5a6 e6e8 g7f8 e8f8,925,84,58,52,endgame kingsideAttack mate mateIn2 short,https://lichess.org/w79xBSyT/black#54,,
02GVg,5r2/8/1p3qkp/2n5/1PP3P1/4Q2P/8/4R1K1 b - - 0 36,c5d7 e3d3 g6g7 d3d7,1575,77,92,4128,advantage endgame fork short,https://lichess.org/QSd8jKet/black#72,,
02GZ7,8/p6p/1p5K/2k5/8/2P5/PP6/8 w - - 4 53,h6h7 c5c4 h7g6 c4d3 c3c4 d3c4,2033,77,92,1270,crushing endgame long pawnEndgame,https://lichess.org/sLdNI6gl#105,,
02Ggp,5rk1/p1p2ppp/1pn5/5N2/3q1BQ1/P1n5/2P3PP/4R2K b - - 0 19,c3e4 f5d4 e4f2 h1g1 f2g4 d4c6,2250,79,85,183,advantage long middlegame,https://lichess.org/WTFLBo2s/black#38,Kings_Gambit_Accepted Kings_Gambit_Accepted_MacLeod_Defense,
02GjU,r1b5/1p1p1Qkp/p1np1p1N/6q1/P2p4/3B4/1PP2PPP/R5K1 b - - 0 19,g7h6 f7h7,749,96,57,24,master masterVsMaster mate mateIn1 middlegame oneMove,https://lichess.org/RNko5VFC/black#38,,
02Gk6,r4rk1/p1p2ppp/1b6/3N4/3n2Q1/2q4P/P5P1/3R1R1K b - - 1 24,c3c6 d5e7 g8h8 e7c6,1085,76,97,1107,advantage fork middlegame short,https://lichess.org/cwUiT84t/black#48,,
02GkM,1r1qkb1r/1p3ppp/4b3/p2pP3/P7/1Q6/1P3PPP/RNB2RK1 w k - 3 15,b1c3 d5d4 b3b5 e6d7 b5d3 d4c3,1174,82,91,1671,crushing defensiveMove long middlegame,https://lichess.org/AJRTTvFc#29,Alekhine_Defense Alekhine_Defense_Two_Pawn_Attack,
02Gmj,6k1/3r1pp1/npNp4/2pP3Q/2q4b/P6P/1P2rNP1/1R3RK1 w - - 1 28,f2g4 c4e4 g4h6 g7h6,2360,82,91,644,crushing middlegame short,https://lichess.org/k50aoy3u#55,,
02Gn8,8/8/6p1/5pkp/1Q6/P5PK/1q4P1/8 b - - 0 51,b2e5 b4h4 g5h6 h4f4 e5f4 g3f4,2072,77,94,3746,crushing endgame long queenEndgame,https://lichess.org/NlnOOioQ/black#102,,
02Goa,2rqk1nr/pbp2ppp/1pnb4/1B1p4/8/P3PN2/1P3PPP/RNBQ1RK1 w k - 0 10,d1d5 d6h2 f3h2 d8d5,1184,78,81,114,advantage discoveredAttack kingsideAttack opening short,https://lichess.org/MdUjfS0T#19,Queens_Pawn_Game Queens_Pawn_Game_Chigorin_Variation,
02GrG,8/5p2/2R1k1p1/p2r3p/P4KP1/5P1P/8/8 b - - 1 37,d5d6 c6d6 e6d6 g4h5,2018,81,91,668,crushing endgame rookEndgame short,https://lichess.org/uKmQi87A/black#74,,
02GrY,2r2rk1/1p1b1ppp/p3p1n1/3pP3/P1q5/R4NP1/1B1Q1PBP/4K2R w K - 6 20,g2f1 c4e4 f1e2 c8c2,1657,75,81,72,clearance crushing middlegame short,https://lichess.org/beXQ6m2q#39,,
02Gyp,8/4k3/5R1K/4r1p1/6P1/8/8/8 w - - 0 63,f6f5 e5f5 g4f5 e7f6 h6h5 f6f5,2017,77,94,4537,crushing endgame long rookEndgame,https://lichess.org/VkeIu8Do#125,,
02H62,2kn1rr1/ppp5/8/2PRp1Bp/1P2p2P/P3P1p1/6P1/5RK1 b - - 3 28,d8f7 g5e7 f8d8 e7d8,1873,99,49,28,crushing endgame short,https://lichess.org/6Ry93u3W/black#56,,
02H6N,3r1k2/p1p3pp/1p3p2/8/2B1n1PP/P7/1PP5/2K2R2 b - - 0 25,e4d2 f1d1 d8d4 c4e2,1985,76,88,56,advantage defensiveMove endgame short,https://lichess.org/BQqz78iZ/black#50,,
02H6O,4r1k1/pp4np/2pp1RpB/4p3/3pP3/3P3P/PPP1K1P1/8 b - - 0 23,e8e6 h6g7 e6f6 g7f6,1254,75,97,3830,advantage endgame short,https://lichess.org/JeTQKr1P/black#46,,
02H8O,8/p7/3Pk3/1p2P2q/2p5/6Q1/PP4PK/8 w - - 5 56,g3h3 h5h3 h2h3 b5b4 h3g4 c4c3,1616,76,94,1554,crushing endgame long queenEndgame quietMove,https://lichess.org/8N1kOgDV#111,,
02H9Q,8/5pk1/5p2/5P2/6P1/3pR3/2pKp3/8 w - - 4 51,e3e7 g7h6 e7e4 h6g5,1931,79,92,938,crushing endgame rookEndgame short,https://lichess.org/4R9HmSAo#101,,
02HAo,Q6B/2r1kp2/2Pp4/p6p/P3n1pq/8/1P3PPP/R5K1 w - - 5 28,a1e1 h4f2 g1h1 f2e1,803,84,100,800,backRankMate endgame fork mate mateIn2 short,https://lichess.org/xC5barOi#55,,
02HEw,3Q4/7k/6p1/P3BpP1/5P1p/4P2P/2r1K3/7q w - - 9 53,e2d3 h1d1,804,79,100,315,endgame master mate mateIn1 oneMove,https://lichess.org/wFvMzZ7y#105,,
02HG7,5rr1/pk2q2p/2p1p3/4Qn2/1P6/8/P4PPP/2R2RK1 b - - 0 30,g8g2 g1g2 f5h4 g2h1,1455,74,94,5348,advantage defensiveMove hangingPiece middlegame short,https://lichess.org/wUcmJlwa/black#60,,
02HIO,r1b1k2r/pp3p2/1qp2p1p/3Pn3/N7/5P2/PPP2bPP/1R1QKBNR w Kkq - 3 12,e1e2 b6e3,701,99,93,436,mate mateIn1 middlegame oneMove,https://lichess.org/Nxoh4ha5#23,Richter-Veresov_Attack Richter-Veresov_Attack_Other_variations,
02HLs,8/5Bk1/8/3bq3/2p5/2P2Rp1/1P4P1/5R1K w - - 1 43,f7d5 e5h5 h1g1 h5h2,1183,76,98,2439,endgame fork mate mateIn2 short,https://lichess.org/CaJsV92Y#85,,
02HLw,6k1/5ppp/p7/P2rpPb1/1p1Nn3/1N3R1P/1Pr3P1/4R1K1 b - - 1 27,e4d2 d4c2 d2f3 g2f3,1660,74,85,231,advantage middlegame short,https://lichess.org/RfBr8059/black#54,,
02HMU,r1bq1bnr/pppp2p1/2nk3p/4pQ2/3PP3/5N2/PPP2PPP/RNB1K2R b KQ - 0 7,d8f6 d4e5 c6e5 c1f4 f6f5 e4f5,2040,77,82,116,advantage fork long opening,https://lichess.org/vmmMR2b1/black#14,Bishops_Opening Bishops_Opening_Other_variations,
02HMb,6k1/2q1pp1p/p2p2p1/2pP3n/2P1PPN1/2Q4P/Pr4PK/8 b - - 0 30,c7b6 g4h6 g8f8 c3h8,996,87,68,31,endgame kingsideAttack mate mateIn2 short,https://lichess.org/OkvtnQ9H/black#60,,
02HQM,2kr4/1bq2pQ1/p3p3/2pp4/6R1/2P4r/P1P1BP1P/1R4K1 w - - 0 21,e2f1 c7h2,688,114,94,552,kingsideAttack master mate mateIn1 middlegame oneMove,https://lichess.org/BVdQBuB7#41,,
02HQm,4r2k/p6p/1p4pP/2p1Q3/2Pp1R2/6PK/P1P5/8 b - - 6 41,e8e5 f4f8,490,105,81,305,endgame master mate mateIn1 oneMove rookEndgame,https://lichess.org/SEGCESiR/black#82,,
02HTU,r7/4k1p1/3p1n1p/1pp1p3/4PP2/1BPq3P/6P1/4QRK1 b - - 0 27,f6e4 f1f3 d3f3 g2f3,1989,80,61,51,advantage endgame short,https://lichess.org/vS807N6i/black#54,,
02HTm,5k2/p2n1ppp/4p3/1Q2n3/8/4q3/PP4PP/5R1K b - - 0 24,e5g4 b5b4 e3c5 b4g4,2023,76,91,1474,advantage endgame fork short,https://lichess.org/BJ9z51Eh/black#48,,
02HTs,7k/pp3Qpp/2bq1p2/8/3r4/8/PP4PP/2K1R3 b - - 3 26,d6d7 f7f8,1436,88,71,82,endgame mate mateIn1 oneMove,https://lichess.org/0PrpiXHP/black#52,,
02HUu,6k1/5r1p/p3p2Q/2P1P1P1/1P3bbP/3p4/1R4K1/8 w - - 0 43,g5g6 f4h6 g6f7 g8f7,1270,82,91,243,crushing endgame short,https://lichess.org/okyOYzAD#85,,
02HVG,6k1/p5p1/1p5p/5Q2/3qr3/5R1P/PP3KP1/8 w - - 0 49,f2f1 d4d1 f1f2 d1e1,1724,74,89,291,endgame mate mateIn2 short,https://lichess.org/nrsrlSof#97,,
02HX9,rn3r1k/pp3p2/4p2p/4N2N/3p4/P7/1PP5/2K3R1 b - - 3 26,f8g8 e5f7 h8h7 h5f6,1257,76,87,798,cornerMate endgame mate mateIn2 short,https://lichess.org/0Nj1eFwe/black#52,,
02HYo,2rr2k1/pp3ppp/2n5/3p4/QP6/P3P3/1q2NPPP/2R2RK1 w - - 1 20,e2d4 c6d4 c1c8 d4e2 g1h1 d8c8,1586,75,93,3195,crushing intermezzo long middlegame sacrifice,https://lichess.org/rqqEGw1Q#39,,
02HgU,4r1k1/p4ppp/2pb4/2pp4/5P2/2PP2qP/PP4P1/RNB2QK1 w - - 3 21,b1d2 e8e1 d2f3 e1f1,1831,80,91,535,advantage kingsideAttack middlegame pin short,https://lichess.org/mNF8xyqo#41,,
02Hhq,1b6/p6k/1p5p/3p1p2/PP2nP2/2P1Q1Pq/7P/4R2K w - - 1 40,e3d4 e4g3 h1g1 g3e4,1806,74,88,188,crushing endgame pin short,https://lichess.org/jDpqJItu#79,,
02HkX,r2qk2r/1p1n1pp1/p2p4/4p2p/4P1bb/2NQ1nP1/PPP1NPB1/R1B2R1K b kq - 1 15,h4e7 g2f3 d7c5 d3e3 e7g5 e3g5 d8g5 c1g5,1649,75,48,114,advantage master opening veryLong,https://lichess.org/5lu3U75Y/black#30,Sicilian_Defense Sicilian_Defense_Najdorf_Variation,
02Hp8,5qr1/3R1Qbk/p5p1/1p5R/2p4P/P7/1PP3P1/7K b - - 0 38,g6h5 f7h5,1162,76,97,420,endgame mate mateIn1 oneMove pin,https://lichess.org/WlJHJ4h6/black#76,,
02Hq5,r2qk2r/2p1n1pp/1bP2p2/pP2p3/Q2pP3/B1Pb4/P2N1PPP/RN2R1K1 w kq - 0 18,c3d4 d8d4 a4d4 b6d4 d2b3 d4a1,1994,101,14,76,advantage long middlegame trappedPiece,https://lichess.org/VpTLyxMo#35,Ruy_Lopez Ruy_Lopez_Nurnberg_Variation,
02Ht4,r1b2rk1/1pR3b1/3q2p1/1Q1Pp2p/4P2P/5p2/B4PP1/R4NK1 w - - 0 25,g2g3 d6c7 d5d6 a8a2 d6c7 a2a1,2528,84,91,3096,advantage hangingPiece long middlegame,https://lichess.org/B8bFeLSf#49,,
02Hwz,5k2/2Q2p1p/4pnp1/8/2KP4/P1N2q2/2P4P/8 w - - 0 23,a3a4 f3c3 c4c3 f6d5 c3d2 d5c7,1685,75,35,131,advantage attraction endgame fork long sacrifice,https://lichess.org/NAGozwav#45,,
02I1j,8/8/p7/5PP1/P4K2/2p5/3k4/4r1R1 w - - 5 52,g1e1 d2e1 f5f6 c3c2 f6f7 c2c1q,872,80,89,526,advancedPawn crushing endgame long master promotion,https://lichess.org/7G5T7Bo8#103,,
02I21,8/1k3p2/1P3P1p/8/3K4/8/8/8 w - - 3 56,d4e4 b7b6 e4d5 b6c7,1632,80,93,2689,crushing defensiveMove endgame master pawnEndgame short,https://lichess.org/mC6cqjr8#111,,
02I4t,1r5r/5pp1/1p1Qp1k1/p2p4/P2P2q1/1RP5/1P3PP1/4RK2 w - - 0 34,d6g3 h8h1,1038,133,73,23,endgame mate mateIn1 oneMove,https://lichess.org/eWpuuTkP#67,,
02I54,8/8/2p5/3kpP1p/p1p4P/P1P1K3/1P6/8 b - - 1 34,c6c5 e3f3 e5e4 f3f4 e4e3 f4e3 d5e5 f5f6 e5f6 e3f4,2250,77,88,69,crushing defensiveMove endgame pawnEndgame veryLong zugzwang,https://lichess.org/IHNaP26x/black#68,,
02I5f,rr2k3/2p2PQ1/2n5/2n1p1p1/2Pp4/p2P4/P4PK1/8 b - - 0 39,e8d8 f7f8r,1187,87,93,689,advancedPawn endgame master mate mateIn1 oneMove promotion,https://lichess.org/MBiC54RP/black#78,,
02I6H,r3k1nr/pp1b1ppp/2nB4/1B1N4/Q2P4/7P/Pq1NKP2/8 b kq - 1 15,e8c8 d5b6 a7b6 a4a8 c6b8 a8b8,1860,75,97,2195,long mate mateIn3 middlegame queensideAttack sacrifice,https://lichess.org/e71xtyYm/black#30,English_Opening English_Opening_Caro-Kann_Defensive_System,
02I9K,6k1/4Q1n1/4p3/p7/1p6/1Pq5/P4P2/K1B5 w - - 3 40,c1b2 c3e1 b2c1 e1c1,932,89,96,992,endgame mate mateIn2 short,https://lichess.org/ZQcHKGBg#79,,
02I9S,1r3rk1/3b1pp1/p1p2b1p/P1P4q/1P1Np3/2Q1P1R1/1B3P1P/4K1R1 b - - 5 25,h5d5 g3g7 g8h8 d4f5 f6c3 b2c3 f7f6 g7g6 d5f5 g6h6 f5h7 h6f6 f8f6 c3f6,2511,89,80,120,crushing deflection kingsideAttack middlegame sacrifice veryLong,https://lichess.org/doU0zuOW/black#50,,
02ICM,4k3/8/8/4N3/1pPP4/pK5P/3n2P1/8 w - - 2 51,b3c2 b4b3 c2d2 a3a2 d2c3 a2a1q,1587,75,95,5175,advancedPawn crushing endgame knightEndgame long promotion sacrifice,https://lichess.org/lUhC65Pm#101,,
02IHJ,2q3k1/rp3ppp/p3Q3/4P3/2PR1P2/7P/P5P1/5RK1 b - - 0 27,c8e6 d4d8 e6e8 d8e8,578,88,69,65,backRankMate endgame mate mateIn2 queenRookEndgame short,https://lichess.org/S9pdO5mI/black#54,,
02IJi,3r2k1/p6p/1p1q2p1/3P1p2/8/3Q2PP/P4P2/4R1K1 b - - 1 28,d6d5 e1e8 d8e8 d3d5,1125,77,95,4368,advantage deflection endgame short,https://lichess.org/rjVWNywA/black#56,,
02IO1,r4rk1/1ppb2pp/p1n1p3/3p1pN1/3P1P2/P1BQPB2/1PP4q/2KR4 b - - 1 17,c6e7 d1h1 d7b5 h1h2,1618,79,47,83,advantage middlegame short,https://lichess.org/J1DVEroz/black#34,Queens_Pawn_Game Queens_Pawn_Game_Mason_Attack,
02IQK,4r2k/pb1Q1npp/1p6/8/8/5P2/P5PP/6K1 b - - 0 25,f7d8 d7e8,464,106,83,892,backRankMate endgame hangingPiece mate mateIn1 oneMove,https://lichess.org/u1PVLh5k/black#50,,
02ITn,8/5PK1/Pkp5/5r2/2B4p/2PP4/8/8 w - - 0 48,f7f8q f5f8 g7f8 h4h3 c4e6 h3h2,1143,76,73,128,advancedPawn crushing endgame long,https://lichess.org/BZ7ARB16#95,,
02IX7,2R5/8/3k2p1/5p1p/4b2P/1K4P1/8/8 w - - 1 50,c8g8 e4d5 b3c3 d5g8,675,107,95,769,crushing endgame fork master short,https://lichess.org/GKdqHfbY#99,,
02IbZ,2r2k2/p4pp1/4p2p/8/8/2P3P1/qP1Q1P1P/3R1K2 b - - 2 30,f8e7 d2d7 e7f6 d7c8,951,92,95,420,crushing endgame fork short,https://lichess.org/JcKpUAej/black#60,,
02Id6,r5nr/p1Nk1ppp/1pn5/1Bb1p3/4P3/1Q6/PPP3qP/R1BK3R w - - 3 13,b3f7 g8e7 f7f1 g2f1,1751,76,93,2712,advantage defensiveMove middlegame short,https://lichess.org/yqSvQo0q#25,Philidor_Defense Philidor_Defense_Other_variations,
02Idw,6k1/1p6/3p1n1q/1P1PpQ2/P3P1p1/3Bb1P1/2N5/6K1 w - - 1 50,g1g2 h6h3,864,78,100,364,endgame master mate mateIn1 oneMove,https://lichess.org/6MIoXhOl#99,,
02IhF,4r3/1p3p2/1p6/3p1kP1/2pP3P/P1P2K2/1P2p3/4R3 w - - 0 34,e1e2 e8e2 f3e2 f5g4 g5g6 f7g6,1308,78,93,2672,crushing endgame long rookEndgame,https://lichess.org/4EtAaFAv#67,,
02IiD,r4bkr/5N1p/p1q3p1/3np3/4R3/Q1P5/1P4PP/2B2R1K b - - 0 29,f8a3 f7h6 g8g7 f1f7,1180,77,96,22243,mate mateIn2 middlegame short,https://lichess.org/bdTapRRD/black#58,,
02Ik8,rn3b1r/pp2pkp1/2pq1n2/3p4/3P1NpP/3Q4/PPP2P2/RNB1K2R b KQ - 3 11,g7g5 d3g6,881,87,90,41,mate mateIn1 oneMove opening,https://lichess.org/fUT2zOar/black#22,Caro-Kann_Defense Caro-Kann_Defense_Advance_Variation,
02Inh,3rkb1r/pb2pppp/5q2/3N4/8/3Q1P2/PPP3PP/2KR1B1R b k - 0 13,b7d5 d3b5 d5c6 d1d8 e8d8 b5b8,1605,77,89,5234,attraction crushing discoveredAttack long middlegame,https://lichess.org/BXTsRpDm/black#26,Sicilian_Defense Sicilian_Defense_Open,
02Int,r2qkbnr/pp1bnppp/3p4/1Np5/Q3P3/2PB4/PP3PPP/RNB1K2R b KQkq - 1 9,a7a6 b5d6,938,82,94,561,mate mateIn1 oneMove opening smotheredMate,https://lichess.org/A5IwHud3/black#18,Ruy_Lopez Ruy_Lopez_Steinitz_Defense,
02IqA,2r5/3qp1kp/3r3P/p4Pp1/5R2/1Pp4Q/P2n1R2/2B3K1 b - - 0 34,d6h6 f5f6 h6f6 h3d7,1679,74,90,220,crushing discoveredAttack middlegame pin short,https://lichess.org/Mmiinbsg/black#68,,
02IqG,r2r2k1/p4pn1/4pBp1/1p6/3P1Q1R/2q4P/6P1/6K1 b - - 3 35,d8d5 h4h8 g8h8 f4h6 h8g8 h6g7,1773,76,87,290,attraction long mate mateIn3 middlegame sacrifice,https://lichess.org/BfFqbEze/black#70,,
02Ir8,8/8/p3k1p1/1p2Pp1p/2b4P/P4B2/1P3KP1/8 w - - 1 42,b2b4 c4d5 f3e2 e6e5,2057,75,87,81,bishopEndgame crushing endgame short,https://lichess.org/rXL8HYdc#83,,
02IrF,5r1k/pp4pp/4qr2/1P1np3/P1Q5/B1P2p2/5PPP/3R1RK1 w - - 0 25,c4d5 e6g4 g2g3 g4h3 d5f3 f6f3,1893,75,94,863,crushing long middlegame,https://lichess.org/WoZ5wdv5#49,,
02IwQ,r1q2r1k/pppb2p1/2nb1n1p/4ppN1/4P3/1QP3P1/PP1N1PBP/R1B2RK1 w - - 2 13,g5f7 f8f7 b3f7 d7e6 f7f6 g7f6,1780,77,91,2792,advantage long middlegame sacrifice,https://lichess.org/vfqk74vm#25,Zukertort_Opening Zukertort_Opening_Black_Mustang_Defense,
02IwU,2k5/8/8/3N1P1r/4K3/8/1p6/1Rb5 b - - 0 50,c8d7 d5f6 d7c6 f6h5,863,77,100,318,crushing endgame fork short,https://lichess.org/Z1Sy4GfH/black#100,,
02IyU,2b1B1k1/pp6/2n2r2/2Np4/2p3P1/2P1p2P/PP6/2KR4 w - - 0 31,d1d5 f6f1 d5d1 e3e2,1571,80,83,54,advancedPawn advantage endgame short,https://lichess.org/Eua4AjCK#61,,
02J0r,7Q/2k2p2/p6b/1p1ppP1p/8/P4N2/KP4PP/5q2 b - - 3 32,f1g2 h8e5 c7d7 e5d5,1563,94,86,32,crushing endgame short,https://lichess.org/imIYKb8R/black#64,,
02J2r,5rk1/p1p1nNpp/1pb5/8/8/1B3P2/P5PP/3R2K1 b - - 0 20,f8f7 d1d8 c6e8 d8e8,834,79,100,393,endgame mate mateIn2 pin short,https://lichess.org/LRR55YGP/black#40,,
02J4S,r4r2/pp1q1p1k/2p1n2B/4Pp2/2Pb3Q/P7/6PP/3R3K b - - 1 26,h7g6 h6f8 e6f8 d1d4 d7d4 h4d4,2733,97,79,297,advantage long middlegame,https://lichess.org/2GjU6yGW/black#52,,
02J5l,2b4r/1p5r/p1p2k2/3p1p2/3P2p1/P2QP1q1/1P1N2B1/2R1RK2 w - - 0 30,d3e2 h7h1 g2h1 h8h1,956,172,57,11,mate mateIn2 middlegame sacrifice short,https://lichess.org/5VON85eA#59,,
02J8U,4r1k1/1p3pp1/p1n2n1p/3p4/P1pP1qb1/2P2N1P/1PBN1PP1/R4QK1 b - - 2 21,g4f5 g2g3 f4f3 d2f3,1719,74,89,310,advantage middlegame short,https://lichess.org/cXkuF888/black#42,,
02J8s,r4rBk/ppp2pp1/2nqp3/3p4/3P2b1/2P1PNP1/PPQn1PP1/R3K2R b KQ - 2 14,h8g8 c2h7,777,85,95,259,mate mateIn1 middlegame oneMove,https://lichess.org/srsBlabW/black#28,Queens_Pawn_Game Queens_Pawn_Game_Accelerated_London_System,
02JC9,3r1r2/pp3pkp/6pq/8/2PpN3/1B1Q4/P4RKP/8 b - - 7 34,d8e8 d3d4 f7f6 e4f6 h6g5 f6g4,2057,82,85,87,crushing discoveredAttack discoveredCheck long middlegame,https://lichess.org/zOJOVmSS/black#68,,
02JCL,6r1/pp6/2bBRnk1/5p1p/P2N2q1/3Q4/2P2PPP/R5K1 w - - 4 36,h2h3 g4g2,984,77,86,99,kingsideAttack mate mateIn1 middlegame oneMove,https://lichess.org/nyfDdPpu#71,,
02JPn,r7/5kp1/p3pnp1/1pb2r2/3nb1p1/3Q4/PPPBNP1P/2KRR3 w - - 6 22,d3c3 d4c2 e2g3 c2b4 g3e4 b4a2 c1b1 a2c3,2594,94,78,104,advantage fork middlegame veryLong,https://lichess.org/EvCDGrf4#43,,
02JQH,rn1b1rk1/6p1/3p4/2pPpp1Q/Np1q3P/1P1B4/P4P2/1K1R2R1 b - - 3 23,d4h4 g1g7 g8g7 d1g1 h4g5 g1g5,1820,74,90,2795,attraction crushing kingsideAttack long middlegame sacrifice,https://lichess.org/aeZrFnCi/black#46,,
02JQq,1r4k1/1p5p/p2q1rp1/P2p1p2/2p5/2Q5/2P3PP/1R1R3K b - - 4 29,d6c6 b1b6 f6f7 b6c6,1370,77,93,7991,crushing endgame short,https://lichess.org/HKvb5oNg/black#58,,
02JVU,3k4/R7/8/1P2K1p1/1r2B3/2p3PP/8/8 w - - 2 45,a7b7 b4e4 e5e4 c3c2,1403,77,98,2358,advancedPawn advantage endgame sacrifice short,https://lichess.org/wQDl0XCj#89,,
02JZv,8/6kp/2pq1pp1/p7/Q2r4/1P5P/P4PP1/2R3K1 w - - 0 32,a4c6 d4d1 c1d1 d6c6,1505,75,83,230,advantage deflection endgame short,https://lichess.org/dviElRIg#63,,
02Jb3,5k2/ppp3p1/3pR3/4b3/6Q1/3q2P1/P4PK1/8 w - - 0 37,g4h5 d3d5 g2g1 d5e6,1387,77,94,3327,crushing endgame fork short,https://lichess.org/W1IP2Yei#73,,
02Jcl,1k4r1/1b3R2/p3Q3/1pp3q1/5N1p/3P4/PP3RnP/6K1 w - - 1 31,f4g2 g5c1 f2f1 g8g2 g1h1 c1f1,2404,88,46,27,crushing deflection discoveredAttack long middlegame pin,https://lichess.org/e7I1d6j7#61,,
02JeE,r1b2rk1/2p1Rppp/p2q4/1p4B1/3p2n1/1B1P4/PPP2PPP/RN1Q2K1 w - - 1 14,d1e2 d6h2 g1f1 h2h1,783,77,100,201,kingsideAttack mate mateIn2 middlegame short,https://lichess.org/132gCbIG#27,Ruy_Lopez Ruy_Lopez_Berlin_Defense,
02Jfx,r3kb1r/pp3pp1/3pb2p/q1p5/1n2Q2B/2N5/PPP2PPP/R3KB1R b KQkq - 2 13,b4d5 f1b5 a5b5 c3b5,1661,76,86,1649,crushing middlegame short,https://lichess.org/YlXYBX4F/black#26,Benoni_Defense Benoni_Defense_Old_Benoni,
02Jjx,2r3k1/p4p2/1p2p2P/6QP/2r1P3/2q5/P7/1K1R3R b - - 2 29,g8f8 d1d8 c8d8 g5d8,1526,77,98,3379,endgame mate mateIn2 short,https://lichess.org/YbncZcwL/black#58,,
02Joc,r2q1rk1/4nppp/p2p1P2/2pNb3/1p2P1Q1/3B3P/P1P3P1/1R3R1K b - - 0 22,e7d5 g4g7,1445,140,74,131,kingsideAttack mate mateIn1 middlegame oneMove,https://lichess.org/i2mSSIOD/black#44,,
02Jrv,3Rr1k1/Q3P3/p1b2p1p/1p1p2pK/3P2B1/1P4P1/P6P/5q2 b - - 3 40,g8f7 h5h6 f1d3 g4h5 f7g8 h5g6,2338,82,82,75,crushing endgame long,https://lichess.org/j2mgLT9B/black#80,,
02JtO,r2q1r2/ppp2ppk/8/8/8/P2R1P2/1PQ2P1P/2K4R b - - 0 17,d8f6 d3d6 f6g6 d6g6,1067,76,89,238,crushing discoveredAttack discoveredCheck endgame short,https://lichess.org/1KVSy8eM/black#34,Ponziani_Opening Ponziani_Opening_Jaenisch_Counterattack,
02JuR,R7/4Rppk/6rp/1p6/2nPp3/4Pq1P/2Q2PP1/6K1 w - - 10 35,c2e4 f3d1 g1h2 c4d2,2091,82,89,652,advantage endgame short,https://lichess.org/7NE0V9Eq#69,,
02Jv8,1r4k1/p2R2pp/1pN1p3/8/8/8/bP3PPP/6K1 b - - 0 26,b8c8 c6e7 g8f8 e7c8,841,75,99,3993,crushing endgame fork short,https://lichess.org/SbM3fnCq/black#52,,
02Jyd,4rk2/5p2/3R4/3P2R1/2p1r2p/2P4P/5KP1/8 w - - 0 34,d6c6 e4f4 f2g1 e8e1 g1h2 f4f1 c6c8 f8e7 g5e5 e1e5,1962,79,92,1988,crushing endgame quietMove rookEndgame veryLong,https://lichess.org/S1e5lzGu#67,,
02K0F,6k1/5ppb/p2P1n2/2p5/2Pb1PP1/2N2Q1P/1P1q4/4NK2 b - - 0 32,d4c3 f3a8 f6e8 a8e8,1383,179,0,12,endgame mate mateIn2 short,https://lichess.org/4vcI58fO/black#64,,
02K2m,8/6pk/p4r2/4P3/3q3p/1PN3nP/1PP3P1/3R2K1 w - - 0 34,d1d4 f6f1 g1h2 f1h1,991,81,100,57,endgame hookMate mate mateIn2 short,https://lichess.org/LLqnol5k#67,,
02K3C,r1b1kb1r/pp2pppp/2n2n2/3P4/2B5/q4N2/P2B1PPP/1R1QK2R b Kkq - 2 11,c8g4 d5c6 b7c6 d2b4 a3b4 b1b4,2133,81,91,1262,crushing long opening trappedPiece,https://lichess.org/rSiFHwLh/black#22,Sicilian_Defense Sicilian_Defense_Old_Sicilian,
02K3Z,r4rk1/6p1/2p2b1p/2P1pq2/2N2p1n/1Q3P2/6PP/2BRR1K1 b - - 4 28,f5g6 c4e5 g8h8 e5g6,1065,142,88,34,advantage discoveredAttack discoveredCheck kingsideAttack middlegame short,https://lichess.org/xJOoiH8Z/black#56,,
02K78,8/8/5p2/8/4KP1k/8/8/8 b - - 0 65,h4h5 e4f5 h5h6 f5f6,1076,110,76,38,crushing endgame master pawnEndgame short,https://lichess.org/5Q0epH73/black#130,,
02K8m,r2q1rk1/p4ppp/1p2p3/4b3/8/P1NR4/1PQ2PPP/R5K1 b - - 1 19,d8h4 d3h3 h4h3 g2h3,1363,77,89,852,advantage middlegame short,https://lichess.org/Skh3CREE/black#38,,
02KAh,r1bq1k1r/pppp2p1/2n2n1p/2b3BB/4P3/1Qp2N2/P4PPP/RN3RK1 b - - 1 11,h6g5 b3f7,686,99,96,743,mate mateIn1 oneMove opening,https://lichess.org/vlpnvsac/black#22,Italian_Game Italian_Game_Evans_Gambit,
02KC6,6rk/1p4p1/p4pQ1/8/P4q2/2P3RP/6PK/8 b - - 2 41,g8d8 g6g7,755,82,81,91,endgame master mate mateIn1 oneMove,https://lichess.org/N81XMeIK/black#82,,
02KDM,1kr4r/ppq1bp2/2b3pp/3pP3/2B2P2/P7/1B2Q1PP/1RR3K1 w - - 0 22,c4d5 c7b6 g1h1 c6d5,1371,77,74,339,advantage intermezzo master middlegame short,https://lichess.org/wTAxX14r#43,,
02KF5,8/1Q3pkp/p5p1/8/5n2/P2Pq2P/1PP2RP1/6K1 w - - 1 26,g1f1 e3c1,1024,76,100,221,endgame mate mateIn1 oneMove,https://lichess.org/qyAxcgGB#51,,
02KIQ,8/1R3pk1/4q1p1/2Pp2p1/4n3/8/1Q5P/5K2 b - - 5 41,g7h6 b2h8,1316,218,82,12,endgame mate mateIn1 oneMove,https://lichess.org/81652zO4/black#82,,
02KOG,r7/pp5p/7k/2N1B1p1/2B4n/P6P/1PP3r1/3RR1K1 w - - 2 32,g1f1 a8f8 c4f7 f8f7 e5f4 f7f4,985,80,96,327,exposedKing long mate mateIn3 middlegame,https://lichess.org/W8XFI5q4#63,,
02KPW,8/pppk4/5rp1/8/2P2R2/P4K2/1P5P/8 b - - 0 30,f6f4 f3f4 d7e6 f4g5,1236,78,77,74,crushing endgame short,https://lichess.org/rlq4TNf3/black#60,,
02KUw,r1bqk2r/pp2bppp/2p5/3n1nNQ/2Bp4/2P5/PP3PPP/RNB1R1K1 b kq - 1 11,e8g8 h5h7,717,84,100,126,kingsideAttack mate mateIn1 oneMove opening,https://lichess.org/ZuNv1Fs6/black#22,Italian_Game Italian_Game_Two_Knights_Defense,
02KZc,r7/5pk1/5q1n/1QPp4/pP1PpNp1/P3P1P1/5KP1/8 b - - 0 35,h6f5 f4h5 g7g6 h5f6,921,77,99,1274,advantage endgame fork short,https://lichess.org/aUHS17mJ/black#70,,
02KdL,r5k1/p1p1rp1p/1p3np1/8/1QBq4/P1N3PP/1P3P2/5K1R b - - 2 23,a8e8 c4f7 e7f7 b4d4,942,77,100,729,advantage discoveredAttack kingsideAttack middlegame short,https://lichess.org/TqQWZ3ix/black#46,,
02Kg8,r7/Q4pk1/4pq1p/3p2p1/1R6/2P4P/Pr3PP1/4R1K1 w - - 3 26,a7a8 f6f2 g1h2 f2g2,1237,77,86,400,endgame fork mate mateIn2 short,https://lichess.org/80MS33pu#51,,
02KiP,8/4pQ1p/1P3bpk/P3q3/6PP/4PK2/B4P2/6r1 b - - 9 41,e5h2 f7f8 f6g7 f8f4 h2f4 f3f4,2551,86,75,63,advantage endgame long,https://lichess.org/4JEia1y5/black#82,,
02Klg,r5k1/p2bbppp/1p2p3/N2p4/1P2rB2/2P1P3/1P3PPP/R2R2K1 w - - 0 20,f2f3 e4f4 e3f4 b6a5,1475,77,81,773,advantage master middlegame short,https://lichess.org/BHrg2N7h#39,,
02Km7,5rk1/6p1/8/1r6/4P1B1/5pKP/5P2/4R3 b - - 5 43,b5b3 g4e6 g8h7 e6b3,680,103,95,1390,crushing endgame fork short,https://lichess.org/COHwfINT/black#86,,
02KtI,8/5p1k/6p1/3pn2p/Pq1N4/1P4PP/5PK1/3Q4 w - - 1 31,g2h2 b4d4 d1d4 e5f3 h2h1 f3d4,1362,138,16,35,advantage attraction endgame fork long sacrifice,https://lichess.org/fnsgIz1t#61,,
02KwH,r5k1/4r1pR/3pNPP1/8/1pp1P3/p7/2P5/1K6 b - - 0 38,e7e6 f6f7 g8f8 h7h8 f8e7 h8a8,1333,74,95,34241,advancedPawn crushing endgame long rookEndgame skewer,https://lichess.org/BopX9I6I/black#76,,
02Kyt,4r3/pp3k2/5p2/3b4/2pQ2Pp/7P/PPP2P2/3Rq1K1 w - - 1 27,d1e1 e8e1 g1h2 e1h1,1251,100,45,37,endgame mate mateIn2 operaMate short,https://lichess.org/Xuz0DCZZ#53,,
02KzX,r2q1rk1/5ppp/p1p2b2/2p5/4N1Q1/PP2p3/2PP1PPP/R3K1NR w KQ - 0 14,e4f6 d8f6 f2e3 f6a1,911,92,96,1264,advantage middlegame short,https://lichess.org/f2Y1lE5f#27,Anderssens_Opening Anderssens_Opening_Other_variations,
02L3h,3r2k1/3r1p1p/p2N2pB/1p1Q4/1P6/P1q5/5PPP/3R2K1 w - - 1 23,h6g5 d7d6 d5d6 d8d6,873,90,79,66,crushing middlegame short,https://lichess.org/xl6NuGia#45,,
02L8F,4k1r1/1p3p2/p1r1p3/4B2p/4b3/P5P1/1PPR3P/2K2R2 b - - 3 25,e8e7 e5f6 e7f8 d2d8,1009,77,99,799,endgame mate mateIn2 pillsburysMate short,https://lichess.org/d2eitv89/black#50,,
02L9n,3r1r1k/pp3pR1/4pN2/7p/P2P1Q2/2N4q/1P3P1P/7K b - - 0 27,h8g7 f4g5 g7h8 g5h6,1632,244,37,10,endgame mate mateIn2 short,https://lichess.org/imFlW7B6/black#54,,
02LFu,8/RP6/PR1p4/3b1N2/6p1/3K1kP1/4r2r/8 w - - 6 53,d3d4 e2d2 d4c3 d2c2,1249,76,88,500,crushing endgame short,https://lichess.org/85Yw43PB#105,,
02LHV,r2qr1k1/p1p1bppp/5n2/4R2b/2p5/1P1P1N1P/P2N1PP1/R1BQ2K1 w - - 0 14,d3c4 h5f3 d1f3 d8d4,1875,76,94,2864,advantage middlegame short,https://lichess.org/WFXcB88s#27,Ruy_Lopez Ruy_Lopez_Berlin_Defense,
02LIr,1k6/1p6/6p1/2q1P2p/4Q1n1/1P4P1/P1P4P/4R1K1 w - - 5 36,g1g2 c5f2 g2h3 f2h2,1089,74,100,1038,endgame mate mateIn2 short,https://lichess.org/p5BZFLc9#71,,
02LLO,6k1/3q1p1p/6p1/3nN3/3Q4/P7/2RK1PPP/3r4 w - - 8 35,d2d1 d5c3 c2c3 d7d4,1236,76,92,2211,advantage discoveredAttack endgame pin short,https://lichess.org/FFyGxScT#69,,
02LMw,6k1/7p/2P3p1/8/2K2pP1/4rP2/8/8 b - - 0 43,e3f3 c6c7 f3e3 c7c8q,815,98,88,1267,advancedPawn advantage endgame master promotion rookEndgame short,https://lichess.org/R32KIiUN/black#86,,
02LPW,6k1/p1n5/3p2p1/2pPp1Pp/1p2P3/3PB1P1/PPK5/8 b - - 5 35,a7a5 c2b3 h5h4 g3h4,1900,77,93,3494,crushing endgame short,https://lichess.org/LZQk7XNb/black#70,,
02LPt,1kr5/5ppp/3rp3/p7/P1pN1q2/1nQ2P2/6PP/1R1R2K1 w - - 1 33,b1b3 c4b3 c3b3 b8a8,1712,98,65,18,crushing defensiveMove middlegame short,https://lichess.org/LK1Ihcp4#65,,
02LQB,r5k1/5pp1/r6p/P1Q5/7P/8/3q1PP1/R2R2K1 b - - 2 26,a6a5 d1d2 a5a1 g1h2,1625,79,79,48,crushing defensiveMove endgame short,https://lichess.org/CyDtGea8/black#52,,
02LST,8/R7/2P4k/3n3p/P5p1/4P1P1/r4PKP/8 w - - 2 39,c6c7 d5e3 g2h1 a2a1,1278,83,92,625,endgame mate mateIn2 pin short,https://lichess.org/o57hZvVg#77,,
02LVy,8/8/8/1k6/1p2K3/2p5/1N6/8 w - - 0 69,b2d3 b4b3 e4d4 b3b2 d4c3 b2b1q,2057,76,88,182,advancedPawn crushing endgame knightEndgame long promotion,https://lichess.org/XehZnxRT#137,,
02LWd,8/8/3p4/2pPbQ2/P5Pk/1P5P/3q4/5B1K w - - 5 38,f5f3 d2h2,1075,118,91,51,endgame mate mateIn1 oneMove,https://lichess.org/50cilP80#75,,
02LWp,rr6/Q4Rp1/k3p2q/2Bp4/P6p/7P/2P3P1/6K1 b - - 0 27,a8a7 f7a7,625,86,99,1167,endgame mate mateIn1 oneMove operaMate,https://lichess.org/oh0XKotT/black#54,,
02LXB,1br1r1k1/p1qb1ppp/5n2/1p1p4/1P1P3n/2NQPN1P/3BBPP1/2R2RK1 w - - 2 20,c3d5 h4f3 g2f3 c7h2,1584,80,94,4405,kingsideAttack mate mateIn2 middlegame short,https://lichess.org/YTCpW3ry#39,,
02LYC,5rk1/6rp/p1Q1q3/4N3/4PP2/2N4b/PPP2R1P/R5K1 w - - 1 29,f2g2 g7g2 g1h1 e6c6,1654,75,73,211,advantage middlegame short,https://lichess.org/7GM7Nud2#57,,
02Lda,2k1r3/pp3p1p/2p5/q1b1B3/3nP3/2N3QP/PP3PP1/5K1R w - - 4 20,f1g1 e8e5 g3e5 d4f3 g2f3 c5f2 g1f2 a5e5,2332,75,93,4410,advantage discoveredAttack kingsideAttack middlegame sacrifice veryLong,https://lichess.org/n1mQcQwR#39,,
02LgW,3r4/p4k1p/1p4p1/2P1pp2/8/1P2K3/P4PPP/2R5 b - - 0 27,d8c8 c5b6 c8c1 b6b7,1908,74,88,509,advancedPawn crushing endgame master rookEndgame sacrifice short,https://lichess.org/WHJLsIav/black#54,,
02Li0,r4rk1/ppp2pb1/6p1/4N1qp/2BB1n2/2P2b1P/PP3P1K/R2QR3 w - - 0 18,e5f3 g5g2,722,84,100,103,mate mateIn1 middlegame oneMove,https://lichess.org/h5GKn8g9#35,Scandinavian_Defense Scandinavian_Defense_Marshall_Variation,
02LnU,8/1p6/2p2k2/p4n1B/P1P4P/1P6/8/5K2 w - - 1 52,h5g4 f5e3 f1e2 e3g4,828,91,66,138,crushing endgame fork master short,https://lichess.org/TxQHSVzH#103,,
02Lqe,3r2k1/5ppp/R2R4/p3r3/8/1P4P1/5P1P/6K1 b - - 0 24,d8d6 a6a8 d6d8 a8d8 e5e8 d8e8,570,87,100,347,backRankMate endgame long mate mateIn3 rookEndgame,https://lichess.org/2AO8ElAV/black#48,,
02LtW,8/2k5/6R1/6P1/2Bp1K2/1P2r3/3b4/8 w - - 7 55,g6g7 e3e7 f4f5 e7g7,1413,75,100,426,crushing discoveredAttack endgame short,https://lichess.org/NmZE2kEB#109,,
02LtX,r3k2r/ppQ1n1p1/1p1R4/6p1/8/P3qP1b/BPP4P/5R1K b kq - 2 22,h3f1 c7d7 e8f8 d7d8 a8d8 d6d8,1745,79,95,17481,exposedKing long mate mateIn3 middlegame pillsburysMate sacrifice,https://lichess.org/2KqyOx6N/black#44,,
02LuE,8/p2Q4/5kp1/2P4p/7P/1q4PK/8/8 w - - 2 60,c5c6 b3e6 d7e6 f6e6 c6c7 e6d7 c7c8q d7c8,979,76,100,506,crushing endgame queenEndgame veryLong,https://lichess.org/PXla7Amc#119,,
02Lx4,4r3/p2k1ppp/bn6/3pr3/8/BP3P2/P2N1KPP/R3R3 w - - 2 22,a3b2 e5e2 e1e2 e8e2,1379,76,94,6460,collinearMove crushing fork middlegame short,https://lichess.org/F9X79Itx#43,,
02M1o,3r4/p2r1p2/5nkp/2b1B1p1/8/P1Rp3P/1P1R1PP1/6K1 w - - 0 29,c3c5 f6e4 c5c6 g6f5,2071,76,87,234,crushing defensiveMove endgame fork master short,https://lichess.org/Mh8CLtqP#57,,
02M22,4R3/pp3p1k/4b1pp/2r5/2P1Q1P1/8/P4PKP/3r4 b - - 2 28,c5c4 e4e5 c4g4 g2f3,1687,76,91,1465,advantage defensiveMove endgame short,https://lichess.org/R6ACTRiG/black#56,,
02M26,4R1k1/pp4pp/2p2r2/3p1b1P/5p2/2PB1P2/PP1K4/8 b - - 1 32,f6f8 e8f8 g8f8 d3f5,1123,90,94,2470,crushing endgame short,https://lichess.org/GCs9OCYM/black#64,,
02M2b,1n4k1/6p1/p5r1/1p2Qp1q/8/1P2P3/P4P1P/R1B2RK1 w - - 1 25,g1h1 h5f3,921,77,95,170,mate mateIn1 middlegame oneMove,https://lichess.org/1XfJtRRP#49,,
02M6N,8/p5r1/1p6/1PkP4/4P2K/8/8/R7 b - - 7 77,c5b5 e4e5 g7e7 a1e1 b5c5 d5d6,2739,88,96,275,crushing endgame long quietMove rookEndgame,https://lichess.org/S4o9HvtZ/black#154,,
02M9r,3q4/5pk1/4p1p1/3p2P1/p2P1K2/P3QP2/8/8 b - - 7 44,d8b8 e3e5 b8e5 f4e5 g7f8 e5d6,2252,79,86,152,crushing endgame long queenEndgame,https://lichess.org/3Z1z3im0/black#88,,
02M9t,2kr3r/ppp2p2/3bb2p/1P4p1/P1PpNq2/3P1B2/5PPP/R2Q1RK1 w - - 2 18,a4a5 f4h2,561,87,100,203,kingsideAttack mate mateIn1 middlegame oneMove,https://lichess.org/Y8oDLWZc#35,Kings_Pawn_Game Kings_Pawn_Game_MacLeod_Attack,
02MA3,1r4k1/p1p3p1/2p5/2Pp4/3P1N1q/3B1Prb/PP1R3Q/1R5K w - - 3 29,f4g2 h3g2 d2g2 g3h3 d3f5 h3h2,1500,75,96,3141,advantage kingsideAttack long middlegame pin,https://lichess.org/9VkfvsKi#57,,
02MB7,r1b2rk1/pppp1ppp/2n2q1n/2b1P1N1/2Bp4/3Q4/PPP2PPP/RNB2RK1 b - - 0 8,c6e5 d3h7,1066,85,89,491,kingsideAttack mate mateIn1 oneMove opening,https://lichess.org/btkR2GcG/black#16,,
02MCr,1n1r3k/p4pp1/bp1Pp2p/4Pq1P/Q4B2/2N2BP1/PP3P2/6K1 b - - 2 28,f5d3 f3e2 d3e2 c3e2,1665,76,98,1707,advantage master middlegame short,https://lichess.org/BNT4d0Yi/black#56,,
02MFn,3rr2b/1p1q3k/p1pBbppP/2Pp4/1P4P1/P4P2/3QR3/4R1K1 b - - 1 34,e6f7 e2e7 e8e7 e1e7,1566,72,96,23889,advantage collinearMove middlegame short,https://lichess.org/XTzhEzlC/black#68,,
02MII,2r3k1/pp3ppp/4pn2/3p4/1P5P/P1n3P1/4RbBK/2R5 b - - 1 24,c3e2 c1c8 f6e8 c8e8,576,98,82,786,backRankMate endgame hangingPiece mate mateIn2 short,https://lichess.org/qrKhGmH6/black#48,,
02MLA,2r3k1/2P2ppp/3Qp3/3p4/8/7P/5PPK/3q4 b - - 3 34,d1c1 d6d8 c8d8 c7d8q,894,79,75,88,advancedPawn backRankMate endgame mate mateIn2 promotion short,https://lichess.org/mNQ60TtO/black#68,,
02MML,rnb1k2r/pppp1ppp/8/4P3/2B1q3/5Nn1/PPP4P/RNBQK2R w KQkq - 2 9,e1f2 g3h1 d1h1 e4c4,1200,80,93,13113,advantage opening short,https://lichess.org/fJnNpt8E#17,Bishops_Opening Bishops_Opening_Ponziani_Gambit,
02MOC,r2q2k1/ppp3pp/8/1BQN1r2/8/8/PP1P1P1P/n1B3K1 b - - 0 19,d8d5 b5c4 d5c4 c5c4,1317,75,100,1226,advantage middlegame pin short,https://lichess.org/OHbsTOYD/black#38,,
02MTH,6kr/pp3R2/7p/3P4/6nb/NQP5/PP4PP/4r1K1 w - - 1 28,f7f1 h4f2 g1h1 e1f1,1111,75,97,816,deflection mate mateIn2 middlegame short,https://lichess.org/o6URxJVp#55,,
02MUO,3qrQ1k/pb5p/2n3pP/3pP3/2pP4/2N5/PPP2R2/2K2R2 b - - 9 29,e8f8 f2f8 d8f8 f1f8,600,106,44,180,fork mate mateIn2 middlegame short,https://lichess.org/McO5BBwQ/black#58,,
02MWI,2r3k1/3np3/p1b3qp/2N1b2p/7P/B1N2rp1/PPP5/1K1RQ1R1 b - - 0 26,f3c3 b2c3 d7c5 e1e5,2144,138,43,16,advantage master middlegame short,https://lichess.org/E6ZPAOEh/black#52,,
02MXX,5r1k/1N4pp/p7/4P3/3p4/3Q1nPb/PP3P1P/4R1K1 w - - 1 31,g1h1 h3g2 h1g2 f3e1 g2f1 e1d3,1863,75,100,675,attraction crushing endgame fork long,https://lichess.org/uAXPbNpT#61,,
02MZT,7k/1p5p/p6r/8/1P6/P2P1Pq1/3PR1RP/7K b - - 1 32,g3f3 e2e8 f3f8 e8f8,660,105,70,309,endgame mate mateIn2 queenRookEndgame short,https://lichess.org/NoAxwk29/black#64,,
02MZb,r3kbnr/1pp2ppp/p1p2q2/4p2b/4P3/3P1N1P/PPP2PP1/RNBQ1RK1 w kq - 3 8,c1g5 h5f3 g5f6 f3d1 f6g7 f8g7,1086,76,94,6769,advantage long opening,https://lichess.org/cYS6ot1j#15,Ruy_Lopez Ruy_Lopez_Exchange_Variation,
02MZc,8/2p5/p2k1p2/2p1p1p1/1PP1P1P1/P3KP2/8/8 w - - 0 40,e3d3 c5b4 a3b4 d6c6 d3c3 c6b6 b4b5 a6b5,2618,85,94,1340,crushing endgame pawnEndgame veryLong,https://lichess.org/GhOQBq6V#79,,
02Mby,3k4/pQ6/2p2p2/2Pqp3/8/6P1/5PKP/8 w - - 1 35,g2h3 d5d7 b7d7 d8d7 h3g4 a7a5,1870,75,94,8113,crushing defensiveMove endgame long queenEndgame,https://lichess.org/5tryfihO#69,,
02McK,r1b4k/2qnNpbp/pp3np1/3p2B1/B1pP4/2P5/PP1N1PPP/R3Q1K1 w - - 0 17,e7d5 f6d5 e1e8 d7f8,1490,77,94,2926,advantage hangingPiece middlegame short,https://lichess.org/91Khr5Nh#33,Englund_Gambit_Declined Englund_Gambit_Declined_Reversed_French,
02Mfp,6k1/2q4p/p3p1p1/3pP3/1prP1R2/2P5/PP3QP1/6K1 b - - 3 28,b4c3 f4f8 g8g7 f2f6,1157,76,95,10308,crushing endgame short,https://lichess.org/clbJGIq1/black#56,,
02MgK,2r3k1/q5pp/4Qp2/8/1Ppb4/5PPP/7K/4BB2 b - - 0 39,g8h8 e6c8,702,78,100,410,backRankMate endgame hangingPiece mate mateIn1 oneMove,https://lichess.org/gyDXOBbe/black#78,,
02MgP,3r1rk1/p1q3pb/1p1b4/8/3B2PQ/2P2p1P/PP3P2/R3RNK1 w - - 1 28,f1g3 d6g3 h4g3 c7g3 f2g3 d8d4 c3d4 f3f2,1974,76,90,1272,advancedPawn advantage kingsideAttack middlegame sacrifice veryLong,https://lichess.org/jRGb0WQd#55,,
02Mh7,1r1q1rk1/2p5/3pNnpP/4p3/p3P3/Pb1PP3/1P4Q1/2KR3R b - - 1 25,b3e6 g2g6 g8h8 g6g7,949,76,97,766,kingsideAttack mate mateIn2 middlegame short,https://lichess.org/FR8FFRv1/black#50,,
02Mk5,r1bqk1nr/pppp3p/2n2pp1/3Q4/2BBP3/8/PPP2PPP/RN2K2R b KQkq - 1 9,c6b4 d5f7,837,77,100,202,mate mateIn1 oneMove opening,https://lichess.org/qYwrynJs/black#18,Scotch_Game Scotch_Game_Classical_Variation,
02MkW,8/6p1/2R4p/p7/1p1q3P/1P3BP1/5PK1/3k4 b - - 14 45,d1e1 c6c1 e1d2 c1d1 d2c3 d1d4,1172,77,100,600,crushing endgame long master skewer,https://lichess.org/QEnUWJkR/black#90,,
02MlO,r1b5/1pp4p/p2p2pk/3Pr3/1PP5/4q1P1/PQ1N2P1/R4R1K w - - 1 23,d2f3 e5h5 f3h4 e3g3,1295,75,95,5860,advantage kingsideAttack middlegame pin short skewer,https://lichess.org/xaIJs1d8#45,,
02MnG,8/8/7R/P2R2p1/7P/3p1P1K/5kr1/3b4 w - - 6 49,d5d3 g5g4 f3g4 d1g4,1808,83,93,845,endgame mate mateIn2 short xRayAttack,https://lichess.org/b8vMFrpL#97,,
02Mor,r4rk1/2p1qppp/p3p3/P1bpQ3/6N1/5P2/1P1B1P1P/R4RK1 w - - 3 25,d2g5 f7f6 g5f6 g7f6,1433,77,88,587,advantage fork middlegame short,https://lichess.org/J5j4XntC#49,,
02Mow,r1b2rk1/p1p2ppp/2pp4/2b3B1/3Nq3/2P4P/PP3PP1/R2Q1RK1 b - - 0 12,c8h3 g2h3 e4g6 d1g4 c5d4 c3d4,1947,78,93,2953,advantage hangingPiece long middlegame quietMove,https://lichess.org/Wu477GgT/black#24,Three_Knights_Opening Three_Knights_Opening_Other_variations,
02Mt2,6k1/R5pp/4N3/5p2/5P2/5RP1/P2r3n/5BK1 w - - 0 32,e6g7 h2f3 g1h1 d2h2,901,99,94,1170,arabianMate endgame hangingPiece mate mateIn2 short,https://lichess.org/NibrzlHY#63,,
02MvQ,2kr3r/pppn1ppp/8/8/3PN1n1/5N1q/PPP1Bb2/R1BQR1K1 w - - 0 20,e4f2 h3g3 g1f1 g3f2,1612,76,96,25467,kingsideAttack mate mateIn2 middlegame short,https://lichess.org/IeHed4JK#39,,
02MwE,4rnk1/pb2r1pp/1p1q1p2/5P2/2BppN2/7R/PP1Q2PP/4R1K1 b - - 1 24,g8h8 f4g6 f8g6 f5g6,1164,81,91,1664,crushing kingsideAttack middlegame pin short,https://lichess.org/MNqQTDDx/black#48,,
02MxE,8/bp1N3r/2p1k2p/3n1p2/7B/3B4/P4PPP/1N4K1 b - - 0 26,e6d7 d3f5 d7e8 f5h7,816,97,86,280,crushing endgame fork short,https://lichess.org/isHktToS/black#52,,
02N0A,r3r1k1/1pp1bp1n/p1n4Q/3qp1P1/8/3P1P1N/PPP1B2P/R3K1R1 b Q - 0 18,d5d6 g5g6 f7g6 g1g6 d6g6 h6g6,1325,77,91,486,crushing fork long middlegame,https://lichess.org/TmfeHtWj/black#36,Vant_Kruijs_Opening Vant_Kruijs_Opening_Other_variations,
02N0o,r1r3kR/p4p2/1qb1pPp1/8/8/5PB1/PPPQp3/4K3 b - - 3 30,g8h8 d2h6 h8g8 h6g7,872,76,100,443,endgame mate mateIn2 short,https://lichess.org/mvudtnG9/black#60,,
02N3Q,8/p1P4R/1brB4/1P1pp3/4k3/P7/K7/8 b - - 0 49,c6c4 h7h4 e4e3 h4c4,897,90,89,307,crushing endgame master short,https://lichess.org/2SH9PQCF/black#98,,
02N7B,rn2kbn1/ppN1p1p1/4bp2/7r/7p/3P4/PPP2PqP/R1BQK2R b KQq - 0 11,e8d8 c7e6 d8c8 d1h5,1639,76,86,112,advantage fork hangingPiece opening short,https://lichess.org/hDT72pZf/black#22,Scandinavian_Defense Scandinavian_Defense_Mieses-Kotroc_Variation,
02N8e,5r2/1Q1P2bk/p6p/1p4p1/2p5/8/PP1q1PPP/5RK1 b - - 0 28,f8d8 b7e4 h7h8 e4e8 d8e8 d7e8q,1139,76,84,207,advancedPawn advantage endgame long promotion,https://lichess.org/rWl4y6cw/black#56,,
02N8z,2k5/pp3R2/2pp4/4p3/1P2P3/PK1P1QP1/1r6/2q5 w - - 15 41,b3a4 c1c2 a4a5 b7b6 a5a6 c2a4,2039,185,82,27,endgame long mate mateIn3,https://lichess.org/aAvAsR9j#81,,
02NAh,5Q2/p1p4k/2b4p/4q1pP/2Pppp2/1P4P1/P4PB1/6K1 b - - 3 33,f4g3 g2h3 g3f2 g1f1,2404,83,61,120,crushing defensiveMove endgame master quietMove short,https://lichess.org/G7Lcbu9W/black#66,,
02NG1,4N3/p7/3k1p2/2p1p3/4q3/P7/1P6/K5R1 b - - 3 47,d6d7 e8f6 d7e6 f6e4,963,77,91,116,crushing endgame fork short,https://lichess.org/NHpdf5QI/black#94,,
02NG2,2k4r/Qp3p2/2p3pp/4q3/8/5P2/Pr3P1P/3RR2K b - - 1 25,e5c7 a7d4 h8d8 d4b2,2067,77,92,3867,crushing endgame fork short,https://lichess.org/FhdN8Dgs/black#50,,
02NKd,r1b1k2r/ppp2pp1/4pq1p/3pP3/1bP5/2NBP1P1/PP3PP1/R2QK2R b KQkq - 0 11,f6e5 d1a4 c8d7 a4b4,1121,78,77,147,advantage fork middlegame short,https://lichess.org/D71Yi7Ny/black#22,Queens_Pawn_Game Queens_Pawn_Game_Accelerated_London_System,
02NMH,7k/p5b1/1p2p1p1/2q1P3/3r4/3B4/P3Q1P1/3R3K w - - 1 28,d3g6 d4h4,1135,77,82,410,endgame mate mateIn1 oneMove,https://lichess.org/85StwTc7#55,,
02NO4,8/3b2kp/4p3/2ppPpPP/p1p4K/P1P1P3/1P2B3/8 b - - 18 40,d7c6 h5h6 g7g8 e2h5,1887,77,87,63,advantage bishopEndgame clearance defensiveMove endgame short,https://lichess.org/wNMyJ9gc/black#80,,
02NXf,r3b1k1/1p3R2/1np1p1B1/4q3/p1P5/8/PP3QP1/6K1 b - - 0 32,e5g5 f7f8 g8g7 g6e8 a8e8 f2f7,2148,79,69,51,advantage discoveredAttack long master middlegame,https://lichess.org/tmKeEd4u/black#64,,
02NZ5,4r1k1/1p6/n2RP1pp/2p3q1/1PP1p1p1/P3P3/1Q2B3/1K5n b - - 0 26,g5e7 d6d7 e7f8 d7f7 f8f7 e6f7,1808,75,86,183,advancedPawn advantage kingsideAttack long middlegame,https://lichess.org/DLIYn4iC/black#52,,
02NZR,r3k2r/pp1bqppp/5n2/1BbpnQB1/8/2N5/PPP2PPP/R3K1NR w KQkq - 8 11,g5f6 e5f3 e1d1 e7e1,1953,76,100,1085,doubleCheck mate mateIn2 middlegame short,https://lichess.org/0YRdK9DE#21,French_Defense French_Defense_Exchange_Variation,
02NaQ,rnb1kbnr/pp1pq1pp/2p2p2/4N3/3PP3/8/PPP2PPP/RNBQKB1R w KQkq - 1 5,d1h5 g7g6 h5h4 f6e5,1381,76,92,9163,advantage defensiveMove opening short,https://lichess.org/U9pFJWOY#9,Caro-Kann_Defense Caro-Kann_Defense_Other_variations,
02Nc2,r4rk1/1p1nb1pp/1p2pp2/3p3b/3P4/P2NP1B1/1P3PPP/R3KB1R w KQ - 3 15,d3f4 e7b4 a3b4 a8a1,1500,77,93,4274,crushing middlegame short,https://lichess.org/Y6EXYBdK#29,Slav_Defense Slav_Defense_Three_Knights_Variation,
02NcP,r5k1/p4pp1/2p4p/2p5/QPP2BR1/7P/P4RPK/3rq3 b - - 0 28,e1f2 a4d1 h6h5 f4g3,1880,75,97,1476,advantage endgame hangingPiece master short,https://lichess.org/GpLcIRyx/black#56,,
02NfB,5r2/1pQ3k1/3p3R/1P3pq1/Pn1P4/1r2P1P1/5PK1/8 b - - 1 42,f8f7 h6h7 g7h7 c7f7 g5g7 f7b3,1341,75,95,4357,advantage attraction deflection endgame exposedKing fork long,https://lichess.org/nQnkB7H2/black#84,,
02Ngx,2rq4/pp3pk1/4p1p1/3nPn1p/4N2P/5NP1/PP1Q1P2/2R3K1 w - - 1 24,g1g2 d5e3 f2e3 d8d2,1962,75,92,1349,crushing discoveredAttack middlegame short,https://lichess.org/2rbML3i5#47,,
02Ni5,5rk1/pp2R1p1/3p3p/3P1p2/2nN1q2/1N5P/PP2R1P1/7K b - - 1 29,f8b8 e7g7 g8g7 d4e6 g7f6 e6f4,1928,75,92,290,advantage attraction fork long middlegame sacrifice,https://lichess.org/kJNKDKqT/black#58,,
02Nig,3Q4/1p6/2p3p1/5r2/p1P2k2/4b3/PP6/7K w - - 7 42,d8b8 f4f3 b8h2 f5h5 h2h5 g6h5,1904,75,97,2667,crushing defensiveMove endgame long master pin,https://lichess.org/MLFSsI4b#83,,
02Nl2,r1br2Bk/1p6/p1p1p2p/4P3/8/2P2q2/PPQ5/1K5R b - - 1 25,d8g8 h1h6 h8g7 c2h7 g7f8 h6f6 f3f6 e5f6,1794,75,88,1234,advantage endgame exposedKing fork veryLong,https://lichess.org/ePsgpnv7/black#50,,
02NlV,2krr3/ppq3pb/2p4p/4p2P/4N1P1/1P2Q3/P1P2P2/1K1R3R b - - 2 24,d8d4 d1d4 e5d4 e4d6 c7d6 e3e8,1461,76,81,298,crushing discoveredAttack long middlegame queensideAttack,https://lichess.org/uTyxamBO/black#48,,
02Nlw,2R1Q3/3r2p1/5p1p/3bp1k1/4q3/6BP/5PPK/8 w - - 10 39,e8d7 e4g2,939,91,90,66,endgame master mate mateIn1 oneMove,https://lichess.org/Y3P296Nc#77,,
02Np0,1r1q1rk1/1bp1npp1/1p1p1n1p/p2P4/2PQN3/1P4P1/PB3PBP/R4RK1 b - - 1 15,f6e4 d4g7,761,86,87,308,kingsideAttack mate mateIn1 middlegame oneMove,https://lichess.org/OziP9MBL/black#30,English_Opening English_Opening_Carls-Bremen_System,
02Np5,1k6/bp1r2p1/P1R4p/5q1P/5Pp1/6P1/1Q5R/2K5 w - - 2 37,h2c2 a7e3 c1b1 d7d1 b1a2 f5a5,1714,217,54,7,crushing endgame exposedKing long,https://lichess.org/BUA5tZv7#73,,
02NrU,r4rkR/1pq3p1/2pbp1p1/p3P1N1/8/2P1PQ2/PP4P1/2K5 b - - 1 20,g8h8 f3h3 h8g8 h3h7,1192,76,100,1095,endgame mate mateIn2 short,https://lichess.org/n4IuweH0/black#40,,
02NvQ,2krr3/1pp3p1/p4p2/5P2/5P1B/7P/PPQp2R1/1R1KqB2 w - - 3 30,h4e1 d2e1q,404,107,78,170,advancedPawn discoveredCheck doubleCheck mate mateIn1 middlegame oneMove promotion,https://lichess.org/5pPfcHh9#59,,
02Nya,3k3r/ppp2Bb1/2nRQ2p/q5p1/5p2/8/PPP2BPP/3N2K1 b - - 0 20,c7d6 e6d6 d8c8 f7e6,1098,76,100,1987,mate mateIn2 middlegame short,https://lichess.org/aOTxI2zF/black#40,,
02Nzh,r1b2rk1/pppp1ppn/7p/2q1P3/2B2P2/2Q5/P5PP/RN2R2K b - - 2 17,b7b5 c4f7 f8f7 c3c5,845,96,88,340,crushing discoveredAttack middlegame short,https://lichess.org/DbNPhFIf/black#34,Italian_Game Italian_Game_Anti-Fried_Liver_Defense,
02Nzx,r3r3/2pbkp1p/2p2p2/1pb1P3/p7/1BN5/PPP2PPP/2KRR3 w - - 0 15,e5f6 e7f8 e1e8 d7e8 b3a4 b5a4,2290,82,64,66,advantage defensiveMove long middlegame trappedPiece,https://lichess.org/IlE1ZcIO#29,Four_Knights_Game Four_Knights_Game_Scotch_Variation_Accepted,
02O14,r3r1k1/pb1n1pp1/4p2p/1ppq4/3P2nP/2P3P1/PPBB2PN/R1Q2RK1 w - - 0 18,h2g4 d5g2,527,89,80,107,kingsideAttack mate mateIn1 middlegame oneMove,https://lichess.org/lhptRUNf#35,Caro-Kann_Defense Caro-Kann_Defense_Main_Line,
02O2z,4r1k1/5ppp/2N5/1p1B4/4N1Pn/P7/2P1rP1P/2R3K1 w - - 1 28,e4g5 e2e1 c1e1 e8e1,636,81,100,501,mate mateIn2 middlegame short,https://lichess.org/4ORg5Qtc#55,,
02O7b,8/1P4P1/1P3k1K/1B6/8/8/8/4r3 w - - 3 69,g7g8q e1h1,481,103,89,319,endgame master mate mateIn1 oneMove,https://lichess.org/3m3sb5L6#137,,
02O8w,2r2rk1/5pp1/p5np/b2p4/3P4/Pq1BPN2/1PR2QPP/3R2K1 w - - 6 26,c2c8 b3d1 f2f1 d1f1 g1f1 f8c8,1276,74,96,30481,advantage fork hangingPiece long middlegame,https://lichess.org/9x0LEN6h#51,,
02O9Q,5Bk1/1p1r3p/8/p4N2/1nP1p3/1P6/3R1nPP/3R3K w - - 1 38,d2f2 d7d1 f2f1 d1f1,990,139,58,22,backRankMate endgame hangingPiece mate mateIn2 short,https://lichess.org/0fIxumeZ#75,,
02OC6,r1bq1rk1/6pp/p2b4/1p1pB3/6P1/2PQPN2/PP5P/R4RK1 b - - 0 18,c8g4 d3d5 g8h8 e5d6 g4f3 f1f3,2044,83,91,3791,crushing long middlegame,https://lichess.org/WeTbdktL/black#36,Queens_Pawn_Game Queens_Pawn_Game_Accelerated_London_System,
02OCO,5rk1/5p2/1pQ2n1p/4p1p1/8/2P1PB1P/Pq3PPB/R5K1 w - - 0 22,c6f6 b2a1 f3d1 a1d1,793,104,76,36,backRankMate endgame hangingPiece mate mateIn2 short,https://lichess.org/jl6l760x#43,,
02ODb,2b2k2/2r5/1p1Np1Np/p4p2/P7/2P5/1P3PPP/6K1 b - - 2 35,f8g7 d6e8 g7g6 e8c7,874,86,90,215,advantage endgame fork master short,https://lichess.org/lnNupAfo/black#70,,
02OEe,r5k1/3p1p1r/3PpBp1/p3P3/Pp1nqb2/1B4N1/1PP2PKP/3R1R2 w - - 0 31,g3e4 h7h2 g2g1 d4f3,944,77,79,109,cornerMate mate mateIn2 middlegame short,https://lichess.org/FZ4mjwDw#61,,
02OKj,7r/5p1p/1R3k2/4n1p1/3N1N2/4K3/1P5r/8 b - - 1 29,f6g7 d4f5 g7g8 b6b8,1386,79,90,266,endgame mate mateIn2 short,https://lichess.org/ubuQTKIF/black#58,,
02OU1,8/pppk1B1p/5p2/n2P1n2/8/2P5/P1P4B/7K b - - 0 26,a5c4 f7e6 d7d8 e6f5,943,88,83,530,advantage endgame fork short,https://lichess.org/NLu7Xink/black#52,,
02OW7,4R3/2k5/p4P2/8/8/1p6/r5PK/8 b - - 3 38,b3b2 f6f7 b2b1q e8e7 c7b6 f7f8q,2163,99,90,999,advancedPawn crushing endgame exposedKing long promotion rookEndgame,https://lichess.org/D3Dd59FB/black#76,,
02OZP,rn1qk2r/1pp1npp1/pb2p2p/3pP2b/1P1P4/P1N2N1P/2PBBPP1/R2QK2R w KQkq - 1 12,c3a4 h5f3 e2f3 b6d4,1154,78,84,2004,advantage capturingDefender middlegame short,https://lichess.org/NcXRma9u#23,Scandinavian_Defense Scandinavian_Defense_Other_variations,
02Oaq,8/4k1p1/p4r1p/1p1p4/B2np3/P7/1r1N1PPP/R2R2K1 w - - 0 35,d2e4 d4e2 g1f1 d5e4,1649,117,69,39,crushing intermezzo middlegame short,https://lichess.org/dExSB1rw#69,,
02Oc8,8/Q5p1/4pk2/p2q4/P1pn4/8/5PPP/R5K1 w - - 2 29,a1d1 d4e2 g1f1 d5d1,1118,103,94,1106,discoveredAttack endgame mate mateIn2 short,https://lichess.org/AmB0sTp9#57,,
02Ofv,8/p3R3/k4p2/3b2p1/7p/6PP/PPr2P1B/6KR w - - 0 33,g3h4 c2c1 e7e1 c1e1,629,100,96,1633,endgame mate mateIn2 pillsburysMate short,https://lichess.org/ZKMjUUSC#65,,
02Ogx,8/4p3/3pp3/4k1p1/1pP1P3/3K2P1/P4P2/8 w - - 0 30,f2f4 g5f4 g3f4 e5f4 d3d4 e6e5,1004,80,52,58,endgame,https://lichess.org/56s7S1Ml#59,,
02Oh2,4r1k1/1b3ppp/8/7Q/4qP2/1P1r3P/P5P1/R3BB1K w - - 0 32,f1d3 e4g2,1202,76,90,281,mate mateIn1 middlegame oneMove,https://lichess.org/1WrNgCvX#63,,
02Ojk,r1bq2k1/pp1nbrpp/2p1pn1B/2Pp1pN1/3P4/2N4P/PPQ1PP2/R3KBR1 b Q - 4 12,g7h6 g5e6 g8h8 e6d8,1323,75,95,35277,advantage discoveredAttack discoveredCheck kingsideAttack opening short,https://lichess.org/TfYqGtEp/black#24,Semi-Slav_Defense Semi-Slav_Defense_Other_variations,
02Oku,r2qk2r/p2nbppp/2n5/2p1p3/4N3/3Q4/PPPP1PPP/RNB1K2R w KQkq - 0 14,e4d6 e7d6 d3d6 c6b4,2536,101,86,569,advantage opening short,https://lichess.org/97Qk80ic#27,Italian_Game Italian_Game_Two_Knights_Defense,
02OnY,1rr3k1/4Rpbp/6p1/2P1p3/PPP5/5PP1/5PK1/1R6 b - - 0 33,c8c5 b4c5 b8b1 e7e8 g7f8 c5c6 b1c1 c6c7,1970,84,89,1953,advancedPawn crushing endgame veryLong,https://lichess.org/AO2PzZEl/black#66,,
02Oo4,6R1/1r6/5pk1/5p1p/7P/6P1/5PK1/8 b - - 3 45,b7g7 g8g7 g6g7 g2f3,1723,78,68,85,crushing defensiveMove endgame rookEndgame short,https://lichess.org/PBfWNYLX/black#90,,
02OoP,1q4k1/5pp1/R3p2p/p7/P3Q3/6PP/5P1K/2r5 b - - 0 33,c1c5 a6a8 b8a8 e4a8,1003,91,95,732,crushing endgame pin short,https://lichess.org/UhFLcYU6/black#66,,
02Or9,2n2r1k/p1q4p/2P2bp1/2Q1N3/3P4/7P/P4PP1/5RK1 b - - 1 24,f6e5 c5f8,679,92,97,1187,endgame hangingPiece mate mateIn1 oneMove,https://lichess.org/LDFfzv60/black#48,,
02OrN,2r1nrk1/pb1p2p1/1p1Pn2p/5p2/1P2N3/P4PB1/2B3PP/2RR2K1 w - - 0 24,c2a4 c8c1 d1c1 f5e4,1816,76,93,4416,crushing master middlegame short,https://lichess.org/2vU4yztt#47,,
02OsE,2k5/1pp5/pbp1R3/5pP1/5r2/3R1N1r/PPP2P2/5K2 w - - 9 27,f1e2 f4e4 e6e4 f5e4,1346,76,91,1018,crushing endgame short,https://lichess.org/s0lVd4jq#53,,
02Ouk,5rk1/4Qppp/2q5/8/p7/8/2r2PPP/1R1R2K1 b - - 1 31,f8e8 b1b8 c2e2 b8e8 c6e8 e7e2,2249,77,72,103,crushing endgame long pin,https://lichess.org/CLVpMmi4/black#62,,
02OvQ,5qr1/pb1kp3/1prn4/3pQpp1/3P4/1P1BPP1P/P5PB/2R2RK1 w - - 4 29,d3b5 d6b5 e5d5 b5d6 h2d6 e7d6 c1c6 b7c6,1928,76,89,1633,advantage middlegame veryLong,https://lichess.org/kX2C05fp#57,,
02Oxp,3q1rk1/p5pp/1p6/2rb1p2/2B1pP2/1Q6/P5PP/2RR2K1 b - - 1 23,d5c4 c1c4 d8d1 b3d1 c5c4 d1d5,2162,76,94,4550,crushing long middlegame,https://lichess.org/0IRcgUCX/black#46,,
02Oy0,8/7p/6p1/2r2kP1/1p5P/1P2R3/P2K4/8 w - - 4 60,d2d3 c5c3 d3d4 c3e3 d4e3 f5g4 e3d2 g4h4 a2a3 b4a3,1511,77,98,4759,crushing endgame rookEndgame veryLong,https://lichess.org/a5IfKa1l#119,,
02Ozh,5r2/p4pk1/4q1p1/3p3Q/1P3P2/3P2RP/6PK/8 w - - 4 33,h2g1 e6e1 g1h2 e1g3 h2g3 g6h5,1280,79,87,3113,crushing endgame fork long,https://lichess.org/VdvOzpNm#65,,
02P4S,r1bq1rk1/ppp3p1/7p/4pp1Q/2PPp3/P3P1P1/1PnNKPP1/3R1B1R w - - 0 15,d4e5 d8d3,1112,76,98,3470,mate mateIn1 middlegame oneMove,https://lichess.org/se6nqS8X#29,Queens_Pawn_Game Queens_Pawn_Game_Accelerated_London_System,
02P6P,8/8/p1p5/Pp1p3p/1P1Pk1p1/2P3PP/4K3/8 w - - 0 50,h3g4 h5g4 e2d2 e4f3,783,115,96,2129,crushing endgame pawnEndgame short zugzwang,https://lichess.org/kD3HOQhu#99,,
02PDC,8/8/6pp/4k3/1R3n2/1Nn4P/5K2/8 w - - 2 46,h3h4 f4d3 f2f3 d3b4,1191,77,77,175,crushing endgame fork short,https://lichess.org/pun6359s#91,,
02PDS,4r1k1/pp2n2p/3q1pp1/3p4/3P3P/1PrB1PR1/P4P2/1Q4RK b - - 0 24,d6b6 d3g6 h7g6 g3g6 g8f7 g6g7 f7e6 b1e1,1890,76,100,225,crushing kingsideAttack middlegame veryLong,https://lichess.org/jhoFj7fe/black#48,,
02PHm,5k2/5pp1/p7/1p1p2p1/2bP2P1/4RPK1/PR5P/6r1 w - - 4 34,b2g2 g1g2 g3g2 b5b4 a2a4 b4b3 e3e1 c4d3,2613,99,83,382,crushing defensiveMove endgame quietMove veryLong,https://lichess.org/Vjcmkhlj#67,,
02PHy,5rk1/5pp1/p1r1p1bp/BpnpP3/8/P1P2P2/1P4PP/2KR1B1R w - - 0 21,a5b4 c5b3,1012,96,93,274,mate mateIn1 middlegame oneMove,https://lichess.org/fnPJChQH#41,,
02PKZ,6k1/ppp2p1p/5Bp1/8/2n2b2/2P2P1P/PP4r1/1K1R4 b - - 3 25,h7h5 d1d8 g8h7 d8h8,926,101,56,56,endgame mate mateIn2 operaMate short,https://lichess.org/QnHAjweL/black#50,,
02PP0,r3r1k1/5pp1/7p/pPq5/P4Q2/5P2/6P1/R2R2K1 w - - 1 33,f4d4 e8e1 g1f2 c5d4 d1d4 e1a1,1377,97,87,42,crushing endgame long,https://lichess.org/5sMukbo6#65,,
02PPX,6k1/1p2npp1/p4bqp/8/P7/4BN1P/1P3PP1/3Q2K1 b - - 0 26,f6b2 d1d8 g8h7 d8e7 g6b1 g1h2,1274,74,95,10972,crushing defensiveMove endgame fork long,https://lichess.org/4xghaa8w/black#52,,
02PWu,5r1k/6p1/2p4p/p2p2q1/P2B1n2/1rP1RPQ1/6PP/3R2K1 w - - 0 34,e3e5 g5e5 d4e5 f4e2 g1f2 e2g3,1674,76,92,1786,advantage fork long middlegame sacrifice,https://lichess.org/sz60EbWs#67,,
02PYw,8/2bK2B1/2P3kP/p7/5p2/8/8/8 b - - 1 51,c7b6 g7d4 b6d4 c6c7,1868,148,87,13,advancedPawn bishopEndgame crushing endgame sacrifice short,https://lichess.org/NPBAcfmV/black#102,,
02PbT,8/8/4k3/4p3/3p2P1/4PK2/r4R1P/8 b - - 7 40,a2f2 f3f2 d4d3 e3e4 d3d2 f2e2 d2d1r e2d1,1897,78,66,45,crushing endgame quietMove veryLong,https://lichess.org/A2HOiM52/black#80,,
02PdH,r2qk2r/ppp3pp/4pn2/3pP3/1b3B2/2NQ3R/PPP1PP2/R3K3 b Qkq - 0 12,f6e4 d3b5 d8d7 b5b4,1078,77,88,293,advantage fork middlegame short,https://lichess.org/XRtJA4JB/black#24,Dutch_Defense Dutch_Defense_Janzen-Korchnoi_Gambit,
02PgC,3r2k1/1p3ppp/p1p5/8/3R4/1P4P1/P3RP1P/2K5 b - - 0 28,d8d4 e2e8,643,94,65,41,backRankMate endgame mate mateIn1 oneMove rookEndgame,https://lichess.org/Q71EeoJW/black#56,,
02Pjf,5R1r/ppk5/1n3p2/2N1pB2/6P1/8/P4K1r/3R4 w - - 3 37,f2f3 h8h3 f3e4 h2e2,1129,75,100,728,master mate mateIn2 middlegame short,https://lichess.org/t4SP9DKZ#73,,
02Plz,7k/q3r1b1/4N1pp/5p2/7P/1Q2P1P1/8/3R2K1 w - - 2 36,e6g7 e7e3 d1d8 e3e8 g1g2 e8d8,2219,75,94,2327,advantage discoveredAttack discoveredCheck endgame exposedKing long,https://lichess.org/OfJxDMDK#71,,
02PrW,r3k2r/1bqp1p2/pp2p3/2b3P1/2PnPBp1/2N5/PPB3P1/R2Q1RK1 w kq - 0 16,f4c7 d4e2,853,80,92,521,doubleCheck mate mateIn1 middlegame oneMove,https://lichess.org/8UGefrtw#31,Sicilian_Defense Sicilian_Defense_Kan_Variation,
02Ps5,2k3r1/p4prp/8/2p5/8/NPPp1P2/PB1P1K1P/4R3 w - - 6 23,a3c4 g7g2 f2e3 g8e8 e3d3 e8e1,1139,76,98,1267,advantage endgame long skewer,https://lichess.org/CcsRDtwu#45,,
02Pu3,5r2/3R4/6k1/1p6/p1pB3P/3n2K1/5P2/8 b - - 3 43,f8f7 h4h5 g6h5 d7f7,1670,74,95,22798,crushing deflection endgame short,https://lichess.org/lE1ZWltu/black#86,,
02PuU,Bn3k2/6p1/n1p1P2p/3p4/pr3p2/R4P1P/5BP1/6K1 b - - 5 39,a6c7 f2c5 f8g8 c5b4,1098,90,94,575,crushing endgame fork short,https://lichess.org/UM49R23y/black#78,,
02Pxu,6k1/R7/6K1/7P/8/6p1/8/7r b - - 3 58,g3g2 a7a8,929,80,96,3822,endgame mate mateIn1 oneMove rookEndgame,https://lichess.org/pf17o3oj/black#116,,
02PyG,4kn2/p3b3/1p2P3/1P1p1Qp1/P7/8/1B1N1PK1/3q4 b - - 2 33,d1d2 f5f7 e8d8 b2f6 f8g6 f6e7 g6e7 f7f8 d8c7 f8e7,1234,276,54,3,crushing deflection endgame exposedKing master veryLong,https://lichess.org/4dKDIYf9/black#66,,
02Q2i,r5rk/pp1qb1p1/1nn1p3/3pP1Nb/3P3P/PPNBB3/4Q1P1/R3K2R b KQ - 4 21,h5e2 g5f7,1235,161,100,14,mate mateIn1 middlegame oneMove,https://lichess.org/liy4WLfE/black#42,,
02Q6Q,5k1R/bP6/3q2p1/1Q1p1p2/4p3/7P/6P1/r4N1K b - - 2 39,f8g7 b5b2 d6f6 b7b8q a7b8 b2b8,2691,120,89,362,advancedPawn advantage deflection endgame fork long promotion,https://lichess.org/CwteutNM/black#78,,
02Q8P,r2q1rk1/5p1R/ppb1p1p1/n7/P2P1B2/2PB4/5PPP/1R1Q2K1 b - - 0 19,g8h7 d1h5 h7g8 d3g6 f7g6 h5g6,1705,79,100,1357,crushing deflection long middlegame pin,https://lichess.org/G8tpNnkz/black#38,,
02Q9P,2k4r/pp2Rpp1/2p4q/3p4/1P1NbP2/2P3Q1/P6P/6K1 b - - 7 34,h6h5 f4f5 h5h2 g3h2,1713,75,93,1696,crushing endgame quietMove short,https://lichess.org/6Tc80ZZG/black#68,,
02Q9X,3rr1k1/2p2pp1/1q5p/1pbBpP2/7P/2P2Q2/1P3PP1/3RR1K1 b - - 1 32,d8d6 b2b4 d6d5 d1d5,2223,87,69,33,advantage master middlegame short,https://lichess.org/2N2uiWJv/black#64,,
02QA4,2r1k3/pR2R3/6pp/1p4r1/1Pp1P3/5P2/P4K2/2q5 b - - 5 42,e8d8 b7d7,1183,164,0,15,blindSwineMate endgame mate mateIn1 oneMove queenRookEndgame,https://lichess.org/0BCLJYQg/black#84,,
02QAj,r5k1/1b3p1p/4pPpP/4P3/1PpB1P2/1q1p3R/3Q4/1K1R4 w - - 0 37,d4b2 c4c3 d2c3 b3d1,1817,86,82,64,crushing deflection fork middlegame short,https://lichess.org/P2lrt2d2#73,,
02QBW,2Bn4/4R1pk/p4q1p/1p1b4/1PnP4/P4rP1/7P/R1BQ2K1 w - - 1 28,e7e1 f3f2 e1e2 f2e2 d1e2 f6d4,2524,92,82,40,advantage kingsideAttack long middlegame,https://lichess.org/0di4LKXv#55,,
02QDV,4nrk1/5p1p/1q4pQ/p4N2/1p2P3/5K1P/PPr1B3/6R1 b - - 0 33,b6g1 f5e7 g8h8 h6f8,1376,77,93,1139,deflection mate mateIn2 middlegame short,https://lichess.org/ttbtNJIh/black#66,,
02QHx,r2q1rk1/pp3ppp/4p3/8/1b2B3/4R2Q/PP2nPPP/R1B3K1 w - - 2 16,e3e2 d8d1 e2e1 d1e1,735,93,92,168,fork mate mateIn2 middlegame short,https://lichess.org/yeN4gnbb#31,Queens_Pawn_Game Queens_Pawn_Game_Colle_System,
02QJP,3q2k1/pp3pPp/1n2p2Q/3pP3/8/6P1/Prr2PB1/3RR1K1 b - - 2 26,c2f2 g2e4 f2g2 e4g2,1809,77,93,574,advantage middlegame short,https://lichess.org/K26rR0cz/black#52,,
02QKd,2r3k1/1p1p1ppp/1P2p3/8/6n1/7q/1PPPPP1P/R1BQ1nK1 b - - 0 18,c8c5 a1a8 c5c8 a8c8,955,93,96,2031,backRankMate mate mateIn2 middlegame short,https://lichess.org/KMP2yAKn/black#36,Zukertort_Opening Zukertort_Opening_Queens_Gambit_Invitation,
02QKi,7r/pp6/4kN1R/4P3/n1pP2P1/P1n5/2PB4/1K6 w - - 0 35,d2c3 a4c3 b1b2 c3a4 b2c1 h8h6,1999,75,80,67,crushing endgame long,https://lichess.org/5CLkne5V#69,,
02QOT,8/2K5/4k3/4p2p/4P2P/8/8/8 w - - 4 59,c7d8 e6d6 d8e8 d6c5 e8e7 c5d4 e7f6 d4e4,1370,75,100,356,endgame,https://lichess.org/un1lKWT6#117,,
02QP1,5r2/3bp1kn/5qp1/pp6/3R4/1P2N1QP/P5P1/1B4K1 b - - 0 33,f6d4 g3g6 g7h8 g6h7,882,85,95,155,mate mateIn2 middlegame short,https://lichess.org/0Cy7Jii3/black#66,,
02QUU,4k3/4bppp/pp6/4P3/P2PP3/6P1/5K1P/2B5 w - - 3 28,f2e3 e7g5 e3e2 g5c1,803,78,100,750,advantage bishopEndgame endgame short skewer,https://lichess.org/PlABSQej#55,,
02QUs,6k1/pp3ppp/2p1b3/8/2PR4/3P2PP/P5BK/4r3 b - - 0 29,e1e2 d4d8,683,97,79,291,backRankMate endgame master mate mateIn1 oneMove,https://lichess.org/hGveZozN/black#58,,
02QVn,2k1r2r/ppP3pp/8/1N1n4/3P1B2/5P1P/qP3P2/n1QK1B1R w - - 0 22,f1c4 a2a4 b2b3 a1b3,1707,84,69,26,advantage middlegame short,https://lichess.org/eKLSRrV1#43,,
02QW9,4nk2/Q5p1/1p4qp/3p4/3P4/2P2bP1/PP3P1P/4R1K1 w - - 3 33,e1e3 g6b1 e3e1 b1e1,838,98,97,1104,endgame mate mateIn2 short,https://lichess.org/Q7nqfr2R#65,,
02QYB,r3k2r/pp3ppp/2n1p3/2bnP3/Q1Bp4/P4NB1/1q3PPP/RR4K1 b kq - 1 15,d5c3 a4c6 b7c6 b1b2,1535,75,96,19090,advantage middlegame short,https://lichess.org/vsy6EfAv/black#30,French_Defense French_Defense_Advance_Variation,
02QZH,8/P7/1BB5/8/4pppk/8/5PPK/r7 w - - 3 70,a7a8q g4g3 f2g3 f4g3,1208,86,67,97,endgame master mate mateIn2 short,https://lichess.org/CRn9m6mK#139,,
02Qd3,5rk1/n6p/6p1/pPp1p3/2P1P2q/2N5/5P1P/5QRK w - - 3 26,f1e2 f8f2 g1g2 f2e2,1176,75,100,174,crushing endgame short,https://lichess.org/ObuNlABI#51,,
02QgP,8/p7/2PRp3/5k1p/1P3p2/P2KpP2/1B4rP/8 b - - 2 38,g2b2 c6c7 b2d2 d3c3 d2d6 c7c8q,1661,79,70,69,advancedPawn advantage endgame long promotion rookEndgame,https://lichess.org/4sBkYXcx/black#76,,
02QjW,2r1r3/1p3p1k/1n1q1n1p/p3bP2/P2p1Np1/1P1P2P1/4R1BP/2BQ1RK1 w - - 4 23,g2b7 c8c1 d1c1 e5f4 c1f4 d6f4 f1f4 e8e2,2032,77,94,9869,advantage master middlegame veryLong,https://lichess.org/N7tB5v4h#45,,
02Qq3,8/1p6/8/p5pp/Pk6/1P4PP/2K5/8 w - - 0 41,g3g4 h5h4 c2b2 b4c5 b2c3 c5d5 b3b4 a5b4,2872,106,81,174,crushing endgame pawnEndgame quietMove veryLong,https://lichess.org/12ZVsGrl#81,,
02QrB,2r3k1/p5p1/6p1/b2r1p2/P4P2/1R1BP3/4K3/1R6 b - - 1 36,c8d8 d3c4 g8f8 c4d5,1126,77,83,378,advantage endgame pin short,https://lichess.org/wKkkFpB5/black#72,,
02Qrx,8/2R3P1/5k1K/8/1r6/8/8/8 w - - 0 55,g7g8q b4h4,689,97,95,639,endgame mate mateIn1 oneMove queenRookEndgame,https://lichess.org/BnEBDRWb#109,,
02QwM,r4rk1/1p2ppbp/pq1pbnp1/8/2P1P2Q/2N3P1/PP3PBP/1RBR2K1 w - - 1 14,b2b3 f6g4 c3d5 b6f2,1644,76,28,96,crushing kingsideAttack middlegame short,https://lichess.org/vX1F7JcH#27,English_Opening English_Opening_Symmetrical_Variation,
02Qwi,r1b2rk1/2qn1ppp/8/2p1p1N1/1p6/1B6/1PP1QPPP/3R1RK1 b - - 0 18,c8a6 d1d7 c7d7 e2e4 g7g6 b3f7 f8f7 e4a8,2620,95,73,332,advantage deflection kingsideAttack middlegame sacrifice veryLong,https://lichess.org/FQeb6mVH/black#36,Philidor_Defense Philidor_Defense_Lion_Variation,
02R1e,5rk1/Q4ppp/3p4/1N2p1b1/4P3/5q1P/PPP2P2/1K1R3R w - - 0 20,d1d6 f3h1 d6d1 h1d1,959,87,92,266,hangingPiece mate mateIn2 middlegame queensideAttack short,https://lichess.org/qNsaoMal#39,,
02R28,2Q2r2/6kp/3P4/pN1Qp2q/2P1P3/P3brPp/6bP/R3R1K1 w - - 1 32,e1e3 f3f1 a1f1 f8f1,1203,77,84,528,kingsideAttack mate mateIn2 middlegame operaMate short,https://lichess.org/QuPc7btg#63,,
02R7z,6k1/1p3p2/4b3/p2pP3/P2Q4/1B2p3/1P2K1PP/2q5 b - - 1 30,e6g4 d4g4 g8f8 g4d4,1802,74,82,77,endgame,https://lichess.org/APc6zT5S/black#60,,
02R8D,3r4/p7/1p6/8/P4pk1/2N2Np1/1P4P1/5K2 b - - 9 41,d8d3 f3e5 g4f5 e5d3,859,80,30,93,crushing endgame fork short,https://lichess.org/4dudtMzO/black#82,,
02REf,r3k2r/pp2bpp1/1np1p2n/q2pP2p/N2P3P/1Q2BPP1/PPP5/2KR2NR w kq - 7 14,e3d2 a5a4 b3a4 b6a4,1391,75,88,161,advantage middlegame short,https://lichess.org/jEFqGUYi#27,Caro-Kann_Defense Caro-Kann_Defense_Advance_Variation,
02RFx,4rr1k/1p4pp/p7/8/6Q1/1Bb5/PP3PPP/6K1 w - - 0 26,h2h4 e8e1 g1h2 c3e5,921,79,96,677,crushing endgame short,https://lichess.org/E52r65nO#51,,
02RJ2,1rr2k2/2q5/3p1p2/p3b1p1/2BpPp1R/PP1P1P1P/2PQ1K2/6R1 b - - 0 26,g5h4 g1g8 f8e7 g8g7,1058,82,93,2217,advantage middlegame short,https://lichess.org/Q13LMaJo/black#52,,
02RJH,7k/5pp1/7p/Q3n3/5q2/2P3RP/P4PPK/1r6 b - - 2 36,f4f2 a5a8 h8h7 a8e4 g7g6 e4b1,1923,75,84,199,advantage endgame fork long,https://lichess.org/TQKEWvKX/black#72,,
02RRF,4r1k1/5p2/p1p2bpp/P1Bp4/1P1P1P2/6P1/3KB2P/8 b - - 1 36,f6e7 e2a6 e7c5 d4c5,1805,103,57,30,advantage endgame short,https://lichess.org/u92xFZ6j/black#72,,
02RSU,r1r3k1/p4ppp/8/4P3/3PQnq1/5N2/P4PPP/R4RK1 w - - 5 22,g2g3 f4h3 g1g2 g4e4,1231,75,85,601,advantage discoveredAttack kingsideAttack middlegame short,https://lichess.org/eXIaFHkh#43,,
02RYC,r4rk1/1p3pp1/p3bn1p/2q1p3/3nP3/P1BB2QP/1PP3PN/R4RK1 w - - 2 19,f1f6 d4e2 g1f1 e2g3,1061,80,93,422,crushing discoveredCheck doubleCheck kingsideAttack middlegame short,https://lichess.org/2W71P5BQ#37,,
02Ra0,r1b2b1r/ppNp1k1p/2n2p2/8/8/5N2/PqP1PPPP/R2QKB1R w KQ - 1 10,c7a8 f8b4 f3d2 b4d2 d1d2 b2a1,1442,77,94,28850,advantage long middlegame,https://lichess.org/cZU1eXrX#19,Englund_Gambit_Complex Englund_Gambit_Complex_Englund_Gambit,
02Rb5,3q2k1/2pb1p2/3p4/3Pp2R/p3P1P1/4QP2/1K1p1N2/r7 b - - 7 35,d2d1q f2d1 a1d1 b2c2,2286,76,87,205,advantage middlegame short,https://lichess.org/nrAiipw1/black#70,,
02Rqq,5rk1/2R5/p2r3p/3p1bp1/3P4/1P3P2/P5PP/4R1K1 b - - 0 25,f8c8 c7c8 f5c8 e1e8 g8g7 e8c8,917,77,97,918,advantage endgame exposedKing fork long,https://lichess.org/s6KXDjky/black#50,,
02Rt2,r1b2r2/pp2p1qp/1k2p3/2n5/1P1N4/5B2/P1P3P1/1K1R2Q1 b - - 0 28,b6c7 d4b5 c7b8 g1c5,2119,81,91,1989,advantage discoveredAttack master middlegame short,https://lichess.org/ROr3oq86/black#56,,
02Ruw,3Q4/p1p2pk1/B4p1p/8/5B1q/2P1n3/PP3bK1/R7 w - - 4 31,f4e3 h4g3 g2f1 f2e3 f1e2 g3f2,2041,78,67,67,advantage endgame fork intermezzo long,https://lichess.org/FH7vOzxx#61,,
02RwK,r5k1/p4p1p/RP4pQ/3pP3/2p5/2P4P/1q3PP1/6K1 b - - 1 27,b2b5 a6a7 a8a7 b6a7 b5a5 h6e3,1677,75,80,1060,advancedPawn crushing defensiveMove endgame long,https://lichess.org/syD2Py3b/black#54,,
02Rzn,8/7p/7p/4p2k/4P2P/5KP1/8/8 w - - 1 48,f3g2 h5g4 g2f2 g4h3 f2f3 h6h5 f3f2 h3h2,1957,78,91,879,crushing endgame pawnEndgame quietMove veryLong zugzwang,https://lichess.org/Ta7npLSD#95,,
02S2A,4r2k/pp5n/1q3n2/2rpPQ2/8/2N2P2/PP4PP/2KR3R w - - 0 26,e5f6 e8e2 f5c2 e2c2,2156,78,83,524,advantage master middlegame pin queensideAttack short,https://lichess.org/qijsvGYG#51,,
02S4F,5R2/1r4p1/1r2p1p1/2pp2kp/8/3K4/8/6R1 b - - 1 41,g5h6 f8h8,751,105,96,682,endgame mate mateIn1 oneMove rookEndgame,https://lichess.org/KqqpuZh2/black#82,,
02S6B,4rrkb/2p5/p2p2BP/3P2B1/1p1n4/5q2/PPPQ4/1NK3R1 w - - 1 29,g6e8 d4e2 d2e2 f3e2 g5d2 h8g7,2331,78,87,88,crushing fork long middlegame,https://lichess.org/fsZPVkMV#57,,
02S9F,8/8/2p3p1/1kP2P2/1P1pp3/1K1P1P2/8/8 b - - 0 36,g6f5 d3e4 f5e4 f3e4,1706,79,90,290,crushing endgame pawnEndgame short,https://lichess.org/Vz9dS9uV/black#72,,
02SDA,r2q1r1k/1bpnpp2/pp1p1n2/4P1QP/3P4/2NB4/PPP2PP1/R3K2R b KQ - 0 15,f8g8 g5h6 f6h7 h6h7,1061,80,87,563,kingsideAttack mate mateIn2 middlegame short,https://lichess.org/mQUePY13/black#30,Modern_Defense Modern_Defense_Two_Knights_Variation,
02SG5,r2q3k/3b1prQ/2pp1Nn1/ppnPp3/2P1P1P1/2N2P2/PP6/R3KB1R b KQ - 0 20,g7h7 h1h7,1142,95,60,132,arabianMate kingsideAttack mate mateIn1 middlegame oneMove,https://lichess.org/N045WQfA/black#40,,
02SGK,4k3/2P2p2/b2K1P2/P6p/5P1P/8/8/8 b - - 0 46,a6c8 d6c6 c8a6 c6b6 e8d7 b6a6,1384,76,95,4123,bishopEndgame crushing endgame long,https://lichess.org/uv9JGJbS/black#92,,
02SNn,4r3/7k/6pp/2P2b2/1p1Q4/1P3p1P/P5P1/4rBK1 w - - 0 37,g2f3 f5h3 g1h2 h3f1,1477,74,88,3565,advantage endgame pin short,https://lichess.org/jVajhVF7#73,,
02SQK,1r2r1k1/3nbppp/p1q1p3/3pR2Q/3B4/3B4/PPP2PPP/R5K1 b - - 9 19,g7g6 h5h7 g8h7 e5h5 h7g8 h5h8,1892,76,93,9672,attraction kingsideAttack long mate mateIn3 middlegame operaMate pin sacrifice,https://lichess.org/cFnIZHq6/black#38,Sicilian_Defense Sicilian_Defense_Taimanov_Variation,
02SQO,k1r5/1p3pQ1/4p2p/p1q4P/5P2/6P1/PP6/1K1R4 w - - 1 33,g7h7 f7f5 a2a3 c5c2 b1a2 c2d1,1757,75,82,136,crushing endgame fork long quietMove,https://lichess.org/epjwWUlC#65,,
02SQb,3r3k/p5p1/1p2Qpqp/P2r1N2/3P4/6B1/1P4P1/4R2K w - - 2 36,f5e7 d5h5 h1g1 g6g3,1728,78,91,2429,crushing middlegame short,https://lichess.org/TWLgnfxm#71,,
02SWp,Q7/6pk/7p/6PP/8/pq6/5PK1/8 b - - 0 39,a3a2 g5g6,1217,85,92,2258,endgame master mate mateIn1 oneMove queenEndgame,https://lichess.org/xVDdlOJW/black#78,,
02SY5,r1b2rk1/pp1p1ppp/1b3q2/3N4/1P2P3/P4P2/6PP/R2QKB1R b KQ - 1 15,f6g6 d5e7 g8h8 e7g6,817,92,81,151,crushing fork middlegame short,https://lichess.org/pwoE1ikH/black#30,Sicilian_Defense Sicilian_Defense_Old_Sicilian,
02SYj,2r2rk1/1b2bppp/pNq1pn2/1pp5/2PP4/4P3/PB2BPPP/2RQ1RK1 w - - 2 18,b6c8 c6g2,798,78,74,99,kingsideAttack mate mateIn1 middlegame oneMove,https://lichess.org/gSNu1l87#35,English_Opening English_Opening_Anglo-Indian_Defense,
02SbW,4r3/ppp3pk/5p1p/8/1n1q1P2/P2p4/6PP/1Q1R1R1K b - - 0 32,b4c2 b1c2 d3c2 d1d4,1139,82,94,186,advantage endgame short,https://lichess.org/TxQcrT8H/black#64,,
02SdK,8/3k4/BP4p1/6Pp/p3p1pK/Pb2P3/5P2/8 b - - 2 59,d7c6 a6b5 c6b5 b6b7,2207,78,86,155,advancedPawn bishopEndgame crushing endgame master sacrifice short,https://lichess.org/4fCdaNzS/black#118,,
02Shy,r4rk1/2q1b2p/p1p5/4P1B1/Pp1p2b1/3P2N1/2P3pP/R1Q1R1K1 b - - 0 23,f8f1 g3f1 g2f1r e1f1,1890,77,84,114,advantage middlegame short,https://lichess.org/uumqtFQC/black#46,,
02Smp,2r2rk1/pb1nqpp1/1p5p/3p1B2/3Pn3/2N2N2/PPQ2PPP/2R2RK1 w - - 0 16,c3d5 b7d5 c2c8 f8c8 c1c8 d7f8,1633,75,94,1623,advantage defensiveMove hangingPiece long middlegame,https://lichess.org/8Y21K9hF#31,Queens_Gambit_Declined Queens_Gambit_Declined_Three_Knights_Variation,
02SpU,6k1/ppKP3R/8/1P5p/P4P2/2p5/7P/3r4 w - - 1 50,h7e7 c3c2 c7b7 c2c1q,1042,83,89,909,advancedPawn crushing endgame master promotion rookEndgame short,https://lichess.org/mr645TDS#99,,
02Sw6,3r4/3p3R/3Pk1p1/3NPn2/ppr2P2/3R4/PK6/8 b - - 7 40,c4d4 d5c7,1616,82,71,406,endgame mate mateIn1 oneMove,https://lichess.org/lJK75NTE/black#80,,
02Sxe,rn3rk1/1bp2pp1/p3p2p/1p1q4/3PN3/3BP1P1/PPQ2PP1/2R1R1K1 w - - 2 18,e4c3 d5g2,572,82,100,207,kingsideAttack mate mateIn1 middlegame oneMove,https://lichess.org/yrAN3qLN#35,Queens_Gambit_Accepted Queens_Gambit_Accepted_Other_variations,
02Syq,r3k2r/ppp2pp1/2p5/2b1q2p/2B1P1n1/2N5/PPPPQPP1/R1B2RK1 w kq - 2 11,e2f3 e5h2,924,102,95,360,mate mateIn1 middlegame oneMove,https://lichess.org/QcpeCroK#21,Russian_Game Russian_Game_Stafford_Gambit,
02Syu,3r2k1/5p1p/p4np1/1p3b2/1P5P/P1R2B2/4RPP1/1qQ3K1 w - - 6 29,f3b7 d8d1 c1d1 b1d1,908,167,100,29,middlegame,https://lichess.org/oRHz8Odd#57,,
02T16,3r2k1/5rp1/7p/4Q3/P1P1p1qP/1PB2bp1/5P1K/R5R1 w - - 0 34,g1g3 g4h4 g3h3 h4f2,1184,80,93,1296,mate mateIn2 middlegame short,https://lichess.org/ffC1B9nT#67,,
02T47,r3k1nr/pp1qppbp/2p3p1/4B3/3P4/2N2Q2/PPP3PP/R3R1K1 b kq - 4 14,g8f6 e5f6 g7f6 f3f6,1091,76,99,3418,advantage master middlegame pin short,https://lichess.org/mZBTonHp/black#28,Pirc_Defense Pirc_Defense_Other_variations,
02T4U,5rk1/p4pp1/qp1R4/2pN3p/5Q2/5PPb/PP3K1P/R1B5 w - - 7 30,f4h4 a6f1 f2e3 f8e8,1079,103,85,44,crushing middlegame short,https://lichess.org/DstrnDEG#59,,
02T4Z,1k3b1r/Bpp2ppp/3r4/8/6B1/3n3P/qP3PP1/2R1QRK1 b - - 0 19,a2a7 e1e8 d6d8 e8d8,611,95,95,482,mate mateIn2 middlegame queensideAttack short,https://lichess.org/Gth3X5g4/black#38,,
02T7b,8/2k5/1b1p1p2/p1PQ1P2/1p1PP3/1P5q/6R1/5R1K w - - 8 39,g2h2 h3f1,783,80,98,1426,endgame hangingPiece mate mateIn1 oneMove,https://lichess.org/jZFA17Eq#77,,
02TAY,4r1k1/5pp1/pp5p/2nRB3/8/2P2P2/PP4PP/6K1 w - - 0 30,g1f2 e8e5 d5e5 c5d3 f2e3 d3e5,1197,101,38,70,advantage attraction endgame fork long sacrifice,https://lichess.org/JBtmCnXN#59,,
02TFJ,8/p5p1/4p2p/3p1k2/1n3P2/1B3KP1/P6P/8 b - - 4 42,b4d3 b3c2 f5f6 c2d3,1390,75,98,3725,crushing endgame pin short,https://lichess.org/HUTx6f3z/black#84,,
02TGR,8/5pk1/R4pp1/8/8/2P1Q1Pr/1P3PK1/3q4 w - - 0 37,g2h3 d1h1 h3g4 h1h5 g4f4 h5f5,1951,84,91,1273,endgame long mate mateIn3 swallowstailMate,https://lichess.org/M1Lrs8jb#73,,
02THe,3rrR1k/8/p4P1p/1p2BB1b/1P3P2/2PP4/p1NK4/8 b - - 1 36,e8f8 f6f7,806,86,84,506,advancedPawn discoveredAttack discoveredCheck endgame master mate mateIn1 oneMove,https://lichess.org/57RBWuvi/black#72,,
02TJh,4r3/8/8/1Pp5/2P2pk1/5Np1/1K6/5R2 w - - 2 49,b2c2 g3g2 f1f2 g4g3 f2g2 g3g2,2149,83,91,762,advancedPawn crushing endgame long master masterVsMaster,https://lichess.org/GTSfm4g9#97,,
02TK0,5r2/4pkn1/3pqp2/p3P3/6R1/2PQ3P/Pr4P1/5R1K b - - 0 31,d6e5 d3g6 f7g8 g6g7,909,77,100,385,mate mateIn2 middlegame short,https://lichess.org/RsfkBelB/black#62,,
02TLp,8/8/5p2/1p5p/2k1Kp2/P5P1/7P/8 w - - 0 36,g3f4 c4b3 e4f5 b3a3 f5f6 b5b4 f6e7 b4b3 f4f5 b3b2 f5f6 b2b1q,1195,80,94,2063,advancedPawn crushing endgame pawnEndgame promotion quietMove veryLong,https://lichess.org/DyHiMp0u#71,,
02TNi,r3k2r/4q1bp/b1p2ppn/p3p3/Pp2P2B/1P3N2/NPQ2PPP/R4RK1 b kq - 2 17,a6f1 c2c6 e7d7 c6a8,1091,82,91,164,advantage fork master middlegame short,https://lichess.org/6zMqSIJ8/black#34,Zukertort_Opening Zukertort_Opening_Kingside_Fianchetto,
02TNz,3R1rk1/Q4p1p/8/4pp2/2B5/2P5/PP5q/2K5 b - - 0 25,f8d8 a7f7 g8h8 f7f6,1291,197,55,12,endgame mate mateIn2 short,https://lichess.org/jK4CqseT/black#50,,
02TQx,6k1/5pp1/7p/2N5/2R1N3/5nPK/5P1P/6r1 w - - 9 39,h3g4 f3e5 g4f4 e5c4,1122,80,94,2781,advantage endgame fork master short,https://lichess.org/VAu9yiEn#77,,
02TTi,r1b1k2r/ppp2pp1/2p2n2/2b1N2p/3qP3/2N4P/PPPP1PP1/R1BQK2R w KQkq - 1 8,e5f3 d4f2,943,105,95,190,attackingF2F7 mate mateIn1 oneMove opening,https://lichess.org/8KhlxK23#15,Russian_Game Russian_Game_Three_Knights_Game,
02TUT,5r2/ppp1Nppk/8/1P6/5Bq1/3RQ3/b6p/7K b - - 5 32,f8e8 e3h3 g4h3 d3h3,1354,84,84,2146,anastasiaMate master mate mateIn2 middlegame short,https://lichess.org/VGyhkvZ7/black#64,,
02Tdb,r3k2r/1p4b1/pN1p4/2pPq3/2P1PpQ1/8/PP3P2/R3KB2 b Qkq - 0 20,e5b2 g4e6 e8f8 b6d7,1817,82,88,234,cornerMate mate mateIn2 middlegame short,https://lichess.org/jsgM2D7G/black#40,,
02TfH,rnbqk2r/pp2bp2/2p1p1Bp/3pN2Q/3P1P2/8/PPPN1PPP/R3K2R b KQkq - 0 10,f7g6 h5g6 e8f8 g6f7,1087,78,89,528,mate mateIn2 middlegame short,https://lichess.org/D1yWUKjK/black#20,Queens_Pawn_Game Queens_Pawn_Game_Accelerated_London_System,
02TnW,r4rk1/1q3ppp/p2R4/1p2B3/4b3/7P/PP2QPP1/2R3K1 b - - 0 20,e4g2 e2g4 f7f6 d6d7 b7d7 g4d7,2089,86,91,994,crushing long middlegame,https://lichess.org/HA5NeqFC/black#40,,
02Tnf,1r4k1/5p1p/R5p1/2pP2q1/Q2bP3/8/6PP/4R2K w - - 0 35,d5d6 b8b2 a6a8 g8g7 a4d4 c5d4,1835,75,90,189,crushing defensiveMove endgame long,https://lichess.org/V12cF6TF#69,,
02Tte,r2q2k1/pp4p1/2n5/3p1r2/1P1P3p/P1N2p1K/4NPP1/R2Q1R2 w - - 0 22,g2f3 f5f3 h3g2 d8g5 g2f3 a8f8 e2f4 f8f4,2159,85,89,148,advantage exposedKing middlegame sacrifice veryLong,https://lichess.org/Y0ZiY8y9#43,,
02TvL,2k4r/p1p3q1/P4p2/2p5/Q1NP4/2P2K1P/6p1/R7 w - - 0 28,a1g1 h8h3 f3e2 g7g6 c4d6 c8d8 a4e8 g6e8 d6e8 d8e8 g1g2 h3c3,3099,140,89,987,crushing endgame exposedKing quietMove veryLong,https://lichess.org/AKOqTJ2s#55,,
02TwA,5r1k/7p/6p1/ppqB4/3NQpb1/2P5/PP4KP/8 b - - 1 31,g4f5 e4e5 f8f6 e5f6,1557,240,83,6,endgame mate mateIn2 short,https://lichess.org/gCsKmVUS/black#62,,
02TxK,8/6pk/6qp/1p6/2p1PQP1/5P2/5K1P/8 w - - 0 43,f4b8 g6c6 e4e5 c4c3 b8d6 c6c8,2792,111,88,1190,crushing endgame long queenEndgame,https://lichess.org/evK83R4k#85,,
02U15,3rkbnr/pp1b1ppp/2n5/2pBP3/4NP2/5N2/PP4PP/R1B1K2R b KQk - 6 12,g8e7 e4d6,1077,77,97,3393,mate mateIn1 oneMove opening smotheredMate,https://lichess.org/ja0lqoSv/black#24,Caro-Kann_Defense Caro-Kann_Defense_Other_variations,
02U1f,8/8/pp1k1pp1/3P1p1p/PP1K1P2/6P1/6P1/8 b - - 1 35,g6g5 d4c4 b6b5 a4b5 a6b5 c4b5,2250,90,80,47,crushing endgame long pawnEndgame zugzwang,https://lichess.org/AozXKIwp/black#70,,
02U1n,7N/pp4pp/3Q1n2/8/6p1/2P1rk2/PP6/5K2 w - - 3 36,d6h2 f6e4 h2g2 f3f4 g2c2 e4g3 f1g1 e3e1 g1f2 e1e2 c2e2 g3e2,2190,86,90,90,advantage endgame exposedKing fork veryLong,https://lichess.org/hudvYruS#71,,
02U27,2r3k1/p4ppp/3r1n2/2b3B1/Q7/6P1/PPB1qP1P/R4RK1 w - - 7 24,a1e1 c5f2 f1f2 e2e1,1139,75,99,721,advantage deflection fork middlegame short,https://lichess.org/QtxKYi0C#47,,
02U5p,2r3k1/5ppp/2R5/p2B4/1p3P2/1P1b2P1/q2P1P1P/4Q1K1 b - - 0 25,c8c6 e1e8,848,88,81,97,endgame mate mateIn1 oneMove,https://lichess.org/wzA0aQVv/black#50,,
02U6g,8/1p1b3k/p3p3/3pP1Bp/1P1n2r1/P7/3R2BK/6R1 w - - 0 33,g2h3 d4f3 h2h1 g4g1,1235,76,86,391,arabianMate fork mate mateIn2 middlegame short,https://lichess.org/PojDFGyw#65,,
02U6o,8/6R1/3Pk1p1/3r4/2K5/6P1/8/8 b - - 16 54,d5d6 g7g6 e6e5 g6d6 e5d6 c4d4 d6e6 d4e4 e6f6 e4f4 f6g6 f4g4,1569,79,93,1825,crushing defensiveMove endgame rookEndgame veryLong zugzwang,https://lichess.org/uJwAK8ER/black#108,,
02UA3,4r1k1/p2b1pp1/1p1q1n1p/2pp4/5P2/1NP2Q1P/PP2r1P1/2RR1NK1 b - - 3 25,e8e3 f1e3 e2e3 f3e3,1142,88,93,383,advantage middlegame short,https://lichess.org/iaFvPtoD/black#50,,
02UDX,6r1/2p2p1k/1p2nr1p/pPb1p3/P1P1P3/3P2PP/R4PK1/3Q2R1 w - - 3 30,d1h5 e6f4 g2h2 f4h5,1608,76,91,314,crushing middlegame pin short,https://lichess.org/uN6HuCx6#59,,
02UDs,r4r1k/5p1p/p5pP/3pqN2/1P4Q1/P4R2/2P3P1/7K b - - 0 28,f8g8 f5d6 g8f8 d6f7 f8f7 f3f7,2486,80,79,125,advantage endgame fork long,https://lichess.org/FYXMD5yE/black#56,,
02UFP,r1b3k1/pp3rpp/8/2ppp1B1/3n3P/P1qB2Q1/2P2PP1/1R1K3R b - - 1 18,c5c4 d3h7 g8h7 g3c3,1149,80,94,20795,advantage discoveredAttack middlegame short,https://lichess.org/Nw1ZVsBg/black#36,French_Defense French_Defense_Winawer_Variation,
02UIb,r3kr2/ppp1qNpp/1b6/3BPb2/3nQ3/8/PPP2PPP/RNB2RK1 w q - 1 12,e4f4 d4e2 g1h1 e2f4,913,77,86,184,middlegame,https://lichess.org/MpooID0b#23,Kings_Pawn_Game Kings_Pawn_Game_Busch-Gass_Gambit,
02ULn,6k1/2p4p/p4Q2/1pq5/4K3/8/PP5P/8 b - - 8 41,c5d6 f6d6 c7d6 e4d5,1457,77,95,3638,crushing endgame queenEndgame short,https://lichess.org/oasHMu78/black#82,,
02UN2,8/8/3k4/8/p3R2r/P2K4/1P6/8 b - - 8 56,h4e4 d3e4 d6c5 e4e5 c5c4 e5d6,2398,82,79,114,crushing defensiveMove endgame long zugzwang,https://lichess.org/49fy2GPo/black#112,,
02UNP,8/3Q1pkp/6p1/1p6/4NP2/4q1P1/1p4BP/2r3RK w - - 1 36,e4g5 e3g1,532,84,100,196,endgame mate mateIn1 oneMove,https://lichess.org/qVd6ACrg#71,,
02UNs,r2q2k1/pb3rbp/1p2Q1p1/3N2p1/8/5P2/PPP2P1P/3RR1K1 b - - 1 17,d8e8 e6e8 a8e8 e1e8,1409,77,79,149,advantage kingsideAttack middlegame short,https://lichess.org/b43dHOzp/black#34,Modern_Defense Modern_Defense_Other_variations,
02UQl,2kr3r/2p1qpb1/p1n5/1p2P2p/5BnP/N1P2Q2/PP4P1/2KR1B1R b - - 0 18,c6e5 f3a8,909,75,100,314,mate mateIn1 middlegame oneMove,https://lichess.org/IkKOr48X/black#36,Kings_Gambit_Accepted Kings_Gambit_Accepted_Rosentreter_Gambit,
02UTq,8/1P6/2n5/p1Pp4/P4K2/7k/8/8 b - - 1 62,d5d4 f4e4 h3g4 e4d5 d4d3 d5c6,1260,77,78,114,crushing endgame knightEndgame long,https://lichess.org/MT9qBX4Z/black#124,,
02Ub5,7Q/2r1kbR1/p2p4/1p6/3BP3/5P2/PPPq4/1K6 w - - 6 36,g7g1 d2c2 b1a1 c2c1 g1c1 c7c1,961,79,65,102,endgame long mate mateIn3 sacrifice,https://lichess.org/6uSWTYN4#71,,
02Ub7,2r2nk1/pb4pp/1p2p3/3pP1q1/3P4/1P3QP1/P2N2B1/5RK1 b - - 1 23,b7a6 f3f7 g8h8 f7f8 c8f8 f1f8,1223,79,88,704,backRankMate deflection long mate mateIn3 middlegame,https://lichess.org/lzeuazSX/black#46,,
02Uju,8/1pp2pk1/p4Np1/4P1K1/1Pr5/r1P4R/8/8 b - - 5 41,a3c3 h3h7 g7f8 h7h8 f8e7 h8e8,1729,76,96,4383,endgame hookMate long mate mateIn3,https://lichess.org/gTC1F0td/black#82,,
02Ulp,8/1p5p/p1p2kp1/2q2p2/1PPp4/4rPP1/P6P/2RQ1K2 b - - 0 31,c5b4 d1d4 f6f7 d4e3,844,97,92,665,crushing endgame fork short,https://lichess.org/o7UH3u5E/black#62,,
02Unb,2kr3r/pp1n1pp1/2P1p1b1/2Pn4/P2P1q1p/1Q3N2/4BPPP/R4RKN b - - 0 18,b7c6 e2a6 c8c7 b3b7,968,78,72,94,mate mateIn2 middlegame queensideAttack short,https://lichess.org/OmWgffQK/black#36,Caro-Kann_Defense Caro-Kann_Defense_Classical_Variation,
02Uy9,1r4k1/1r4b1/2p5/q1PpppNp/P2P2p1/4P1PP/2Q2KP1/RR6 w - - 0 29,c2f5 b8f8 f5f8 g7f8,2301,79,75,134,advantage middlegame pin short,https://lichess.org/p2HhZtaC#57,,
02V04,2kr2nr/Qpp1q3/5ppb/5b2/4NP2/3P2P1/PPn3BP/R1B2RK1 b - - 0 14,c2a1 e4c5 e7c5 a7c5,1846,77,18,122,advantage middlegame short,https://lichess.org/uGzLRjd5/black#28,Kings_Gambit_Declined Kings_Gambit_Declined_Falkbeer_Countergambit,
02V0C,1rb2k2/p1p1q1pp/1p3p2/7Q/2B5/8/PP4PP/3R2K1 b - - 3 23,h7h6 d1d8 e7d8 h5f7,1010,76,100,137,endgame mate mateIn2 sacrifice short,https://lichess.org/I1D7DRKA/black#46,,
02V2D,6k1/2q2p2/Q5pp/3p4/3P4/4P1P1/Prp2P1P/2R3K1 w - - 0 30,g1g2 b2b1 c1c2 c7c2,1160,75,83,379,crushing endgame short,https://lichess.org/R4S9ofZ8#59,,
02V2j,3r2k1/pp1PRpp1/2p2nq1/8/3Q4/6Np/PPP3PP/6K1 w - - 1 25,d4f6 g6f6 e7e8 g8h7,1804,75,95,3600,crushing endgame hangingPiece short,https://lichess.org/G5htyFc4#49,,
02V43,8/6pk/p2n1pr1/3P2q1/P3Pb1p/1P3Q1P/1BR2PP1/7K b - - 3 30,f4e5 b2c1 g5g2 f3g2 g6g2 h1g2,1962,75,88,719,crushing long middlegame,https://lichess.org/YCxFEkp7/black#60,,
02VAg,r3r1k1/1bqp1pbp/p1n3p1/1pNpP3/3p1B2/P4N2/1PP1QPPP/4RRK1 b - - 5 16,d7d6 e5d6 e8e2 d6c7,1221,75,94,6212,advancedPawn crushing middlegame short,https://lichess.org/zjCos1RM/black#32,Sicilian_Defense Sicilian_Defense_Bowdler_Attack,
02VFf,r1b1kb1r/pppnqppp/2n5/4P1B1/2Bp4/1Q3N2/PP3PPP/RN3RK1 b kq - 2 9,e7b4 c4f7,1048,111,83,38,attackingF2F7 mate mateIn1 oneMove opening,https://lichess.org/nMRlMwhn/black#18,Queens_Gambit_Accepted Queens_Gambit_Accepted_Central_Variation,
02VKl,3r2k1/p2q1pbp/1p4p1/3BPn2/8/1P5P/PB1Q2PK/3R4 b - - 0 29,d7c7 d5f7 g8f7 d2d8 g7e5 b2e5,1607,77,84,313,advantage discoveredAttack kingsideAttack long master middlegame,https://lichess.org/6vZuz1F3/black#58,,
02VMR,1r6/1p1k3p/pR4n1/2p5/6P1/2B4P/P4K2/8 b - - 2 35,d7c7 b6g6 h7g6 c3e5 c7d7 e5b8,1576,99,24,60,advantage endgame long sacrifice skewer,https://lichess.org/KwnoXvA2/black#70,,
02VNy,2r2Q2/3p2qk/p2p2pp/1p6/1P2B3/P7/6PP/7K w - - 0 35,f8c8 g7a1 e4b1 a1b1 c8c1 b1c1,623,88,68,88,backRankMate endgame long mate mateIn3,https://lichess.org/aMhgyWm5#69,,
02VTF,3r1rk1/pp3p1p/2npqp2/4pN2/4P3/2P3Q1/P4PPP/R4RK1 b - - 6 17,g8h8 g3g7,741,104,100,512,mate mateIn1 middlegame oneMove,https://lichess.org/0AnD8r6v/black#34,Sicilian_Defense Sicilian_Defense_Smith-Morra_Gambit_Accepted,
02VaY,r4r2/pp1n2bk/1q1pp1R1/7p/3PP2P/6R1/PPPQB3/2K5 b - - 2 20,g7d4 d2h6,1300,83,93,1763,mate mateIn1 middlegame oneMove,https://lichess.org/2uqcz5Zp/black#40,,
02Ve6,8/2p3p1/3k1p2/p1p2P2/P3KPP1/1P6/8/8 b - - 0 31,c7c6 e4d3 d6d5 g4g5 c5c4 b3c4 d5c5 d3c3,2710,110,88,935,crushing defensiveMove endgame pawnEndgame veryLong zugzwang,https://lichess.org/MmyLq5fM/black#62,,
02VgX,r1bq2k1/5Rb1/pp2p2Q/2ppN3/3P4/3B4/PPP3PP/6K1 b - - 0 24,g7h6 d3h7 g8h8 e5g6,1039,115,94,2335,kingsideAttack mate mateIn2 middlegame short,https://lichess.org/b5TLA8EH/black#48,,
02Vgp,rqr5/5ppk/p3p2p/8/4N2P/2n1BB2/PP3PP1/R3K2R w KQ - 0 21,e4c3 b8b2 e1g1 b2c3,1069,75,88,602,crushing fork middlegame short,https://lichess.org/y6v6hBaU#41,,
02Vhw,2r3k1/pp4pQ/2p2r1p/8/3P2bq/2P5/PPBB2P1/5RK1 b - - 1 26,g8f7 h7g6 f7f8 f1f6 h4f6 g6g4,1909,142,69,32,crushing deflection long master middlegame pin,https://lichess.org/KiIKNK39/black#52,,
02ViO,6k1/pbpp1r1p/2p4P/8/4PN1R/4QKP1/q7/8 b - - 0 30,d7d5 h4g4 g8f8 e3c5 f8e8 g4g8,1497,76,89,3004,crushing endgame long,https://lichess.org/j6cr9Itz/black#60,,
02VkP,r6k/pp2q1pp/3b1n2/2p5/1nP5/1PQ3P1/PB1PrPBP/RN3RK1 w - - 3 20,a2a3 d6e5 a3b4 e5c3,1642,75,72,578,advantage middlegame short,https://lichess.org/OPTp3532#39,,
02Vky,2r1r1k1/1b2npbp/p5p1/6N1/1Bp3n1/N6Q/PPB3PP/1R2q2K w - - 0 27,b1e1 g4f2 h1g1 f2h3,981,144,54,16,crushing fork middlegame short,https://lichess.org/SEx2uDuU#53,,
02Vpj,2r2rk1/1p1b2pp/p2np3/3pQ3/P1q5/2BR1N2/1PP3PP/R6K b - - 2 33,d6f5 g2g4 c4g4 a1g1,2149,80,91,1538,advantage middlegame short,https://lichess.org/8QyWKi3p/black#66,,
02Vpq,5kr1/5pr1/1p1p1q1n/1N1Pp2p/4P3/1NQ2P2/1PP4P/5R1K b - - 4 31,f6g5 c3c8 f8e7 c8c7 e7e8 c7c6,2747,94,84,208,advantage long middlegame,https://lichess.org/ai1lwOek/black#62,,
02Vx1,r2r1bk1/1b5p/pq3Pp1/1p2N1P1/4P2Q/1PPp3P/6K1/R4R2 b - - 0 30,b6e3 f6f7 g8h8 e5g6 h8g7 h4h6,1259,78,93,2100,advancedPawn kingsideAttack long mate mateIn3 middlegame pin,https://lichess.org/ffGvaEfd/black#60,,
02VyL,r4rk1/pb3pp1/4pn1p/1Q2N1q1/4P3/2b4P/PP3PPB/R4RK1 w - - 0 24,b5b7 c3e5 h2e5 g5e5,1360,76,83,385,advantage middlegame short,https://lichess.org/M02MEPUw#47,,
02W3t,1r2r1k1/1p3ppp/p4q2/2p1P3/2Q5/2P2R1P/PP4P1/5RK1 b - - 0 23,f6e5 c4f7 g8h8 f7f8 e8f8 f3f8 b8f8 f1f8,1282,83,76,159,backRankMate endgame mate mateIn4 sacrifice veryLong,https://lichess.org/TofvbPmM/black#46,,
02W4B,5k2/p4p1p/1p4p1/3p4/3P1PP1/4K2P/PP2R3/2r5 b - - 5 29,f8e7 e3d2 e7d6 d2c1,1177,81,82,54,crushing discoveredAttack discoveredCheck endgame master rookEndgame short,https://lichess.org/eQuPoKSR/black#58,,
02W8D,7R/8/8/p7/PpK4p/1P6/5bk1/8 w - - 0 78,h8h4 f2h4 c4b5 h4d8,1255,74,98,2472,crushing defensiveMove endgame hangingPiece master short,https://lichess.org/LcPfwK6u#155,,
02WAN,r3k1r1/1ppq2p1/1b1p2bp/pP6/P2PP1PB/7P/8/RN1Q1RK1 b q - 1 18,g6e4 b1c3 g7g5 c3e4,2028,82,52,49,advantage middlegame short,https://lichess.org/fIDK4IRd/black#36,Kings_Gambit_Accepted Kings_Gambit_Accepted_MacLeod_Defense,
02WG2,1r2r2k/pp2Np1p/6p1/2p1R1Q1/3b4/8/PPP2PK1/3q4 b - - 3 23,d4e5 g5e5 f7f6 e5f6,1153,81,88,1852,endgame mate mateIn2 short,https://lichess.org/CfFEwpmF/black#46,,
02WK5,2r2rk1/pb3pp1/1p2pn1p/3q4/P1NP4/3BP3/2Q2PPP/R4RK1 w - - 1 18,c2e2 d5g2,551,85,100,258,kingsideAttack mate mateIn1 middlegame oneMove,https://lichess.org/nYeQmf7O#35,Nimzo-Indian_Defense Nimzo-Indian_Defense_Samisch_Variation,
02WKM,2k4r/B1p3p1/2Qb3p/5p1q/4p3/2PP3r/PP3PRN/R6K w - - 0 25,c6a6 c8d8 a6d6 c7d6,1665,76,93,314,advantage middlegame short,https://lichess.org/0g27OD38#49,,
02WL4,8/6k1/5R2/4n1KP/6P1/8/8/7r b - - 0 58,h1h5 g4h5 e5f7 g5f5,1935,75,79,160,crushing defensiveMove endgame hangingPiece short,https://lichess.org/3eRi8cGw/black#116,,
02WN6,r4r2/p2bRp1k/1pp2qpp/3p1p2/3P4/1NQ5/PPP2PPP/4R1K1 b - - 3 20,d7e6 e1e6 f6e6 e7e6,1394,77,78,118,advantage middlegame pin short,https://lichess.org/Zf25t6aw/black#40,,
02WPf,8/5pk1/6p1/3P4/3q4/2p3pP/2Pr2B1/2R1Q2K w - - 0 36,e1e4 d2d1 e4e1 d1e1,1125,76,96,1447,crushing endgame master short,https://lichess.org/tmWYXXBL#71,,
02WQZ,5rk1/3P1pbp/q3p1p1/r2p4/1Q3P2/N1P1B3/PP4PP/R5K1 b - - 2 23,a5a4 b4f8 g7f8 d7d8q,1194,84,94,13898,advancedPawn crushing kingsideAttack middlegame promotion short,https://lichess.org/ndRPsVgd/black#46,,
02WQg,6k1/1PQ2p2/6pp/8/8/3q1KP1/6P1/8 w - - 7 50,f3f4 g6g5 f4e5 d3g3,1628,75,100,1178,crushing deflection endgame queenEndgame short,https://lichess.org/rHtewr3D#99,,
02WRE,r2q1bk1/1bpp1p2/p4P1p/1p6/7p/2PQ1N2/PPB2PPP/4R1K1 b - - 0 19,d8f6 d3h7,704,88,80,51,mate mateIn1 middlegame oneMove,https://lichess.org/EeaZXa0h/black#38,,
02WTu,3rr1k1/p3bpp1/2p1q2p/2p1P3/2NpR3/1PnP2QP/P1P2PP1/R1B3K1 w - - 5 21,e4g4 c3e2 g1h1 e2g3,855,103,83,375,crushing fork middlegame short,https://lichess.org/W5Fg3A0t#41,,
02WUJ,8/p2R4/3B2pk/3p1p1p/3bp2q/PP2N3/5P2/6K1 b - - 5 33,d4e3 d6f8 h6g5 f8e7 g5g4 e7h4,1540,132,18,37,advantage endgame long skewer,https://lichess.org/y3EVfN91/black#66,,
02WXt,2k5/1pp2pp1/3r2p1/8/P2K2P1/1P1RPP2/8/8 w - - 6 34,d4e4 f7f5 g4f5 g6f5 e4f5 d6d3,1506,78,93,945,crushing endgame long rookEndgame,https://lichess.org/ooXzqgbl#67,,
02Wbe,8/8/2k5/PR2K1p1/8/5P2/r7/8 w - - 5 57,b5d5 a2e2 e5d4 e2d2 d4e3 d2d5,1059,75,100,579,crushing deflection endgame long rookEndgame skewer,https://lichess.org/VqGqk92B#113,,
02Wc9,2rr4/p4k1p/1p3ppP/8/4p3/P5Q1/1Pn1PP2/2K2B1R w - - 0 23,c1b1 d8d1 b1a2 d1a1 a2b3 c2d4,1429,75,83,423,advantage endgame long queensideAttack,https://lichess.org/on4QSXxp#45,,
02WdN,2r3k1/p4pbp/1p4p1/3N4/8/7P/PP4P1/4R2K b - - 0 31,g7b2 d5e7 g8g7 e7c8,1149,79,80,68,advantage endgame fork short,https://lichess.org/wTZDN4NS/black#62,,
02Wf7,r2qkb2/pp1bpp1p/3p4/3Qp3/2B5/2N5/PPP2PrP/2KR3R b q - 1 12,g2g8 d5f7,450,121,94,777,attackingF2F7 mate mateIn1 middlegame oneMove,https://lichess.org/Y5KH8zPZ/black#24,Sicilian_Defense Sicilian_Defense_Richter-Rauzer_Variation,
02Wga,5r1k/2r3p1/pp1N3p/2p4n/5p2/1B3P1P/PPP4B/R5K1 w - - 2 28,d6e4 c5c4 b3a4 b6b5 a4b5 a6b5,1509,75,95,14138,advantage long middlegame trappedPiece,https://lichess.org/k5PrFjHd#55,,
02WmK,8/8/2p5/P7/kP6/3K1p2/8/8 b - - 1 50,a4b4 a5a6 f3f2 d3e2 b4c5 a6a7,1369,75,95,28044,advancedPawn crushing endgame long pawnEndgame,https://lichess.org/i0UGq6FT/black#100,,
02WmY,r2qk2r/1p3pbp/p1npbnp1/3Np3/4P3/2NB4/PPP2PPP/R1BQK2R b KQkq - 3 11,f6d5 e4d5 e6d5 c3d5 d8a5 d5c3,1514,73,96,23888,advantage defensiveMove fork long opening,https://lichess.org/GQ4qa2uk/black#22,Sicilian_Defense Sicilian_Defense_Sozin,
02Wmm,2kr4/Q6R/2q1p3/1r2Pp2/5P2/2P3Pp/3P3P/1R4K1 w - - 7 38,b1b5 c6g2,961,76,100,477,endgame master masterVsMaster mate mateIn1 oneMove,https://lichess.org/0UoZZrxF#75,,
02Wym,r1b1r1k1/pppn1ppp/8/8/3qNPQ1/6P1/P5BP/R3RK2 b - - 3 18,d7b6 e4f6 g8h8 e1e8,1318,76,92,1156,discoveredAttack kingsideAttack mate mateIn2 middlegame pin short,https://lichess.org/0TIkDyG8/black#36,Kings_Pawn_Game Kings_Pawn_Game_Leonardis_Variation,
02Wzp,8/3R4/p1k5/4p3/1Pn1P3/P7/3Br1r1/2KR4 w - - 2 46,d7d8 c6b5 d8d5 b5a4,2332,112,88,35,advantage defensiveMove endgame short,https://lichess.org/S0TDENkN#91,,
02X2y,r1b4r/ppp1kBpp/2p5/2b4Q/4P2q/2P4P/PP1P1nP1/RNB2RK1 b - - 2 10,f2e4 d2d4 h4h5 f7h5,1551,76,90,72,crushing defensiveMove middlegame short,https://lichess.org/vrV8WK6L/black#20,Russian_Game Russian_Game_Stafford_Gambit,
02X4a,r2q2k1/2RP1ppp/8/p2Q4/Pb1P4/8/5PPP/6K1 b - - 3 26,d8c7 d5a8 b4f8 a8c8 c7d7 c8d7,1899,78,92,716,crushing endgame hangingPiece long,https://lichess.org/3wMXyFZY/black#52,,
02X70,5rk1/5ppp/rn6/2Q3P1/1p5P/qP6/P3R3/1K1R4 b - - 2 27,a3a5 c5f8 g8f8 d1d8,1089,84,94,1063,attraction mate mateIn2 middlegame sacrifice short,https://lichess.org/ZSZSv3ld/black#54,,
02X7P,rn2k2r/ppp2ppp/2q1bp2/1B1p4/1b1P4/1PN1PN2/P1PQ1PPP/R3K2R b KQkq - 4 9,b4c3 b5c6 b8c6 d2c3,903,79,80,207,advantage intermezzo middlegame short,https://lichess.org/OhP83a1u/black#18,Richter-Veresov_Attack Richter-Veresov_Attack_Other_variations,
02XBK,r2q1bnr/pb2p1p1/nk5p/1p6/3PpB2/1QN5/PPP2PPP/2KR3R b - - 1 15,a8c8 b3b5,1665,77,19,196,mate mateIn1 middlegame oneMove,https://lichess.org/56uQJZop/black#30,Caro-Kann_Defense Caro-Kann_Defense_Hillbilly_Attack,
02XD7,3r4/1p3pk1/2n4p/p1P1p3/4P3/2P5/PP1r1RPP/R2B2K1 w - - 5 22,a1b1 d2d1 b1d1 d8d1,560,81,100,105,advantage endgame kingsideAttack short,https://lichess.org/ff8r1JuT#43,,
02XE2,2q3rk/pp2bpp1/n1p4p/5P1Q/1P2NP2/2P5/P6P/6RK b - - 4 27,e7f8 e4g5 c8f5 g5f7 f5f7 h5f7,2075,75,92,1842,advantage kingsideAttack long middlegame pin,https://lichess.org/KBFWBYtp/black#54,,
02XGK,3r1rk1/ppq2ppp/2p1p3/3n2N1/3P1PP1/3QP1K1/PP5P/5R2 b - - 4 26,c7b6 d3h7,399,114,97,460,kingsideAttack mate mateIn1 middlegame oneMove,https://lichess.org/VEFJ1fSR/black#52,,
02XHQ,4k2r/3pq2p/7Q/2p2p2/2N5/2Pp3N/P2K1PPP/n6R w k - 0 23,h1a1 e7e2 d2c1 e2c2,991,88,90,1449,endgame mate mateIn2 short,https://lichess.org/6374wU1e#45,,
02XKt,4rQ1k/6pp/3p4/3P4/8/2P3B1/PP3R2/4qBK1 b - - 2 32,e8f8 f2f8,459,98,93,224,backRankMate endgame mate mateIn1 oneMove,https://lichess.org/ddAfAHvd/black#64,,
02XNl,r1b1rnk1/2q4p/2p2Qp1/p1b5/1pP1p3/1P2PBP1/PB3P1P/3R1RK1 b - - 1 20,e8e6 f6h8 g8f7 h8g7 f7e8 g7c7,1351,75,81,563,crushing long middlegame skewer,https://lichess.org/aHQDi8ab/black#40,,
02XPq,4r2k/5Bpp/p5r1/1p3p2/5q2/P1N5/1PK2PbP/3RQ3 b - - 4 28,e8e1 d1d8 e1e8 d8e8,1140,243,67,8,backRankMate mate mateIn2 middlegame short,https://lichess.org/e74CzZ5g/black#56,,
02XSz,6r1/1p1k1pp1/1pnbpn2/4r2p/1P1N1B2/P1P4P/4BPP1/R3R1K1 b - - 2 22,c6d4 f4e5 d4e2 e1e2 d6e5 e2e5,1345,81,94,11656,advantage long middlegame,https://lichess.org/na5XbolY/black#44,,
02XTM,6k1/5ppp/q3p3/p2B4/P4r2/1P4P1/Q6P/4NK2 w - - 0 32,f1g2 a6f1,954,97,94,280,endgame mate mateIn1 oneMove,https://lichess.org/qOzYVpLu#63,,
02XVK,r2q1rk1/4bpp1/p7/1ppP3Q/2n5/2N1P3/P4PP1/BBR1K3 b - - 0 20,g7g6 b1g6 f7g6 h5g6,1062,81,95,270,crushing kingsideAttack master middlegame short,https://lichess.org/nktiVbT8/black#40,,
02Xg7,6k1/8/p4qp1/2p1N3/Pp1nP3/1P1P4/1KPQ1P1r/5R2 w - - 1 33,e5c4 d4f3 e4e5 f3d2 e5f6 d2f1,1556,76,92,237,advantage discoveredAttack endgame long,https://lichess.org/YcJgw4Zp#65,,
02XhI,2kr3r/1pp2p2/2qp2p1/1N6/PP6/8/2P2QnP/R5K1 b - - 2 23,h8h2 b5a7 c8b8 a7c6 b7c6 g1h2,1499,75,97,4613,crushing fork long middlegame,https://lichess.org/LgivqCbm/black#46,,
02Xkd,1r4nB/3b1k1p/p3pp2/4b3/q3pP2/2P1Q3/PP4PP/3R1RK1 b - f3 0 20,e5c7 e3h3 c7b6 g1h1,2294,104,88,29,crushing defensiveMove middlegame short,https://lichess.org/rzlNWuB0/black#40,,
02Xn2,r3r1k1/pp2qp1p/6p1/3p1b2/P2Bn1P1/3B1Q1P/1P6/4RRK1 b - - 0 19,e4g5 e1e7 g5f3 f1f3 e8e7 g4f5,1691,89,84,42,advantage long master middlegame,https://lichess.org/Uk9AtpiS/black#38,Lion_Defense Lion_Defense_Anti-Philidor,
02XvM,rn3rk1/pbp2ppp/1p2p3/3qNnB1/3P4/2PB4/P1P1QPPP/R4RK1 w - - 1 13,g5f4 d5g2,619,95,77,280,kingsideAttack mate mateIn1 middlegame oneMove,https://lichess.org/3qENz9pp#25,Owen_Defense Owen_Defense_Other_variations,
02XyH,r2q1rk1/pp2bppp/2b1pn2/4N3/3PN3/3B4/PP3PPP/R2QR1K1 b - - 3 13,d8d4 e4f6 e7f6 d3h7 g8h7 d1d4,1308,75,97,5920,advantage discoveredAttack kingsideAttack long middlegame,https://lichess.org/CyCNqXWq/black#26,French_Defense French_Defense_Tarrasch_Variation,
02Y0v,8/3k1pp1/4p1p1/7n/1p1PP2P/pP2KP2/B5P1/8 w - - 0 33,e3d3 h5f4 d3c4 f4g2,742,98,83,207,crushing endgame short,https://lichess.org/SmMVUsd7#65,,
02Y2h,7k/8/5p2/1b2pP2/1P2K3/P2N3r/4B1r1/R3R3 w - - 0 41,e2f3 b5c6 e4e3 h3f3,1806,200,100,5,mate mateIn2 middlegame short,https://lichess.org/jltOox36#81,,
02Y5F,8/6p1/5pNk/r4P1p/3b3P/6P1/3R3K/8 b - - 4 44,d4e5 d2d8 e5g3 h2g3 a5f5 g6e7,2146,83,91,284,crushing endgame long quietMove,https://lichess.org/dgdWuck4/black#88,,
02Y9d,r4r1k/pp3pN1/7p/2PnN3/1n4pP/Pq1PP1B1/1P1Q1PP1/1K1R3R w - - 1 22,g7f5 b3a2 b1c1 a2a1,1073,77,52,88,mate mateIn2 middlegame queensideAttack short,https://lichess.org/tuizsmg8#43,,
02YAB,N4Q2/1p6/p5kp/2P3b1/1P6/P3PKP1/6PP/2q5 w - - 9 35,f3g4 c1d1 f8f3 d1d7 f3f5 d7f5,2134,93,82,107,endgame long mate mateIn3,https://lichess.org/ZTbdOKnl#69,,
02YBE,5bk1/5R2/p6P/1p1q2r1/3p4/2P5/P4QP1/6K1 b - - 2 40,f8c5 h6h7 g8h8 f2f6 g5g7 f6g7,1973,81,92,1292,advancedPawn endgame exposedKing long mate mateIn3,https://lichess.org/pDF2Sv49/black#80,,
02YCM,4rrk1/2p2pbp/1p6/4PbNp/3q1P2/pP1P2NP/P2Q4/2KR3R w - - 0 23,g3f5 d4a1 c1c2 a1b2,1341,76,99,3446,mate mateIn2 middlegame queensideAttack short,https://lichess.org/7FnrYevz#45,,
02YDP,1r4k1/q4pp1/2Q5/1BK1p1B1/1PP5/6P1/5P2/8 w - - 1 47,c5d5 a7d4,1486,88,88,2501,endgame mate mateIn1 oneMove,https://lichess.org/ypb01MKF#93,,
02YEp,r1b5/7p/pp4pk/2qpQn1r/8/PBN2P1P/1PP3P1/3RR2K w - - 3 24,e5d5 f5g3 h1h2 h5h3 g2h3 c5f2,2579,95,93,7052,kingsideAttack long mate mateIn3 middlegame sacrifice,https://lichess.org/cafPuOxW#47,,
02YGv,1r3rk1/p7/2Q3pp/3p4/4q2P/8/2PR4/2K3R1 b - - 3 26,e4e3 c6g6 g8h8 g6g7,1371,77,97,6429,endgame mate mateIn2 short,https://lichess.org/kdWPV5n6/black#52,,
02YNb,8/8/8/8/RP3ppk/1r6/5PK1/8 w - - 2 41,b4b5 f4f3 g2h2 b3b2 b5b6 b2f2,1991,75,86,208,crushing endgame long rookEndgame,https://lichess.org/Yls7TfJP#81,,
02YNl,2R5/8/5Kpk/7p/8/3n4/8/8 b - - 15 66,d3f2 c8h8,443,91,100,214,endgame mate mateIn1 oneMove,https://lichess.org/vNJPnxhD/black#132,,
02YNo,r3r1k1/pp1b1pp1/1q2p2p/3p4/8/P1P3P1/1PB1QPP1/R3R1K1 b - - 0 22,b6b2 c2h7 g8h7 e2b2,1157,124,67,41,advantage discoveredAttack middlegame short,https://lichess.org/WVKu2WlR/black#44,,
02YOk,3q1rk1/B2b1pbp/B5p1/3Pp3/2p1P3/8/P2QNPPP/6K1 w - - 0 20,a6c4 d8c7 c4b3 c7a7,1280,228,0,5,crushing fork middlegame short,https://lichess.org/aohrgXRR#39,,
02YPI,2r4k/8/5q1p/5bp1/PN2Q3/5P2/1P3RPP/6K1 w - - 1 30,b4d5 c8c1 f2f1 c1f1 g1f1 f6a6 f1f2 f5e4,1732,124,100,19,attraction crushing endgame veryLong,https://lichess.org/uPbGNDzp#59,,
02YPX,r3kb1r/pppb1ppp/5n2/3PN3/Q2nP3/2N5/Pq1B1PPP/1R2KB1R b Kkq - 3 11,d4c2 e1e2 b2b1 e5d7,2382,84,85,302,advantage defensiveMove opening sacrifice short,https://lichess.org/vpN3Ih0R/black#22,Queens_Gambit_Declined Queens_Gambit_Declined_Chigorin_Defense,
02YQP,8/2p3pk/pq1nR2p/6pP/P2P2P1/rp2R3/2PQ1P2/1K6 w - - 0 37,e3b3 a3b3 c2b3 b6b3 b1c1 b3e6,1315,77,87,607,advantage endgame fork long,https://lichess.org/oAOEfAQJ#73,,
02YSF,8/p5k1/2p1R1P1/3p4/3P4/r7/1r6/5RK1 b - - 5 32,b2c2 f1f7 g7h6 g6g7 h6h7 e6h6 h7h6 g7g8q,1970,75,87,473,advancedPawn crushing deflection discoveredAttack discoveredCheck endgame exposedKing promotion rookEndgame veryLong,https://lichess.org/qgP1xvdW/black#64,,
02YSN,8/8/p5k1/2pnq3/P3N1R1/5K2/7P/8 b - - 9 45,g6f5 g4g5 f5e6 e4c5,2001,76,92,776,crushing endgame master short,https://lichess.org/CQz1Gkne/black#90,,
02YT2,5rq1/pp6/2pk4/4pp2/3pPQ2/3P3P/PPP2Pr1/2KR3R w - - 0 25,f4f3 f5e4 f3g2 g8g2,1436,76,72,1178,crushing endgame short,https://lichess.org/uZuQvZNB#49,,
02YTz,1k5b/pp2n1q1/n1pN4/4Pb2/5B2/1BN2Q2/PPP3P1/3rK3 w - - 0 21,e1d1 f5g4 d1c1 g4f3,1361,81,94,12659,crushing master middlegame pin short,https://lichess.org/V70IvV77#41,,
02YYe,8/1p2rk2/p3q3/7p/5Q2/P5BP/1P4PK/8 b - - 1 38,e6f6 f4f6 f7f6 g3h4 f6e5 h4e7,1734,77,89,294,attraction crushing endgame exposedKing long skewer,https://lichess.org/1Cp9nWLt/black#76,,
02YZG,4qB1k/pp4pp/4K3/2Q1P3/2P5/3r2PP/P7/R6R w - - 7 32,f8e7 e8d7 e6f7 d3f3,2199,80,93,7881,endgame epauletteMate mate mateIn2 short,https://lichess.org/lEeBiGlY#63,,
02YZr,1bK5/pP3p2/B7/1P4p1/6k1/7p/8/8 b - - 1 43,h3h2 c8b8 h2h1q b8a7 h1d1 b7b8q,1176,77,95,2504,advancedPawn bishopEndgame crushing endgame long promotion,https://lichess.org/lsZCS5f9/black#86,,
02YaB,6k1/1p4bp/prn3p1/5p2/4p3/P3P1NP/4B1P1/2R3K1 b - - 1 27,b6b3 e2c4 g8h8 c4b3,1004,86,83,44,advantage endgame fork short,https://lichess.org/Jkw92my4/black#54,,
02Yfa,1b5r/1p5r/1ppP4/5k2/5pN1/P7/1P3PP1/3RRK2 w - - 1 32,g4e5 h7h1 f1e2 h1e1,1525,75,78,203,crushing endgame short,https://lichess.org/ffQ2xpf7#63,,
02Yfe,2r5/1p4pp/p3p1k1/n1N5/P7/4P3/1P2K1PP/2R5 w - - 7 26,e2d2 c8c5 c1c5 a5b3 d2c3 b3c5,1427,76,92,1710,attraction crushing endgame fork long sacrifice,https://lichess.org/EfizKyGx#51,,
02YjH,r2qkb1r/pQ2pppp/3p4/8/3n4/6PP/PP3P2/RN2R1K1 b kq - 0 14,d4c2 b7c6 d8d7 c6a8 d7d8 a8c6,1930,75,87,360,advantage deflection fork long middlegame,https://lichess.org/RRwmDsst/black#28,Sicilian_Defense Sicilian_Defense_Modern_Variations,
02Yk7,4r1k1/1q6/7b/5r1p/3p4/R2Np1P1/1P2Q2P/4R1K1 w - - 4 42,e1f1 f5f1 e2f1 e3e2,1221,77,86,1486,advancedPawn crushing master middlegame short,https://lichess.org/tLoinc7K#83,,
02Ylx,1br2rk1/ppq1nppp/8/5b2/2PP3N/PB1n4/1BQN1PPP/R4RK1 w - - 5 18,h4f5 c7h2,900,79,99,688,kingsideAttack mate mateIn1 middlegame oneMove,https://lichess.org/vdwJPqy3#35,French_Defense French_Defense_Exchange_Variation,
02YmM,2r2rk1/p2q1pbn/bp1p4/2pPp1PQ/2P1P2p/N6P/PP2BP2/R3R1K1 b - - 2 25,d7h3 e2g4 h3g4 h5g4,1502,78,92,404,crushing fork middlegame short,https://lichess.org/tuTL5kz2/black#50,,
02Yp2,3q1k2/5p1p/p2p4/4B1r1/Np2bQ2/1P4N1/1Pr5/R4RK1 b - - 0 25,d6e5 f4f7,680,81,88,118,mate mateIn1 middlegame oneMove,https://lichess.org/hq6nqHsM/black#50,,
02YrN,rr4k1/1b3ppp/2np1q2/pQ2p3/Pp2P3/3P1N2/1P2BPPP/R4RK1 b - - 7 18,c6d8 b5e8,867,93,78,38,mate mateIn1 middlegame oneMove,https://lichess.org/YAX7QF9F/black#36,Sicilian_Defense Sicilian_Defense_Other_variations,
02Yx1,4R3/8/8/KP2r3/5k2/8/8/8 w - - 1 65,a5a6 e5e8 a6b6 f4e5,1785,77,88,468,crushing defensiveMove endgame hangingPiece master rookEndgame short,https://lichess.org/b1LSZcFg#129,,
02Yz2,8/p1Q2pk1/3p4/3Pr1p1/7p/4BqP1/P4P1P/5RK1 w - - 0 27,c7d6 h4h3 d6e5 g7h7 e5f5 f3f5,2343,104,90,1963,advantage defensiveMove endgame long sacrifice,https://lichess.org/7xrJTkN1#53,,
02Yzg,8/8/2P1k3/8/8/p2P2Bp/Kb6/8 b - - 5 44,b2c1 d3d4 c1b2 d4d5,1920,75,91,1436,bishopEndgame crushing endgame quietMove short,https://lichess.org/ajxIaD2f/black#88,,
02Z4F,6Q1/p7/8/1p6/1P3P2/P2kqK2/8/8 w - - 1 58,f3g4 e3g1 g4f5 g1g8,989,91,94,573,crushing endgame queenEndgame short skewer,https://lichess.org/xu5pvuXh#115,,
02ZA5,4r1k1/p5r1/4p3/5q2/8/2P2bP1/P4Q1P/R3R1K1 b - - 0 25,f3d5 f2f5 e6f5 e1e8,1098,80,93,184,advantage middlegame short,https://lichess.org/9XitUK9h/black#50,,
02ZFk,3Q1k2/8/8/2P5/1n5P/5q2/5P2/6K1 b - - 2 51,f8g7 d8d4 g7f7 d4b4,1677,78,94,3218,crushing endgame fork short,https://lichess.org/yiGgg6Gr/black#102,,
02ZJA,2kr4/1bp1n1pp/pp4q1/3Pn3/4P3/2NB4/PP1Q1PPP/2R1R1K1 w - - 2 18,f2f4 e5f3 g1h1 f3d2,1124,78,89,124,advantage middlegame pin short,https://lichess.org/Ji4PKgHf#35,Queens_Pawn_Game Queens_Pawn_Game_Chigorin_Variation,1608299890592
02ZMM,2k5/1R2R3/1P1r4/7p/6p1/6P1/3n1PKP/3r4 b - - 0 37,d2f3 e7c7 c8d8 b7b8,1829,84,69,119,endgame mate mateIn2 short,https://lichess.org/Y9obAgnT/black#74,,
02ZOs,2R5/8/8/1p6/nk6/1p6/1K6/8 w - - 8 55,b2b1 b4a3 c8c6 b3b2 c6a6 a3b3 a6a4 b3a4 b1b2 a4b4,2447,92,92,2213,advancedPawn crushing defensiveMove endgame veryLong zugzwang,https://lichess.org/vCdRWEpI#109,,
02ZRF,r7/pp6/4N3/3p1p2/B5n1/2QP2k1/PPP2q2/R1K1q3 w - - 0 35,c3e1 f2e1,399,116,97,521,mate mateIn1 middlegame oneMove,https://lichess.org/aHC0sWm2#69,,
02ZSe,2r4k/2Q3pp/5p2/8/4p3/3nB1P1/5P1P/R5K1 b - - 0 33,c8c7 a1a8 c7c8 a8c8,944,139,65,24,backRankMate endgame mate mateIn2 short,https://lichess.org/RFYjBXV0/black#66,,
02ZSx,r4b1r/p1k1p1p1/2p5/2p1P2p/1q1nQB2/3P4/P5PP/R4RK1 b - - 1 21,d4c2 e5e6 c7d8 e4c6 b4d4 g1h1,1552,75,87,861,advantage defensiveMove deflection discoveredAttack discoveredCheck long middlegame,https://lichess.org/4PlFpjY7/black#42,,
02ZU4,4r1k1/1pp2pp1/6qp/1b1P4/5b1N/2Q4P/1B3PP1/R5K1 b - - 2 28,g6h7 c3b4 h7e4 b4b5,2112,94,91,39,advantage fork middlegame short,https://lichess.org/vgOVzdJv/black#56,,
02ZVe,8/8/3kP1p1/3B2P1/bp1K4/8/8/8 w - - 0 53,d4c4 a4c6 d5c6 d6c6 e6e7 c6d7 e7e8r d7e8,2567,112,91,343,bishopEndgame crushing endgame veryLong,https://lichess.org/0ulRM5Ox#105,,
02ZYT,3r2k1/1n1rbppp/pp2p3/2p5/1PP1P3/P3BN2/5PPP/2RR2K1 w - - 3 19,f3e5 d7d1 c1d1 d8d1,617,84,76,210,backRankMate mate mateIn2 middlegame short,https://lichess.org/WQqidVJR#37,,
02Zfe,2k2b1r/1pp2Npp/p3pn2/8/8/6P1/PPP1KP1P/3R4 b - - 0 17,h8g8 d1d8,721,86,85,139,endgame mate mateIn1 oneMove,https://lichess.org/ZpGP3em3/black#34,Queens_Pawn_Game Queens_Pawn_Game_Chigorin_Variation,
02Zkt,r1b1k2r/pp1pnppp/4p1q1/4P3/2P5/P1Q5/1P3PPP/R1B1KB1R w KQkq - 1 11,g2g3 g6e4 c1e3 e4h1,918,87,92,637,crushing fork middlegame short,https://lichess.org/uRLCAVL8#21,Sicilian_Defense Sicilian_Defense_Open,
02ZlS,2k3r1/pp1b1p2/2pp1q2/4p3/2BPP2P/2Q2nb1/PPP5/2K2R1R b - - 0 23,e5d4 c3f3 f6h6 c1b1,1751,76,92,1732,advantage defensiveMove middlegame short,https://lichess.org/2q5j3HUy/black#46,,
02ZnU,6r1/3kR2p/2p2p2/3p1N2/8/3P2B1/pq4PP/7K b - - 0 34,d7d8 g3c7 d8c8 f5d6,1004,76,94,113,endgame mate mateIn2 short,https://lichess.org/hX0cW6Ci/black#68,,
02ZqC,8/3N1Q1k/6pp/3P4/4P3/6P1/qq3PKP/8 b - - 0 39,b2g7 d7f6 h7h8 f7e8 g7f8 e8f8,1323,77,86,500,endgame long mate mateIn3,https://lichess.org/ynZ9yu1x/black#78,,
02Zr8,2k5/p1p2ppp/2R5/8/8/6Pb/PPQ1qb1P/R5K1 w - - 0 22,g1h1 e2f3,1173,75,97,2308,endgame mate mateIn1 oneMove,https://lichess.org/YQb8WYQb#43,,
02ZzV,8/7b/8/p7/2BNpn2/k1K1p3/P7/8 b - - 9 58,f4d3 c4b3 e3e2 d4c2,2122,75,93,3330,endgame mate mateIn2 quietMove short,https://lichess.org/b41IbQK9/black#116,,
02a0j,3rk1nr/p1p2ppp/2p5/4p3/4P1b1/2P2N2/PPP3PP/R1B1K2R w KQk - 0 10,f3e5 d8d1 e1f2 d1h1,791,83,92,89,advantage middlegame short skewer,https://lichess.org/XwO8F5Rg#19,Vienna_Gambit_with_Max_Lange_Defense Vienna_Gambit_with_Max_Lange_Defense_Other_variations,
02a1D,8/8/p1p2p1p/3pk1p1/PPP5/3KP1P1/6P1/8 b - - 0 34,d5c4 d3c4 e5d6 g3g4 f6f5 g4f5,2079,77,88,75,crushing endgame long pawnEndgame quietMove,https://lichess.org/THj1HQlR/black#68,,
02a3l,1R2b3/4P3/R7/3p1p1k/p2P1P2/r1K5/8/8 w - - 4 56,c3b4 a3b3 b4c5 b3b8,1094,76,100,609,advantage endgame short skewer,https://lichess.org/5L1HZBd7#111,,
02a72,1R6/6Q1/2p5/7p/1P4nq/3P3P/2Pk1rP1/5RK1 w - - 1 35,b8e8 f2f1 g1f1 h4f2,1728,76,93,4265,attraction endgame mate mateIn2 short,https://lichess.org/ndXpB9SI#69,,
02a8Q,r7/r4pk1/4q1p1/1R2PpQp/2pp1P1P/P7/2P3P1/1R4K1 b - - 1 30,a7a3 b5b8 a3a1 g1h2 a1b1 b8a8 e6c6 g5d8 c6a8 d8a8,2937,106,88,460,crushing endgame veryLong,https://lichess.org/wggjeNz9/black#60,,
02a9L,7k/1p1rp1bp/pB4p1/4rp2/P7/2P1Q2P/1P3PP1/4R1K1 w - - 0 34,e3f4 e5e1 g1h2 g7e5 f4e5 e1e5,1101,75,100,591,crushing endgame hangingPiece kingsideAttack long pin,https://lichess.org/eDtdobDh#67,,
02aAS,3r2k1/p1q3bp/1p2b1p1/5p2/P1P1p2P/1P4P1/2QB1PB1/3R2K1 w - - 0 26,d2c3 d8d1 c2d1 g7c3,1376,76,87,1439,advantage middlegame short,https://lichess.org/Ji6gBnpa#51,,
02aCK,8/5p1p/K3p1p1/2k5/Pp2PP2/1P6/2B4n/8 b - - 1 41,h2f3 a6b7 f3d4 a4a5 d4c2 a5a6 c2d4 a6a7,1995,77,92,2405,advancedPawn crushing endgame master masterVsMaster quietMove sacrifice veryLong,https://lichess.org/XBIUOv2a/black#82,,
02aIt,4k3/p1p4R/1p2K3/3p1P2/1P6/P1r5/8/8 b - - 1 46,d5d4 h7h8,784,107,96,2016,endgame master mate mateIn1 oneMove rookEndgame,https://lichess.org/FtutWCG0/black#92,,
02aO5,r3kbnr/pp3pp1/2p1p3/7q/2P3p1/2N3P1/PP2BP2/R1BQ1RK1 w kq - 1 14,e2g4 h5h1,591,95,93,306,mate mateIn1 oneMove opening,https://lichess.org/Ud6X3rQg#27,Scandinavian_Defense Scandinavian_Defense_Mieses-Kotroc_Variation,
02aR9,8/3Q4/5kp1/1p6/2p2P2/4PK1P/1q6/8 b - - 2 42,c4c3 e3e4 c3c2 e4e5 b2e5 f4e5,1991,136,88,31,crushing endgame long queenEndgame quietMove,https://lichess.org/ERAHVTmr/black#84,,
02aTY,6rk/4R2p/3p3p/2pNb3/4P3/2P3qP/PP4P1/5QK1 w - - 7 36,f1f2 g3h2 g1f1 h2h1 f1e2 g8g2,1466,74,100,929,crushing deflection endgame long pin,https://lichess.org/q60JlA6F#71,,
02aU0,3R1rk1/1b3pp1/4pb1p/p1r5/Ppp2B2/1Q2PN2/1P3PPP/R5K1 b - - 0 23,c4b3 d8f8 g8f8 f4d6 f6e7 d6c5,1512,76,99,2222,advantage attraction fork long middlegame,https://lichess.org/SzyRvkxJ/black#46,,
02aZq,r7/1p3p1k/2p3p1/P1Qp1r1p/1P1Rq2P/4P1P1/5P2/4R1K1 b - - 10 33,e4f3 d4f4 f5f4 e3f4,1475,76,91,1514,crushing endgame master short,https://lichess.org/jqNX1xmb/black#66,,
02adA,7R/8/p2kr3/2p4p/2P2Kp1/6P1/7P/8 b - - 9 48,e6e5 h8d8 d6e7 f4e5 e7d8 e5d6 a6a5 d6c5,2468,80,83,231,crushing deflection endgame rookEndgame veryLong,https://lichess.org/xG4ZaVVb/black#96,,
02aga,2r3k1/pp3pp1/4p2p/3pP3/8/1P1q2P1/P5PP/5Q1K w - - 0 26,f1d3 c8c1 d3d1 c1d1,586,102,20,112,backRankMate endgame mate mateIn2 queenRookEndgame short,https://lichess.org/jRSULLpN#51,,
02agm,8/6pk/p7/8/1P2QP2/q2p4/3r3P/3R2K1 b - - 4 36,h7h8 e4e8 h8h7 e8h5,1897,75,86,69,crushing endgame short,https://lichess.org/PEkw5z0O/black#72,,
02ahl,2k5/ppp2Bpp/8/8/5b2/1KP5/PP3r1P/3R4 b - - 0 22,f2h2 f7e6 c8b8 d1d8,882,78,99,591,backRankMate endgame mate mateIn2 short,https://lichess.org/MbzNK0p0/black#44,,
02aiu,3rR2k/p4ppp/2p5/3p1N2/8/8/P1q2PPP/4R1K1 b - - 1 24,d8e8 e1e8,621,80,80,113,endgame mate mateIn1 oneMove,https://lichess.org/KVJpeGfM/black#48,,
02auQ,Q2rkb2/6p1/p5p1/1p3p2/5P2/2Pq4/PP4PP/RNB2RK1 w - - 2 21,a8a6 f8c5 c1e3 c5e3 g1h1 d3f1,1452,75,77,307,kingsideAttack long mate mateIn3 middlegame,https://lichess.org/udRncw99#41,,
02avF,5rk1/5ppp/p1q1p3/1p1r4/2pP2Q1/P1P4P/1P3PP1/1R2R1K1 w - - 4 23,e1e4 f7f5 e4e6 c6e6,1502,79,75,49,crushing endgame fork short,https://lichess.org/hyRrTPPO#45,,
02aw9,4n1k1/Q4p2/3p3p/p1pP1qp1/8/Pr4P1/6PP/5R1K w - - 0 37,f1f5 b3b1 f5f1 b1f1,684,99,81,770,backRankMate endgame mate mateIn2 short,https://lichess.org/0i86KI8p#73,,
02awE,2r2rk1/pp3p1p/q2p2pP/6P1/2R5/2Q1P3/4KP2/3R1B2 b - - 0 29,c8c4 c3g7,752,95,98,1224,endgame mate mateIn1 oneMove,https://lichess.org/SufauvwE/black#58,,
02b0F,2kr1br1/1p1q4/B1p1pp2/N2n1bp1/3P3p/1QP4P/PP3PPB/R4RK1 b - - 0 20,b7a6 b3b8,1185,91,95,1089,mate mateIn1 middlegame oneMove,https://lichess.org/4kBJZ3zm/black#40,,
02b1e,r4rk1/3nppb1/3p3p/qNpP2p1/P3P3/1P4n1/3N1PPP/R2QR1K1 w - - 0 19,h2g3 g7a1 d2c4 a5b4,1629,77,92,749,advantage middlegame short,https://lichess.org/L5KEYosz#37,,
02b3R,5rk1/2p2pp1/p2nbq1p/7r/8/2P1B3/PPQN1PPP/R3R1K1 w - - 6 19,d2e4 f6h4 f2f3 h4h2,2117,84,90,916,advantage kingsideAttack middlegame short,https://lichess.org/Ib8mFep8#37,Giuoco_Piano Giuoco_Piano_Other_variations,
02b5v,8/5P2/4K3/1R6/7p/8/6k1/5r2 b - - 5 54,h4h3 b5g5 g2h1 g5f5 f1f5 e6f5,1912,76,89,152,crushing endgame long rookEndgame,https://lichess.org/nWUooxiG/black#108,,
02b7E,rnbq1r1k/1p3ppB/p3p3/4P1b1/3N4/2NQ4/PPP3P1/1K5R b - - 2 19,b8c6 h7g8 g5h4 d3h7,1735,75,94,422,clearance discoveredAttack discoveredCheck kingsideAttack mate mateIn2 middlegame short,https://lichess.org/7wpFWzVI/black#38,,
02b7o,6k1/3n2pp/p4p2/2q1p3/3p4/PQ1P3P/1B3PP1/6K1 b - - 3 29,g8f8 a3a4 f8e7 b2a3,1784,74,79,144,clearance crushing endgame pin quietMove short,https://lichess.org/d9XtpOvR/black#58,,
02b9l,2r3k1/1b3pp1/p3r2p/2BnN1q1/3Pp3/P3P3/1P2QPPP/2R2RK1 w - - 5 24,e2g4 e6e5 g4d7 c8c7 d7c7 d5c7,2024,123,81,22,advantage long middlegame,https://lichess.org/O43zaIWU#47,,
02b9p,8/p6R/6R1/1p3k2/2p5/P1P5/KP1r1P2/3b4 w - - 1 47,g6g8 d1b3 a2a1 d2d1,1163,105,33,19,endgame mate mateIn2 pillsburysMate short,https://lichess.org/0TqpYUVZ#93,,
02bBr,5rk1/r4Bp1/7p/1R2pQ2/4Pn2/3P1P1P/p4q2/KR6 b - - 0 34,f8f7 b5b8 f7f8 b8f8,1570,76,0,904,mate mateIn2 middlegame short,https://lichess.org/OtIYY9eg/black#68,,
02bHR,r2qkbnr/1n1bpppp/p2p4/3P4/1B2P3/5N2/1P3PPP/RN1QKB1R w KQkq - 1 11,a1a6 a8a6 f1a6 d8b6,1522,75,93,1391,advantage opening short,https://lichess.org/yR9FvAmd#21,Sicilian_Defense Sicilian_Defense_Alapin_Variation,
02bHn,3k4/p3n3/3PP3/1p2P1p1/1P2K2p/8/P6P/8 b - - 0 41,g5g4 d6e7 d8e7 e4f4 e7e6 f4g4,1928,79,87,127,advancedPawn crushing endgame long,https://lichess.org/PXSdgNXr/black#82,,
02bLn,r4rk1/ppp5/2b2pN1/3q2p1/3PnBQ1/2P5/PP4P1/R3R1K1 b - - 1 20,g5f4 g6e7 g8f7 e7d5,1119,91,77,231,crushing discoveredCheck doubleCheck fork middlegame short,https://lichess.org/iofZZco6/black#40,,
02bO9,r1b2rk1/pp2ppbp/3p1np1/q1p1P3/1n1P1P2/1PN2N2/PBPQ2PP/R3KB1R b KQ - 2 10,c5d4 e5f6 d4c3 b2c3 g7f6 c3b4,1873,76,80,64,advantage long middlegame,https://lichess.org/jRPmkxGC/black#20,Pirc_Defense Pirc_Defense_Other_variations,
02bRz,4r1k1/3pqpp1/5r2/Q7/8/4BN2/PP3nPP/3R1K1R w - - 0 23,e3f2 e7e2 f1g1 e2d1,995,84,96,3521,crushing fork middlegame short,https://lichess.org/eqIPvKQL#45,,
02bSE,r2qr1k1/1p1n2p1/p1p1b2p/3P1p2/8/2B3Q1/PPPN2PP/R4RK1 b - - 0 18,c6d5 g3g7,1266,132,71,44,kingsideAttack mate mateIn1 middlegame oneMove,https://lichess.org/25wO1Xvs/black#36,French_Defense French_Defense_Exchange_Variation,
02bax,2k5/R7/P1B5/2p4p/3bP3/3K2p1/2P4r/8 w - - 0 35,a7c7 c8c7 a6a7 c5c4 d3d4 g3g2,2449,78,70,105,advancedPawn crushing endgame hangingPiece long,https://lichess.org/n5JaYhRz#69,,
02bbP,2r5/pp2kpr1/3p4/3P4/3pP2p/3P3P/PP3R2/5R1K b - - 0 29,g7g3 f2f7 e7d8 f7f8 d8c7 f1c1,2259,80,88,92,crushing endgame long rookEndgame,https://lichess.org/t1wJ2jSO/black#58,,
02bgm,8/pppRk1p1/4n1Pp/4p2P/4P3/2P1K3/Pr3rP1/3R4 b - - 3 27,e7f6 d7f7 f6g5 f7f2 b2f2 e3f2,1309,75,86,177,advantage endgame long,https://lichess.org/J5GeJaVc/black#54,,
02bhz,r4rk1/2p5/p6p/1p4p1/4Q3/3B4/P1PB1q2/4R2K b - - 3 30,f2f7 e1f1 f8e8 f1f7 e8e4 d3e4,1790,75,86,850,crushing long middlegame,https://lichess.org/SPL3gbny/black#60,,
02bmv,r4rk1/pp3pbp/5pp1/7q/1Q1PP1b1/3B1N1P/PP1B1P2/R3K2R w KQ - 0 18,h3g4 h5h1 e1e2 h1a1,833,76,98,1091,advantage fork hangingPiece middlegame short skewer,https://lichess.org/F902uvuZ#35,Slav_Defense Slav_Defense_Other_variations,
02bns,r3k1r1/2p2p2/p1pp1p2/2b1p2p/4P3/2PP3q/PP1N1P1N/R2Q1RK1 w q - 2 15,g1h1 h3g2,974,78,100,293,mate mateIn1 middlegame oneMove,https://lichess.org/KQrDhwmh#29,Ruy_Lopez Ruy_Lopez_Morphy_Defense,
02bpw,2r5/1P6/8/6p1/1R1K4/5k2/8/8 b - - 0 53,c8d8 d4e5 d8b8 e5f5 f3e3 f5g5,1768,97,86,45,crushing defensiveMove endgame long rookEndgame,https://lichess.org/G3hGcjiI/black#106,,
02bsO,1kr5/ppQ4b/8/8/3P4/3q3P/PP4P1/K1R2R2 b - - 0 28,c8c7 f1f8 c7c8 c1c8,637,98,88,418,endgame mate mateIn2 short,https://lichess.org/RJXSv13v/black#56,,
02bsl,6rk/2R1R3/1p5p/3N2p1/8/3b4/Pr6/4K3 b - - 1 36,g8f8 d5f6 b2b1 e1d2 f8d8 e7e8 d8e8 d2d3 b1d1 d3c2 d1c1 c2c1 e8c8 c7c8,1991,164,76,24,crushing defensiveMove deflection endgame exposedKing quietMove sacrifice veryLong,https://lichess.org/Gel7SkZm/black#72,,
02btz,r6k/1pq3pp/p1n5/4Np1b/7Q/1B6/PP3PPP/3R2K1 b - - 0 23,h5d1 e5g6,1595,76,98,3567,mate mateIn1 middlegame oneMove pin,https://lichess.org/yp7dzmLT/black#46,,
02c1a,4r1k1/Q4ppp/8/5q2/1P1br3/P2p2P1/3P1P1P/2R1RBK1 w - - 7 31,e1e4 f5f2 g1h1 f2g1,2008,80,84,284,mate mateIn2 middlegame short,https://lichess.org/TNlFkccZ#61,,
02c3v,1b6/5k2/6p1/PN6/4n2p/4B3/1P6/1K6 w - - 0 48,a5a6 h4h3 e3g1 e4d2 b1c2 d2f3,2002,75,87,318,crushing endgame long,https://lichess.org/PtH4uv0p#95,,
02c59,1k6/1P2r3/PK6/2N1B3/8/8/8/8 b - - 4 80,e7e5 a6a7,432,107,97,394,advancedPawn endgame mate mateIn1 oneMove,https://lichess.org/pQWoN6N0/black#160,,
02c7T,r1kr4/3n3R/1qpQ4/8/pn1P2P1/6B1/1PP5/1K3R2 b - - 1 31,b4d5 h7d7 d8d7 f1f8 c8b7 d6d7,1629,79,90,57,crushing deflection exposedKing long middlegame sacrifice,https://lichess.org/TxyP8eB1/black#62,,
02cB5,r4r1k/pb3pp1/1n2p2p/1p2P3/8/2P4R/P1BB2PP/5RK1 b - - 4 21,f7f5 e5f6 f8f6 f1f6,1823,76,87,341,advantage enPassant middlegame short,https://lichess.org/O52wLQ6x/black#42,,
02cCF,8/5pk1/1PK5/R5pp/8/8/8/1r6 b - - 1 40,b1c1 a5c5 c1e1 b6b7 e1e6 c6b5 e6e8 c5c8,2523,87,94,414,advancedPawn clearance crushing defensiveMove endgame master rookEndgame veryLong,https://lichess.org/6L8zzRVy/black#80,,
02cFz,2rq3r/4kpp1/b1B1pn1p/3pN3/1n1P1B2/P1b1PQ1P/3NRPP1/1R4K1 b - - 0 21,a6e2 f3e2 b4c6 b1b7 e7f8 e5f7,2186,79,85,68,advantage long middlegame,https://lichess.org/FzUN1lia/black#42,,
02cG7,r2q1krb/pp1b3Q/6nR/8/3p4/1P3P2/PB1P4/R3K1N1 b Q - 2 29,d7f5 b2a3 d8e7 a3e7 g6e7 h7h8 g8h8 h6h8,1971,75,93,1427,advantage exposedKing middlegame pin veryLong,https://lichess.org/sVvoBXhs/black#58,,
02cIQ,3k4/p2b4/2p5/1p1p2p1/3P2P1/P1PB2K1/2P5/8 w - - 1 34,d3f5 d7f5 g4f5 d8e7,1613,176,0,21,bishopEndgame crushing defensiveMove endgame short,https://lichess.org/auONX0JT#67,,
02cM5,r1bq2k1/3p1r2/p1p1pbn1/2p2pN1/4PP1Q/2NP4/PPP4P/R1B2RK1 w - - 0 15,g5f7 f6d4 h4f2 d4f2 f1f2 g8f7,2269,77,92,4384,crushing kingsideAttack long middlegame,https://lichess.org/A963tjeo#29,Sicilian_Defense Sicilian_Defense_Grand_Prix_Attack,
02cTH,8/8/P7/1Q3p2/6p1/4b1k1/3r4/5K2 w - - 3 57,b5f5 d2f2 f5f2 e3f2 a6a7 f2a7,1256,75,100,319,crushing endgame fork long master,https://lichess.org/GnDIhFfj#113,,
02cUo,r4rk1/4qppp/p3pn2/2pp2Q1/3P1N2/7P/PPP2PP1/R3K2R b KQ - 1 17,c5d4 f4h5 f6h5 g5e7,1342,75,94,2493,advantage middlegame short,https://lichess.org/9BurkJcR/black#34,Caro-Kann_Defense Caro-Kann_Defense_Other_variations,
02cVl,2k1rr2/1ppb4/1pnp1q2/3Q2p1/PP1N4/2P3Pp/4RPBP/4R1K1 w - - 0 23,g2h1 f6f2 e2f2 e8e1 f2f1 e1f1,1748,75,67,215,deflection kingsideAttack long mate mateIn3 middlegame sacrifice,https://lichess.org/BcdnvWwf#45,,
02cVr,r2q1rk1/pp3pb1/2p1p2P/3nN3/3P4/1Q6/PPP1Nn2/1K4R1 b - - 0 22,f2e4 g1g7 g8h8 b3b7,2595,99,80,140,advantage middlegame short,https://lichess.org/XvSO3yBG/black#44,,
02cVu,2rr2k1/1b4pp/pq2pN1b/3nQ3/2B5/1P6/PB4PP/R4R1K b - - 0 22,g7f6 f1f6 b6e3 f6h6 e3e5 b2e5,2507,88,83,379,advantage long middlegame,https://lichess.org/9ZWVzF0J/black#44,,
02cXW,r3k1r1/pp2p3/6b1/3Pp3/N3n2p/8/PPB3PP/1R3RK1 w q - 0 27,f1e1 e4d2 c2g6 g8g6 b1c1 d2f3 g1f2 f3e1,1628,80,76,70,crushing middlegame pin veryLong,https://lichess.org/alLtYkL5#53,,
02cZW,6k1/6p1/3p1p2/4nQP1/1q2P3/8/5RK1/8 b - - 0 43,f6g5 f2c2 b4b7 c2c8 b7c8 f5c8,2423,75,91,1017,crushing endgame long master quietMove,https://lichess.org/nYa1mad8/black#86,,
02ccm,8/8/r3k2p/4p1p1/4P1P1/RK3P1P/8/8 b - - 0 47,a6a3 b3a3 e6d7 a3b4 d7c6 b4c4,1144,76,100,621,crushing defensiveMove endgame long zugzwang,https://lichess.org/aoIiywfA/black#94,,
02cdm,r2qk1nr/p2b1ppp/2pbp3/2ppN3/5P2/1P2P2P/PBPP2P1/RN1QK2R b KQkq - 2 9,f7f6 d1h5 g7g6 e5g6 h7g6 h5h8,1217,74,95,20074,crushing long opening pin trappedPiece,https://lichess.org/qvK8ZwZ2/black#18,Bird_Opening Bird_Opening_Dutch_Variation,
02cgy,B4k1r/p6p/3ppnp1/2p5/3bPP2/2NP1PR1/PPP2q1P/R1BQ1b1K w - - 5 17,d1d2 f1g2 g3g2 f2f1 g2g1 f1g1,1563,75,85,153,clearance kingsideAttack long mate mateIn3 middlegame sacrifice,https://lichess.org/ZwN9V8j6#33,Sicilian_Defense Sicilian_Defense_Grand_Prix_Attack,
02chE,r4rk1/1p4p1/2pp3p/p1bPp3/2P1Pp2/2N4K/PP2Bq2/R2Q3R w - - 0 26,d1f1 f2g3,1086,75,100,514,mate mateIn1 middlegame oneMove,https://lichess.org/XhLgtEmy#51,,
02cha,1r4k1/1p4p1/2rBp2p/1p2P3/4QPPn/4P3/3q4/R4RK1 w - - 0 31,d6b8 c6c2 e4c2 d2c2,1577,76,92,2777,advantage middlegame quietMove short,https://lichess.org/JE7A8fgq#61,,
02clH,8/p7/2p5/1k1p4/5Rp1/b2n2P1/2R3K1/8 w - - 2 40,f4g4 d3e1 g2f1 e1c2,831,86,83,102,crushing endgame fork short,https://lichess.org/0X1qHMHY#79,,
02cu7,4r1k1/1pb1qpp1/p5p1/2Br4/8/3Q3P/PP3PP1/3R3K w - - 0 29,d3d5 e7e1 d1e1 e8e1,662,102,100,236,endgame mate mateIn2 sacrifice short,https://lichess.org/KMro4pfd#57,,
02cv1,r1q1kb1r/5pp1/3p3p/3Ppb2/2N4P/1nP2N2/1P2QPP1/R1B1K2R w KQkq - 3 20,c4b6 a8a1 e2b5 f5d7,1538,79,93,2096,advantage hangingPiece middlegame pin short,https://lichess.org/vGInJUIS#39,,
02cwR,r3r3/p1p1k2p/1p1p3R/1P6/2P1R3/P5P1/5P1P/4n1K1 b - - 7 36,e7d7 h6h7 d7d8 e4e8,1058,108,93,591,crushing endgame short,https://lichess.org/ekTph7Hx/black#72,,
02czb,r4r1k/pp2nBp1/1b1N3p/6N1/7Q/2P3BP/P3qPPK/2n5 b - - 1 26,e2d2 h4h6 g7h6 g3e5,1950,77,87,404,kingsideAttack master mate mateIn2 middlegame sacrifice short,https://lichess.org/mIxQNZXK/black#52,,
02d1a,8/1p6/p7/P2k1pp1/8/1P2PK1P/8/8 w - - 1 39,f3e2 d5e4 e2f2 e4d3,2059,77,76,393,crushing endgame master pawnEndgame short zugzwang,https://lichess.org/F9knjkMV#77,,
02d3Q,6r1/p5rk/1p2p3/2p2p1p/2P1pP2/PP4Pq/4QBNP/5RK1 b - - 1 34,h5h4 e2h5,693,82,71,124,master mate mateIn1 middlegame oneMove,https://lichess.org/TCpbISsk/black#68,,
02d53,r5k1/6pp/p3N3/3p4/2q1p3/4P1P1/1Q3P1P/6K1 b - - 2 28,c4c6 b2g7,858,80,100,394,endgame mate mateIn1 oneMove,https://lichess.org/LIqcuYGL/black#56,,
02dAS,r1b2rk1/6pp/p1pp4/4n3/1PP1p1pq/P1N1P3/1B2BPP1/2RQ1RK1 w - - 0 17,g2g3 h4h3 c3e4 e5f3 e2f3 g4f3 d1f3 f8f3,1821,75,88,705,advantage kingsideAttack middlegame veryLong,https://lichess.org/pHu5DdoO#33,English_Opening English_Opening_Kings_English_Variation,
02dCg,8/1R4pk/r7/6PK/r7/7P/8/8 b - - 1 41,a6a7 g5g6 h7h8 b7b8,993,77,88,565,endgame mate mateIn2 rookEndgame short,https://lichess.org/eQBNRjU4/black#82,,
02dGQ,8/1b5p/p7/6pk/4p3/PP1pP3/6KQ/2q5 b - - 1 55,h5g4 h2h3,1318,89,76,36,endgame master mate mateIn1 oneMove,https://lichess.org/sMXrgFNZ/black#110,,
02dIM,3rrknQ/pR3p2/2pq4/3p1BP1/3P4/4P3/P7/1K5R b - - 2 31,d8b8 h8g7 f8g7 h1h7 g7f8 h7f7,2185,82,89,1997,attraction epauletteMate long master mate mateIn3 middlegame sacrifice,https://lichess.org/qZp4t5tw/black#62,,
02dIS,rn2kb1r/ppp2p1p/4pp2/8/2qP2P1/7P/PPP2PB1/R1BQK2R w KQkq - 0 13,g2b7 c4b4 c2c3 b4b7,1331,77,92,2277,crushing fork master middlegame short,https://lichess.org/lM9ErsJC#25,Scandinavian_Defense Scandinavian_Defense_Lasker_Variation,
02dOI,r1b3R1/1pp4p/1b5k/3p4/4Bn2/p1P2R2/PPP3PP/2K5 w - - 0 28,f3f4 b6e3 c1b1 e3f4,1008,82,62,78,advantage endgame fork master short,https://lichess.org/WuFSwu0p#55,,
02dPT,1r4k1/p4pp1/1p3b1p/3Q1B2/5p2/2q4P/P4PP1/3R2K1 b - - 1 31,b8d8 d5d8 f6d8 d1d8,718,104,90,559,endgame mate mateIn2 pillsburysMate short,https://lichess.org/08aPUoEq/black#62,,
02dUE,2k1r2r/ppq2p2/2pb4/2p2P1p/4P2P/1PQ1RpP1/P1P2P2/R1B3K1 w - - 0 23,e3f3 d6e5 c3e1 e5a1,1565,76,94,28284,advantage middlegame short skewer,https://lichess.org/5ClxWaaz#45,,
02dWV,8/4k3/r5p1/2NPKp2/2P4P/p7/P7/8 b - - 1 47,a6a5 c5e6 f5f4 e6f4,2415,125,63,37,crushing endgame quietMove short zugzwang,https://lichess.org/Dw81hRCl/black#94,,
02dWc,3q1r1k/p5pp/6n1/1pr1pN1Q/3nP3/6P1/PP3P1P/3R1RK1 b - - 1 29,g6e7 f5d4 d8e8 h5e8,2032,78,91,2315,advantage middlegame short,https://lichess.org/fVHoWsSQ/black#58,,
02dZy,8/6kr/2Q3p1/3p4/4b1P1/2P2r1P/PP3P1K/5R2 w - - 1 42,c6d6 f3h3 h2g1 h3h1,1680,76,91,813,endgame mate mateIn2 operaMate short,https://lichess.org/YBdmq4by#83,,
02ddk,8/p4p1k/1p2pBr1/4P1p1/5nQp/1P3P2/P3qP1P/2R3K1 b - - 5 32,f4d3 g4h5 g6h6 h5f7,999,77,100,281,endgame mate mateIn2 short,https://lichess.org/MHvWH2tY/black#64,,
02deX,r4rk1/4q1pp/8/1p1nPp2/p3p3/2Pb1PP1/P5BP/N1RQR1K1 b - - 0 23,e7e5 d1d3 e4d3 e1e5 d3d2 c1d1 d5c3 d1d2,1744,76,93,1283,advantage middlegame veryLong,https://lichess.org/Ux7z37Oz/black#46,,
02dgL,r1bq1r1k/p2n3p/2p1B1pQ/3p2B1/4p3/2P5/P1P4P/R3K2R b KQ - 0 20,d8a5 h6f8 d7f8 g5f6,1526,84,89,1426,doubleBishopMate kingsideAttack mate mateIn2 middlegame sacrifice short,https://lichess.org/iU4zGAwe/black#40,,
02dlS,1r3rk1/2pqppb1/2p3pp/p3p1R1/3PN2Q/8/PPP2P2/2K4R b - - 1 19,f7f5 g5g6 d7d4 g6g7 g8g7 h4h6,2179,78,86,72,attraction crushing exposedKing kingsideAttack long middlegame,https://lichess.org/GZFDRuNJ/black#38,,
02e7X,r4rk1/ppp2pb1/2qp1npp/8/2P1P3/1P3QP1/PB1N1PKP/R4R2 b - - 1 15,f6e4 b2g7 e4d2 f3c6 b7c6 g7f8 d2f1 f8h6,2023,79,94,4970,crushing master middlegame veryLong,https://lichess.org/jHWPn08C/black#30,English_Opening English_Opening_Anglo-Indian_Defense,
02e95,r2q2k1/6p1/p3p3/3pN2Q/2pPb2b/2P5/P5PP/R1B3K1 b - - 3 30,d8f6 g2g3 h4g3 h2g3,2255,76,91,1267,crushing middlegame short,https://lichess.org/CCT5vXyg/black#60,,
02e9J,2rr2k1/1q1nbppp/3pp3/1p2n3/1P1QPP2/4N1P1/PB2N1KP/2RR4 b - - 0 23,e5c6 d4g7,634,79,91,133,kingsideAttack mate mateIn1 middlegame oneMove,https://lichess.org/Hzhcx60r/black#46,,
02eE7,r3k2r/p1p1bpp1/2q1p3/4P1p1/P3N3/1Rp1P2P/2Q2PP1/4K2R b Kkq - 3 22,c6a4 b3b8 a8b8 c2a4,977,90,87,1203,advantage discoveredAttack middlegame short,https://lichess.org/BTTyTQji/black#44,,
02eFM,r4b1r/ppp2k2/2n4p/6p1/3pQ3/6B1/qPP1PPPP/2KR1B1R w - - 0 17,d1d3 a2a1 c1d2 f8b4,1111,76,94,511,crushing master middlegame queensideAttack short,https://lichess.org/rT4dNLOD#33,Queens_Pawn_Game Queens_Pawn_Game_Chigorin_Variation,
02eFQ,8/1p3qk1/p1p3p1/P2b4/3P1r2/6QP/2B3P1/4R1K1 w - - 4 36,e1e7 f4f1 g1h2 f7e7,1185,85,93,3450,crushing endgame master masterVsMaster short,https://lichess.org/MVd65Pun#71,,
02eIj,8/pp2Npk1/6pp/8/7P/2P3q1/PP1r2B1/RQ3K2 w - - 0 30,b1e4 g3f2,1178,273,83,27,endgame mate mateIn1 oneMove,https://lichess.org/wBLilI8q#59,,
02eKr,8/1p6/pk1r3p/8/2P5/1P2pQ2/P2q1bP1/3R3K w - - 8 47,d1d2 e3d2 c4c5 f2c5,2204,79,87,533,advancedPawn advantage endgame short,https://lichess.org/9PhViUls#93,,
02eLf,3R3Q/1p3r2/p2kp3/3p1p2/3P1q2/2P5/PP4P1/6K1 b - - 3 32,f7d7 h8f8 d6c7 d8c8 c7b6 f8c5,1929,75,96,1107,endgame long mate mateIn3,https://lichess.org/HyQ2uH0f/black#64,,
02eRO,6k1/1R3p1p/6p1/1p2rb2/8/2Bp3P/6P1/6K1 b - - 5 46,e5d5 b7b8 f5c8 b8c8 d5d8 c8d8,567,100,82,731,endgame long mate mateIn3 pillsburysMate,https://lichess.org/BSUrVaM0/black#92,,
02eUP,rn2k2r/pbppq1pp/1p2p3/5p2/2PPn3/2NBPN2/PP3PPP/R2QK2R w KQkq - 0 9,c3e4 f5e4 d3e2 e4f3,1379,76,68,282,crushing fork opening short,https://lichess.org/pdbkEmBv#17,Dutch_Defense Dutch_Defense_Normal_Variation,
02eVV,4r3/Q6p/6pk/3n1q2/4N3/2P2rPP/PP2R2K/3R4 w - - 1 30,d1e1 d5f4 e4f2 f4e2 f2g4 h6g5,2555,79,93,457,crushing long middlegame,https://lichess.org/TiqqISTt#59,,
02eXY,5r2/2k2pp1/1pn1p1p1/6N1/P4R2/7P/5PP1/6K1 b - - 3 33,c6e5 g5e6 f7e6 f4f8,1189,104,82,28,crushing endgame master short,https://lichess.org/nnuYRNaB/black#66,,
02eak,3Q4/1N4pk/p2P3p/1b3p2/3q4/P6P/2P2KP1/4R3 w - - 0 37,e1e3 d4d2 f2f3 b5c6 f3f4 d2d4,2562,85,92,1237,crushing endgame fork long,https://lichess.org/6O5YO2zz#73,,
02ebU,3r2k1/p4ppp/1p6/4q3/3R4/4PQP1/P4P2/7K b - - 0 27,d8d4 f3a8 d4d8 a8d8 e5e8 d8e8,1075,79,75,381,endgame long mate mateIn3,https://lichess.org/ifm4rOck/black#54,,
02ed8,r4rk1/3qb1pp/p3p3/1p1pBp1Q/2pPn3/P1P1P2P/1PB2PP1/R4RK1 w - - 0 18,g2g4 g7g6 h5h6 e7g5 h6g7 d7g7 e5g7 g8g7,1696,74,94,1100,crushing middlegame veryLong,https://lichess.org/AOsu1cvl#35,Queens_Pawn_Game Queens_Pawn_Game_London_System,
02eeX,7k/6R1/p6p/1p1p4/1P4Q1/P1r1q3/4p1PP/4Rr1K w - - 4 43,e1f1 e2f1q,1287,79,89,578,advancedPawn endgame mate mateIn1 oneMove promotion,https://lichess.org/l5WLe2LN#85,,
02eiM,5rk1/1pp3pp/r2qp3/7P/p2PpnP1/P7/1PQ1N3/2KR2BR w - - 4 26,c2e4 f4e2 e4e2 d6c6 c1b1 c6h1,2043,79,90,1036,advantage fork long middlegame,https://lichess.org/urlauwuu#51,,
02eiu,r4rk1/3bn1bp/1Bpq2p1/3p4/1P2Pp2/2PB4/4N1PP/2RQ1RK1 w - - 0 20,e2f4 f8f4 b6c5 f4f1,1250,76,86,366,advantage kingsideAttack middlegame short,https://lichess.org/dpXiIJCc#39,,
02ejp,8/8/1kN3R1/6Bp/b3pp1P/2K2P2/6r1/8 b - - 0 37,a4c6 g5d8 b6b7 g6g2,1191,75,98,2702,crushing discoveredAttack endgame master short,https://lichess.org/w87g8I5t/black#74,,
02emx,3B4/p7/2bk1p1p/3q2pP/2pp2P1/5P2/4QK2/8 b - - 1 36,d4d3 e2e7,1096,80,86,61,endgame mate mateIn1 oneMove,https://lichess.org/OoTNpNII/black#72,,
02eoh,r2q2k1/pbr4p/1p2p1Nb/3p4/3B2P1/2PQ3P/PPB5/R6K b - - 0 25,h7g6 d3g6 h6g7 g6h7,1716,76,87,148,crushing fork middlegame short,https://lichess.org/pnI1bXqj/black#50,,
02es1,1nq2r1k/1b1r1p1p/p5p1/3Nb3/2P5/N3BQ2/PP3PPP/2KR3R w - - 1 22,e3f4 e5f4 f3f4 b7d5,2247,111,67,42,advantage middlegame pin short,https://lichess.org/DxZ0mZ8x#43,,
02exE,1r6/4R3/3k4/8/1R1p3r/p2P4/P1P5/BK6 w - - 3 41,b4b8 h4h1 e7e1 h1e1,776,91,74,352,endgame mate mateIn2 short,https://lichess.org/RX9hXndi#81,,
02f3Q,8/8/4pk2/2R3p1/r1PK2P1/4P3/8/8 w - - 3 42,c5e5 a4c4 d4c4 f6e5 c4d3 e5d5,1098,81,58,93,crushing defensiveMove deflection endgame long rookEndgame,https://lichess.org/lQxAXh4N#83,,
02f5f,1k2Qr2/ppp4p/2n5/8/3P1q2/P1P4P/5PP1/1R2R1K1 b - - 4 24,f8e8 e1e8 c6d8 e8d8,474,108,94,380,endgame mate mateIn2 short,https://lichess.org/1CbRD4nU/black#48,,
02f60,5rk1/3b4/3bpr1p/3p2pP/2pP1qP1/2P2B2/2Q1RRP1/5NK1 b - - 17 39,g8g7 g2g3 f4f3 f2f3 f6f3 c2g6 g7h8 g6h6,2149,81,91,1948,crushing deflection middlegame trappedPiece veryLong,https://lichess.org/E7TaUw5q/black#78,,
02fKi,r2q1nr1/pp2pk1R/2p1pb2/3p1nB1/3P1NQ1/2N5/PPP2P2/2KR4 b - - 2 18,f8h7 g4h5 f7g7 f4e6,1826,82,95,17495,crushing deflection fork master middlegame short,https://lichess.org/lGlRAQCM/black#36,Caro-Kann_Defense Caro-Kann_Defense_Gurgenidze_System,
02fM9,5r2/k1p1qPp1/pb5p/1p6/P2r4/2N2Q2/1P3PPP/R4RK1 b - - 0 21,f8f7 c3b5 a7b8 b5d4,1703,77,93,2556,advantage master middlegame short,https://lichess.org/SxTW3sP3/black#42,,
02fPT,2r5/1p2kb2/1p6/pP3p1p/P1P1pP1P/1BK3P1/8/3R4 w - - 6 42,d1d4 c8g8 d4d2 g8g3,2108,82,58,48,advantage endgame short,https://lichess.org/s1ooQJdF#83,,
02fPe,1R6/5pkp/4pNp1/P3P1P1/8/4rn2/1P6/2K5 b - - 2 33,e3e5 b8g8,913,77,80,150,endgame epauletteMate hookMate mate mateIn1 oneMove,https://lichess.org/M4iB7XOq/black#66,,
02fRr,r2r2k1/ppq1bppp/4pn2/6B1/1n1P4/2N1Q3/PP1RNPPP/5RK1 b - - 15 16,b4a2 g5f4 c7c4 b2b3,2475,108,80,58,advantage middlegame short,https://lichess.org/pNyTOfon/black#32,French_Defense French_Defense_Steiner_Variation,
02fS6,r1b2rk1/pppp1ppp/8/8/1KBbP3/6N1/PPq4P/R1B2Q1R w - - 0 15,f1d3 a7a5 b4a3 d4c5 b2b4 a5b4,1760,75,91,560,discoveredCheck doubleCheck long mate mateIn3 middlegame,https://lichess.org/0R4lKyDK#29,Vienna_Game Vienna_Game_Stanley_Variation,
02fT9,r2q1rk1/p1p1n1pp/1pnp4/bN2pP2/P1P5/5NB1/5PPP/1R1Q1RK1 b - - 0 16,e7f5 d1d5 g8h8 d5c6 a7a6 b5a3,1861,73,94,10103,advantage defensiveMove fork long middlegame,https://lichess.org/mOszGc41/black#32,Italian_Game Italian_Game_Giuoco_Piano,
02fUl,r3k2N/ppp3pp/8/2bBp3/7q/3PB3/PPP1b1PP/RN4KR w q - 0 14,e3c5 h4e1,784,78,100,398,mate mateIn1 middlegame oneMove,https://lichess.org/AKwLFh6N#27,Italian_Game Italian_Game_Two_Knights_Defense,
02fb8,7k/1p6/4p2p/pPPp2b1/3PP3/6P1/2B5/7K b - - 0 34,g5e3 c5c6 b7c6 b5c6,1366,77,79,188,bishopEndgame crushing endgame master short,https://lichess.org/nnW0OO7B/black#68,,
02fby,2k3r1/ppp4p/8/3r1p2/P3b3/1P2P2P/1K4B1/3R2R1 w - - 0 27,d1d5 e4d5 g2d5 g8g1,1090,78,92,608,crushing endgame short,https://lichess.org/qCF3nPbg#53,,
02fdp,4r2k/p1p3p1/Q6p/8/3q4/3B4/P1P2PPP/3K3R w - - 0 26,h1e1 d4a1 d1d2 a1e1,1340,75,99,2846,endgame mate mateIn2 short,https://lichess.org/bl7tBVxz#51,,
02fe0,8/1k6/1P6/5K2/r3N3/1R6/8/r7 b - - 16 56,a1h1 e4c5 b7c6 c5a4,1170,77,97,411,crushing endgame fork short,https://lichess.org/p4QBSd2b/black#112,,
02ffy,5rk1/1p3rpp/p5p1/2pBq3/2Pb4/1Q4P1/PP3PP1/R4RK1 w - - 10 26,a1e1 d4f2 f1f2 e5e1 g1h2 e1f2,1057,76,88,487,attraction crushing deflection fork long middlegame,https://lichess.org/cCLPbTtZ#51,,
02fjz,3r1rk1/pp3p1p/1q3p2/5B1Q/8/1P2p3/P4PPP/2R2K2 b - - 1 22,b6b5 f1g1 f8e8 f5h7 g8g7 h5b5,2321,87,77,41,advantage defensiveMove discoveredAttack endgame long,https://lichess.org/F95NGxCG/black#44,,
02fpY,1k5r/1b3p2/3p1b1p/2qPpNpP/1p2Q1P1/1P1B1P2/2P5/2KR4 w - - 1 33,c1b2 b7d5 d3c4 d5e4,1786,74,91,1953,crushing middlegame short,https://lichess.org/1CvqTTHc#65,,
02fqW,2r3k1/R5n1/3r2p1/1P3p2/1p1P4/8/1P3PPP/4R1K1 w - - 1 31,e1e7 c8c1 e7e1 c1e1,711,103,85,1100,backRankMate endgame mate mateIn2 short,https://lichess.org/6PazadNo#61,,
02fsg,6r1/1p1k3p/8/1p4p1/3b4/1P2N1B1/b1P3PP/4R1K1 b - - 5 22,a2b1 e1d1 d7e6 d1d4,1663,76,95,4632,advantage endgame fork pin short,https://lichess.org/xaqwxpzv/black#44,,
02fsv,8/1p3k2/p4p1P/4b3/P7/1P1RBK1r/8/8 w - - 5 46,f3e4 f7e6 d3d8 f6f5,1757,75,92,213,crushing endgame master short,https://lichess.org/pfcgidhZ#91,,
02fuN,8/8/3k3p/5Kp1/5pP1/8/4RP2/1r6 b - - 3 52,b1b6 e2e6 d6c5 e6b6,967,94,55,28,crushing endgame rookEndgame short,https://lichess.org/lRqU27ur/black#104,,
02fxX,r1b4k/bp4p1/p1pp3B/8/1PB4q/P2P1Q1P/2P3P1/R6K b - - 0 23,h4h6 f3f8 h8h7 c4g8 h7g6 g8f7,2791,121,90,640,crushing kingsideAttack long middlegame,https://lichess.org/dZx1rl7e/black#46,,
02fzY,7r/6RP/2p5/8/2k4K/1p6/5P2/8 w - - 0 50,h4h5 b3b2 g7b7 h8h7 b7h7 b2b1q,1383,82,94,3726,advancedPawn crushing deflection endgame long promotion rookEndgame,https://lichess.org/P16cwZZd#99,,
02g0i,4k3/pp4p1/3PKp2/6pr/8/P2R1P2/8/8 b - - 2 36,g5g4 d6d7 e8d8 d3c3 h5e5 e6d6 e5d5 d6d5,2452,79,86,401,advancedPawn crushing endgame master quietMove rookEndgame veryLong,https://lichess.org/tchKBiXQ/black#72,,
02g0n,2r5/pp2k2p/4pQp1/8/2q5/2Pr2P1/P6P/3R1RK1 b - - 8 29,e7d6 f6f4 d6c5 f4c4 c5c4 f1f4 c4c3 d1c1 c3b2 c1c8,2071,80,85,59,advantage attraction endgame pin skewer veryLong,https://lichess.org/duGekynV/black#58,,
02g7h,2k2Q2/pR4pp/2prr3/N2n4/3q4/6P1/P4PKP/8 b - - 11 31,d6d8 b7b8 c8b8 f8d8,1549,76,93,592,attraction deflection mate mateIn2 middlegame short,https://lichess.org/kmDEnyIj/black#62,,
02g8I,5rk1/3n2pp/1qp1n3/pp2p1Q1/4P3/N1PP2RP/P1B3P1/7K w - - 3 25,g5e7 f8f1 h1h2 b6g1,912,88,93,2668,kingsideAttack mate mateIn2 middlegame short,https://lichess.org/yljc58FT#49,,
02gDi,5Q2/8/p3p1kP/8/3p2P1/4q1K1/P7/8 w - - 5 49,g3h4 e3h6 f8h6 g6h6,1694,76,49,85,crushing endgame queenEndgame short,https://lichess.org/oyDzPtFl#97,,
02gEE,3rr2k/5ppp/p4Q2/1p1P3b/3BP3/1B3P2/P3K3/6R1 b - - 0 25,g7f6 d4f6,783,109,93,1225,endgame mate mateIn1 morphysMate oneMove,https://lichess.org/6TB3vOws/black#50,,
02gGn,R7/P7/8/5pp1/6k1/r5P1/5K2/8 w - - 0 50,a8b8 a3a7 b8b4 g4h3,2353,91,90,338,advantage endgame master rookEndgame short,https://lichess.org/osojJ9kh#99,,
02gI7,r4rk1/2p2pp1/1q2p2p/8/1P4RP/5Q2/P4PP1/3R2K1 b - - 0 23,a8a2 f3f6 b6f2 f6f2 a2f2 g1f2,1985,75,92,3551,crushing endgame long pin,https://lichess.org/OtWUxNbC/black#46,,
02gIr,4R3/8/6P1/3k1p1p/p4P2/8/1r2p3/4K3 b - - 2 44,a4a3 g6g7 b2b1 e1e2,1722,76,93,417,advancedPawn crushing endgame rookEndgame short,https://lichess.org/FUoSe8qy/black#88,,
02gM8,4k1r1/8/p7/2pP2b1/P5p1/7p/2BNr1PP/R4R1K w - - 0 34,f1e1 h3g2 h1g1 g5e3,1563,77,94,2918,advancedPawn mate mateIn2 middlegame morphysMate short,https://lichess.org/60hPrcKx#67,,
02gNv,7k/npp5/p2P1q1p/8/8/1P1QP2p/P1P5/1R5K w - - 0 33,d6d7 f6f3 h1g1 f3g2,1282,78,91,172,endgame mate mateIn2 short,https://lichess.org/OeJfK0M9#65,,
02gOI,N1b4r/1p2k2p/p2p3q/5p2/3PpP2/1B2P1P1/P1Q1NnKp/1R6 b - - 1 24,h2h1q b1h1 h6h1 g2f2 c8d7 a8b6 h1f3 f2e1,2103,78,84,181,crushing master middlegame veryLong,https://lichess.org/uZRMSB81/black#48,,
02gPh,4r1k1/pp4pp/2pb1p1B/3p4/3P2Q1/1P1N3P/P1P2PP1/4q1K1 w - - 4 30,d3e1 e8e1,532,102,89,451,endgame kingsideAttack mate mateIn1 oneMove pillsburysMate,https://lichess.org/9fzuUBok#59,,
02gTy,2k5/2B4R/1P4p1/3p1p2/3Kn3/8/1r5P/8 w - - 1 40,d4d5 e4f6 d5e6 f6h7,1326,76,100,559,crushing endgame fork master short,https://lichess.org/GnJapYlb#79,,
02gUK,7r/5p2/1ppBbk2/1P5r/P3P1n1/2N5/5PP1/1BRR2K1 w - - 1 33,g2g3 h5h1 g1g2 h8h2 g2f3 h2f2,1340,75,95,2538,long mate mateIn3 middlegame,https://lichess.org/hms2FPiJ#65,,
02gWU,rnbr2k1/1pb1npp1/p1p2q1p/4p3/P1B1P3/1P3N2/1BP1NPPP/R2Q1RK1 w - - 2 13,b2e5 d8d1 e5f6 d1f1 g1f1 g7f6,1865,76,72,140,advantage long middlegame,https://lichess.org/6OhNekLy#25,Kings_Knight_Opening Kings_Knight_Opening_Other_variations,
02gWm,r3kr2/pppn2Q1/3p3p/8/8/1PP1R2P/Pq2B2K/8 b - - 3 25,e8d8 g7e7 d8c8 e7e8 f8e8 e3e8,1470,80,80,214,backRankMate long mate mateIn3 middlegame sacrifice,https://lichess.org/z0yU6pHe/black#50,,
02gXq,3r2k1/5ppp/p3p3/1qb1P3/8/2P1BQPP/8/5R1K b - - 3 26,c5e3 f3f7 g8h8 f7f8 d8f8 f1f8,938,91,80,361,backRankMate endgame long mate mateIn3 sacrifice,https://lichess.org/JQSWx2VW/black#52,,
02gYs,8/R2pr3/p4pk1/1p1BP1p1/4Kp2/P7/1P5P/8 w - - 0 43,a7a6 e7e5 e4f3 e5d5,1159,75,100,121,advantage deflection endgame short,https://lichess.org/S7tzUmFA#85,,
02gZ7,7Q/1p2R3/5np1/3p1rk1/P3n3/8/1PP1N1b1/2K5 w - - 6 37,e2d4 f5f1,419,116,71,246,master mate mateIn1 middlegame oneMove,https://lichess.org/zqE9pgLu#73,,
02gZJ,6k1/p3rp1p/8/2bB2p1/4R1P1/5Q1P/PP3PK1/4q3 b - - 6 37,e7e4 f3f7 g8h8 f7g8,1192,75,94,585,endgame mate mateIn2 short,https://lichess.org/Eg6BWAxp/black#74,,
02gaO,8/B1p4r/2k1p3/4RpP1/P5p1/1P2R1P1/2PP2K1/7r w - - 1 45,g2f2 h7h2,1097,84,94,184,endgame mate mateIn1 oneMove,https://lichess.org/foJw1Xtj#89,,
02gbF,2k2b1r/7p/p2p4/2pB2p1/3pP3/1P1P4/2PK1P2/6R1 w - - 0 33,g1g5 f8h6 f2f4 h6g5,962,82,82,107,crushing endgame pin short,https://lichess.org/JrCgKPrQ#65,,
02ger,5rk1/6pp/1p6/p1prPpPP/3P1P1K/1q6/1P3Q2/R2R4 w - - 2 33,d4c5 d5d1 a1d1 b3d1,1221,93,70,49,crushing endgame short,https://lichess.org/Lnz8E10D#65,,
02gii,4r2r/1ppk4/p1b1p1p1/5pq1/P1BP3p/4P2P/2P2PP1/R1Q2RK1 w - - 1 26,f2f4 g5g2,686,105,88,165,kingsideAttack mate mateIn1 middlegame oneMove,https://lichess.org/NAY9RFuQ#51,,
02gjP,8/7k/1p2p2P/3p1pN1/p4P2/P1P5/1P1nr1r1/KR5R b - - 2 45,g2g5 f4g5 d2b1 g5g6 h7g6 h6h7,1850,90,67,47,advancedPawn crushing endgame exposedKing long master,https://lichess.org/xEs9hoha/black#90,,
02gol,4k3/1K3p2/4pPp1/1P2N2p/5P2/8/7P/2r5 b - - 10 46,c1b1 b5b6 b1h1 b7c6 h1h2 e5c4 h2c2 b6b7 c2c4 c6b5 e8d7 b7b8q,2753,102,86,128,advancedPawn crushing defensiveMove endgame promotion quietMove sacrifice veryLong,https://lichess.org/l0zZYkD9/black#92,,
02gpk,r3kb1r/pp1qnppp/4p3/4P3/3n4/4B3/PP3PPP/RN1Q1RK1 w kq - 0 12,e3d4 a8d8 b1c3 d7d4 d1d4 d8d4,1848,76,91,1973,crushing intermezzo long middlegame quietMove,https://lichess.org/A6GMJz2C#23,French_Defense French_Defense_Normal_Variation,
02gtK,3r1r2/p3p1kb/1p3p2/3B1Pp1/3Rp1Pp/1QP5/PP4RK/4q3 b - - 5 31,e4e3 d4d1 e1d1 b3d1 h7g8 c3c4,1747,76,89,53,advantage defensiveMove long middlegame trappedPiece,https://lichess.org/Jwn3DneJ/black#62,,
02gvL,8/1r1q2kp/2Rp1pp1/1PpP4/R3P3/5P2/1Q3KPr/8 w - - 0 35,a4a6 d7h3 f2e3 h2g2 b2g2 h3g2,1479,78,92,126,crushing endgame long pin,https://lichess.org/ztmUk4Lm#69,,
02gxm,3q1rk1/4pp2/3p2P1/1p1Q4/p1r1P1p1/P1N5/1PP5/2KR4 b - - 0 24,e7e6 d5h5 g8g7 h5h7,1969,75,92,3510,crushing endgame short,https://lichess.org/lwHYTejj/black#48,,
02h1I,2Q5/p4r1k/3P3p/7q/P7/2p3p1/6P1/4R1K1 w - - 2 49,c8c3 h5h2,1076,79,81,208,endgame master mate mateIn1 oneMove,https://lichess.org/RoLpNXdP#97,,
02h2Q,8/3N4/p7/2PP4/P4k2/1P4p1/3KR2r/8 w - - 1 49,d7f6 f4f3 e2h2 g3h2 c5c6 h2h1q,2032,77,81,103,advancedPawn crushing endgame long promotion,https://lichess.org/7L3QIplY#97,,
02h3w,r7/pp1rbk2/2pnpp2/P3P1pp/3P4/5P1P/4NKPB/R2R4 b - - 0 32,f6e5 d4e5 d6e4 f3e4,1122,77,100,359,advantage middlegame short,https://lichess.org/TMmK0HOu/black#64,,
02h4a,r5kr/4P3/2pB1Rpp/1pPp2n1/p2P4/2P1P3/7P/1R5K w - - 3 32,f6g6 g8f7 g6g5 h6g5,1226,76,68,167,endgame,https://lichess.org/FZ9drTJC#63,,
02h9I,r3q2r/pp4kp/6p1/3Pp3/3nP3/6Q1/PB3PPP/R3K2R w KQ - 2 19,e1g1 d4e2 g1h1 e2g3,901,107,93,1069,advantage fork middlegame short,https://lichess.org/PDXhPgzy#37,Grunfeld_Defense Grunfeld_Defense_Exchange_Variation,
02h9e,8/2p2p2/3p2kp/p2P2p1/P1P1KPP1/7P/8/8 b - - 0 37,g5f4 e4f4 f7f6 h3h4,1352,77,85,187,crushing defensiveMove endgame pawnEndgame short,https://lichess.org/yWF4rarr/black#74,,
02hB2,r7/5p2/7p/3R2p1/6P1/2k1P2P/5r2/K2B3R w - - 1 37,a1b1 f2b2 b1c1 a8a1,1068,79,92,15620,endgame mate mateIn2 short,https://lichess.org/b1CaNjTM#73,,
02hCI,3rr1k1/p1q3bp/1pn3p1/5p2/2p1NP2/2P1Q2P/PP3BB1/3RR1K1 b - - 1 22,d8d1 e4f6 g7f6 e3e8,1473,76,75,119,crushing discoveredAttack kingsideAttack master middlegame short,https://lichess.org/Bo2sO1X9/black#44,,
02hJV,3rk2r/1p2n2p/p1n2p1b/4p3/4Q3/6BP/PPP2PP1/2K2B1R w k - 2 16,c1b1 d8d1,531,85,100,94,backRankMate mate mateIn1 middlegame oneMove,https://lichess.org/K9asGpox#31,Caro-Kann_Defense Caro-Kann_Defense_Exchange_Variation,
02hKJ,rnbqkb1r/1pp2ppp/p3p3/4N3/2PPp3/8/PP3PPP/R1BQKB1R b KQkq - 1 7,f7f6 d1h5 g7g6 e5g6 h7g6 h5h8,1512,77,96,29864,advantage long opening,https://lichess.org/v13kTEYj/black#14,Queens_Gambit_Declined Queens_Gambit_Declined_Marshall_Defense,
02hO3,8/1b6/pk2p3/1p1pb3/1P2P3/P1PBK1P1/3R1Prr/1N1R4 w - - 0 35,f2f4 g2g3,1280,75,99,2790,master masterVsMaster mate mateIn1 middlegame oneMove pillsburysMate,https://lichess.org/RfNxpqNZ#69,,
02hRj,8/R2P4/p4p2/3rk1p1/8/8/6P1/5K2 b - - 2 42,a6a5 a7a5 d5a5 d7d8q,1094,86,90,1410,advancedPawn advantage deflection endgame pin promotion rookEndgame short,https://lichess.org/T7cRomZY/black#84,,
02hSh,8/P1n5/1p5p/8/3kpp2/3p3P/5PP1/3R1K2 w - - 3 39,d1c1 d3d2 c1a1 d4d3 a1a3 d3c2,2217,141,0,10,advancedPawn crushing defensiveMove endgame long,https://lichess.org/6qnkQyBX#77,,
02hTQ,2rr1k2/5Pp1/2p4p/1pP1N3/1P6/6P1/6KP/5R2 b - - 0 32,d8d5 e5g6,972,94,95,243,endgame mate mateIn1 oneMove,https://lichess.org/wLwnVFWE/black#64,,
02hUG,r5k1/1p3pp1/p2R1np1/2q5/5Q2/8/P3RPPP/6K1 w - - 3 32,e2d2 c5c1 d2d1 c1f4,1115,76,100,154,crushing endgame short,https://lichess.org/vd3CgvwR#63,,
02hUg,2k2r2/1pp3p1/p7/7p/1P6/2r4P/5qPQ/5RK1 w - - 0 32,f1f2 c3c1 f2f1 c1f1,723,107,93,114,endgame mate mateIn2 queenRookEndgame short,https://lichess.org/KfwFqHFz#63,,
02hXv,r4k2/ppq3p1/4Q2p/2p5/8/5P2/PP3PK1/4R3 b - - 0 24,a8d8 e1e5 c7e5 e6e5,2176,85,88,191,crushing endgame short,https://lichess.org/y3ZnDhnv/black#48,,
02hgA,8/p1k1bp2/1p2p1pp/4PP2/2p1K1P1/P1P1B3/1P4P1/8 b - - 0 30,e6f5 g4f5 g6f5 e4f5 h6h5 e5e6 f7e6 f5e6,2263,86,90,1068,bishopEndgame crushing endgame veryLong,https://lichess.org/Q3FMCmtd/black#60,,
02hgm,8/4r3/5pp1/5k1p/5P1R/6PK/7P/8 w - - 0 49,g3g4 h5g4 h4g4 e7h7 h3g3 h7h2 g4g6 h2h1 g3g2 f5g6 g2h1 g6f5,2687,91,95,349,crushing endgame intermezzo quietMove rookEndgame veryLong,https://lichess.org/lQb4Sp4b#97,,
02hgn,R4r1k/5rq1/1p1p3p/1P4NQ/2PppP2/3n4/6PP/R6K b - - 7 36,f7f4 g5e6 f8a8 a1a8,2156,77,91,4750,crushing fork master middlegame short,https://lichess.org/w9U19TPQ/black#72,,
02hmj,8/1p2q2p/p1r1p1pk/n2pP1N1/2r4Q/8/P4PP1/R5K1 b - - 1 30,h6g7 h4h7 g7f8 h7h8,1298,77,89,498,mate mateIn2 middlegame short,https://lichess.org/eiUO0PUc/black#60,,
02hwW,5r1k/2q3rp/p2Rp1p1/6Pn/1pB1P3/4QP2/PPP5/2K2R2 w - - 1 25,e3d3 h5f4 d3d4 e6e5 d4e5 c7c4,1983,76,86,325,advantage deflection long middlegame,https://lichess.org/WfaiHbXX#49,,
02i1V,2R5/5p1k/4p1p1/2Q1P2p/1pP2P1P/6PK/r7/3q4 w - - 2 49,c5f8 d1f1,653,96,100,134,endgame mate mateIn1 oneMove,https://lichess.org/xakDwNSq#97,,
02i33,8/pp5k/1n2p2N/2p3n1/2P4P/1P2R3/Prr5/6RK w - - 1 35,h4g5 c2h2,699,77,80,83,endgame mate mateIn1 oneMove,https://lichess.org/lKsT48Ke#69,,
02iAG,6k1/1p4b1/p5p1/3rB2p/8/P7/1P2RPPP/6K1 w - - 0 30,e5g7 d5d1 e2e1 d1e1,400,95,58,158,backRankMate endgame mate mateIn2 short,https://lichess.org/iN5VFrJ4#59,,
02iCT,r4rk1/2b3p1/2R4p/5p2/1p6/4Q1P1/1q3PBP/2R3K1 b - - 0 29,a8e8 g2d5 g8h7 c6h6 g7h6 c1c7,1780,75,85,214,crushing discoveredAttack long middlegame,https://lichess.org/h2sGCOby/black#58,,
02iFK,6k1/6p1/5p1p/4q3/8/6QP/P5PK/8 b - - 8 43,e5b2 g3b3 b2b3 a2b3,1275,78,73,91,advantage endgame queenEndgame short,https://lichess.org/DhgPnYCY/black#86,,
02iFO,r3k2r/ppp1qpb1/2np1npp/4P1B1/2BP4/2N2Q2/PPP3PP/2KR3R b kq - 0 12,d6e5 c3d5 f6d5 g5e7,2116,75,85,109,crushing middlegame short,https://lichess.org/yrbAyMcG/black#24,Kings_Gambit Kings_Gambit_Other_variations,
02iLq,r6k/pR5p/2p2N2/4n3/3p4/7P/2q3P1/4R2K b - - 0 32,c2d2 b7h7,1018,78,86,203,arabianMate endgame mate mateIn1 oneMove,https://lichess.org/J5wotFMa/black#64,,
02iRi,5k2/2q3p1/3pQp1p/4p2P/4P3/3P2P1/5PK1/8 b - - 0 39,c7f7 e6d6 f8g8 d6d5 f7d5 e4d5,2209,101,86,59,crushing endgame long pin queenEndgame,https://lichess.org/TgGEbQCV/black#78,,
02iWd,3r1rk1/pp3ppp/2p1qn2/4p3/1P6/2N1P1Q1/P4RPP/5RK1 b - - 1 23,d8d6 f2f6 e6f6 f1f6,1107,85,91,378,advantage middlegame pin short,https://lichess.org/1dmGLnwT/black#46,,
02iYi,5rk1/5pp1/p2b1q1p/8/2pNQ3/6Pb/PpB2P1P/1R3RK1 b - - 3 25,h3f1 e4h7,671,116,91,1065,mate mateIn1 middlegame oneMove,https://lichess.org/y1YnG1lv/black#50,,
02iak,8/P7/3k1R2/1P4p1/7p/7P/6PK/rr3B2 b - - 2 50,d6c7 f6a6 b1f1 b5b6 c7d7 a6a1 f1a1 b6b7,2232,77,84,275,advancedPawn crushing endgame exposedKing master masterVsMaster sacrifice veryLong,https://lichess.org/0bfpkeuY/black#100,,
02ifh,2rR3k/1q3prp/pp2p3/4Qp2/2P5/1P5P/P4PP1/3R2K1 b - - 7 29,c8d8 d1d8,833,78,81,192,endgame mate mateIn1 oneMove,https://lichess.org/UvKC6AbB/black#58,,
02igk,8/6R1/3rkn2/2p5/7P/4K3/3p1P2/3N4 w - - 2 58,g7c7 f6d5 e3d2 d5c7,1118,76,100,138,advantage discoveredAttack endgame fork master short,https://lichess.org/0fO2gozk#115,,
02im6,r2qkb1r/pp2pppp/5n2/5b2/3Bp3/2P5/PP2BPPP/RN1Q1RK1 b kq - 4 9,e7e6 d4f6 d8d1 f1d1 g7f6 e2b5 e8e7 d1d7,2356,84,83,308,crushing opening veryLong,https://lichess.org/aDuhy4SP/black#18,Sicilian_Defense Sicilian_Defense_Keres_Variation,
02ioO,4r1k1/1pr2pp1/4q1np/p2pPN2/b1pP3P/4P1Q1/1P4P1/2R2RK1 b - - 0 28,g6e7 g3g7,831,76,100,493,kingsideAttack mate mateIn1 middlegame oneMove,https://lichess.org/6MKSdKqY/black#56,,
02irR,3r4/2KP1k2/8/5p2/p4Ppp/P1P5/1P2R3/8 b - - 2 54,d8d7 c7d7 h4h3 e2h2,1920,80,89,970,crushing endgame hangingPiece rookEndgame short,https://lichess.org/v7rA7M2L/black#108,,
02itv,rn3rk1/pp3ppp/2p1p1b1/8/2Pq4/P4N1P/2P1BPP1/R1Q2RK1 b - - 3 18,d4e4 e2d3 e4f3 g2f3,1381,75,83,543,crushing middlegame short trappedPiece,https://lichess.org/oHhgr635/black#36,Scandinavian_Defense Scandinavian_Defense_Mieses-Kotroc_Variation,
02iwN,8/7k/6p1/5R2/4KN2/6rp/8/8 w - - 0 50,f5a5 h3h2 a5a1 g3g1,1173,131,83,13,advancedPawn crushing endgame short,https://lichess.org/LPLO2ITD#99,,
02iyq,4r1k1/pp3p1p/q1p2Np1/3nP1Q1/8/1P1P3P/P3R1P1/7K b - - 1 28,d5f6 e5f6 e8e2 g5h6 e2e1 h1h2 e1h1 h2h1 c6c5 h6g7,1686,76,92,1473,endgame mate mateIn5 sacrifice veryLong,https://lichess.org/rpyv9rFS/black#56,,
02j44,rn3knr/pbppq3/1p4Bp/4P1pQ/2p5/2P3N1/P4PPP/R3R1K1 b - - 1 17,b8c6 h5f3 f8g7 g3f5 g7g6 f5e7 c6e7 f3b7,2037,79,92,5600,crushing exposedKing fork middlegame veryLong,https://lichess.org/kjngVApx/black#34,English_Defense English_Defense_Other_variations,
02j6j,8/Qp1b4/2k1p3/8/3P1n2/2KNq3/P1P4P/8 b - - 0 31,f4d3 d4d5 c6d5 a7e3,1802,93,81,34,crushing discoveredAttack endgame master short,https://lichess.org/JtobgAbm/black#62,,
02jBE,r5k1/4ppb1/4qnp1/2p1B3/1pN5/1P1P1Q2/r1P2RPP/1R5K w - - 3 22,b1f1 f6g4 e5g7 g4f2,1947,75,85,182,crushing kingsideAttack middlegame short,https://lichess.org/EyUmkK4z#43,,
02jBf,r1b4r/1p1pkppp/pq1Np3/3Bn3/8/P4P2/1P1B2PP/R2QK2R b KQ - 0 17,b6d6 d2b4 d6b4 a3b4,1402,77,83,2474,crushing middlegame pin short,https://lichess.org/M7zamHVN/black#34,Sicilian_Defense Sicilian_Defense_Alapin_Variation,
02jDq,1r4rk/6np/7Q/p1p1q2p/N1Pp1p2/1P1P2B1/P5R1/5KR1 w - - 0 39,h6f4 b8f8 g2f2 f8f4,1762,75,86,358,advantage master middlegame pin short,https://lichess.org/6NwUkRQo#77,,
02jGG,Q1bqk2r/5ppp/4p3/1p2n3/1b1Pp3/8/PP2KPPP/R1B4R w k - 0 14,d4e5 d8d3,1076,75,100,561,mate mateIn1 middlegame oneMove,https://lichess.org/8Jism3MT#27,Slav_Indian Slav_Indian_Other_variations,
02jP2,7k/p4r1p/2pR4/8/6R1/6P1/PP3r1P/6K1 w - - 0 27,h2h4 f2f1 g1h2 f7f2 h2h3 f1h1,817,88,89,83,endgame exposedKing long mate mateIn3 rookEndgame,https://lichess.org/ataPzuaP#53,,
02jRN,8/1R3pk1/6p1/1p1N2Kp/7P/5P2/1r4P1/8 w - - 7 51,f3f4 b2g2,436,89,100,351,endgame mate mateIn1 oneMove,https://lichess.org/RHQZQ0W2#101,,
02jRz,8/5k2/2pn3P/4B3/4p3/7K/8/8 b - - 2 56,d6c4 h6h7 c4e5 h7h8q,663,99,91,233,advancedPawn advantage endgame master masterVsMaster promotion short,https://lichess.org/I4hQ73VI/black#112,,
02jSd,6k1/5p2/p4P2/1p1pP3/2pP4/P7/1P4P1/7K w - - 0 50,g2g4 a6a5 h1g2 b5b4 a3b4 a5b4,1800,76,92,1678,crushing endgame long pawnEndgame quietMove,https://lichess.org/wS1nikGx#99,,
02jTo,2r3k1/5p2/1p1n1b2/6pp/pP1NP3/P1r1BPPK/Q6P/8 w - - 1 31,a2d2 g5g4 f3g4 d6e4,2415,99,87,998,crushing deflection master middlegame short,https://lichess.org/bUUeWoxY#61,,
02jZ5,8/8/1r6/p3p3/2P1N1Pk/1P3R1n/5K2/8 w - - 0 47,f2e3 b6b3 e3d2 b3f3,1260,88,36,101,crushing deflection endgame short skewer,https://lichess.org/qRjHdd0k#93,,
02jeT,8/1kp5/1p1p4/4p3/4P2q/1PNP1Qb1/1PP3P1/6K1 w - - 2 38,g1f1 h4h1 f1e2 h1e1,1027,112,91,67,endgame mate mateIn2 short swallowstailMate,https://lichess.org/mIt8az4c#75,,
02jk5,8/1k6/1P1Kp3/5ppp/8/5P1P/5P2/8 b - - 1 48,g5g4 f3g4 f5g4 h3h4,2134,82,91,2485,crushing defensiveMove endgame pawnEndgame short,https://lichess.org/yMGa5Jzo/black#96,,
02jkb,r1bqr1k1/4bppp/p4B2/1pp5/8/1P1B4/P2PQPPP/RN2R1K1 b - - 0 15,e7f6 e2e8 d8e8 e1e8,585,106,96,904,kingsideAttack mate mateIn2 middlegame short,https://lichess.org/CCMdAYH5/black#30,Nimzo-Larsen_Attack Nimzo-Larsen_Attack_Classical_Variation,
02jkj,2r2rk1/pp2bppp/3pbn2/8/1q2P3/2N1BN1P/PPQ2PP1/3RR1K1 b - - 4 16,e6a2 c3a2 b4e1 f3e1 c8c2 e1c2,1925,136,0,23,crushing hangingPiece long middlegame,https://lichess.org/atw0KFKz/black#32,Sicilian_Defense Sicilian_Defense_Moscow_Variation,
02jl4,6rk/3RQ1p1/p6p/8/5PP1/2q4K/P6P/8 w - - 1 36,h3h4 g7g5 f4g5 h6g5,1254,75,93,9601,crushing endgame master short,https://lichess.org/9R5aYJIv#71,,
02jr4,8/5p2/2k5/8/p5Pp/P6r/1PPR4/2K5 w - - 0 39,c1d1 h3h1 d1e2 h1h2,1141,93,76,33,crushing endgame rookEndgame short,https://lichess.org/tMEtL4pb#77,,
02juV,3r2k1/1R3p2/p3pP2/1b5p/4PP1p/4BK1P/P7/8 w - - 0 37,e4e5 b5c6 f3e2 c6b7,1047,97,94,889,crushing endgame fork short,https://lichess.org/alNPsERp#73,,
02jvs,6k1/1p2ppbp/3p4/p4p2/1q1P1B1P/4PN2/P4PP1/K1R5 b - - 3 26,a5a4 c1c8 g7f8 f4h6 b4c3 c8c3,1328,78,93,2593,crushing endgame long pin,https://lichess.org/ucsJPvhF/black#52,,
02jvv,3rr1k1/ppp1qp1p/6p1/7P/4BQ2/P4N2/1bP2PP1/3R1RK1 b - - 0 27,e7e4 f4e4 e8e4 d1d8,1698,75,86,606,crushing middlegame short,https://lichess.org/rIjURFSY/black#54,,
02jym,3k1r2/ppp5/2q2n2/3p2Q1/3P3R/5PP1/PP1Nr1P1/1K5R w - - 3 27,d2b3 c6c2 b1a1 c2b2,978,99,94,491,mate mateIn2 middlegame queensideAttack short,https://lichess.org/R0zn3Wbq#53,,
02jzH,4R3/R5pk/1p3b1p/7P/8/P2n2K1/r4P2/8 b - - 2 43,d3f2 a7a8 f2h1 g3f3 g7g5 a8a7 f6g7 e8e7,2259,79,78,349,crushing defensiveMove endgame quietMove veryLong,https://lichess.org/TZfWCq6x/black#86,,
02jzk,8/2R5/PB3p2/3Kp3/r1n3p1/2k5/8/8 b - - 0 50,g4g3 a6a7 c3b3 c7c4 a4c4 a7a8q,2014,82,89,780,advancedPawn crushing deflection endgame long pin promotion,https://lichess.org/8S5HlHad/black#100,,
02k1g,6k1/2R4p/6p1/5p2/4nP2/4NK2/r5PP/8 w - - 3 40,g2g4 a2f2,1063,77,99,2084,endgame hookMate mate mateIn1 oneMove,https://lichess.org/Xu91Bs2y#79,,
02k1p,1Q3k2/1p2qpp1/p1p4p/4P3/PP3PP1/7P/8/6K1 b - - 3 30,e7d8 b8d8,1043,177,76,23,endgame hangingPiece mate mateIn1 oneMove queenEndgame,https://lichess.org/Ff8wLQ2l/black#60,,
02k5Y,8/5pk1/8/4P1P1/5pr1/8/5R1K/8 w - - 1 59,f2g2 g4g2 h2g2 g7g6 g2f3 g6g5,1950,78,85,47,crushing endgame long master rookEndgame,https://lichess.org/Zth46CHs#117,,
02k6q,2k4r/1ppqnp2/1b3B1p/pP1p4/P2P4/2NBPprb/5P1P/2RQR1K1 w - - 0 21,h2g3 h3g2 d1f3 g2f3,1634,74,88,172,advantage middlegame quietMove short,https://lichess.org/GqQonkYs#41,,
02k6v,r5k1/pb2Brpp/1p2p3/4n3/3RP2P/2P5/PPQ1BqP1/2K4R w - - 3 23,h1f1 f2e3 c2d2 e3d2,2211,77,79,278,advantage middlegame queensideAttack short,https://lichess.org/VGogLWOo#45,,
02k8q,r3r3/pp3pk1/3p1q1p/1b3P2/5R2/P1p1B2Q/5KPP/R7 b - - 6 28,c3c2 f4g4 g7h7 e3h6 f6h6 g4h4 h6h4 h3h4,2429,99,89,197,advantage discoveredAttack middlegame pin sacrifice veryLong,https://lichess.org/DbalFt68/black#56,,
02k8t,4r1k1/5pp1/p4b1p/1pBQq3/1P6/P7/5PPP/3R2K1 w - - 0 24,d5d7 e5e1 d1e1 e8e1,696,103,97,323,backRankMate endgame mate mateIn2 sacrifice short,https://lichess.org/fAUXyP2G#47,,
02k9d,5rk1/p2Q4/3p3p/1p1P2p1/3b2P1/6qP/PP1N2N1/5RK1 w - - 1 33,g1h1 g3h3,1598,80,0,247,mate mateIn1 middlegame oneMove,https://lichess.org/qB5EQdiI#65,,
02kCY,8/8/8/7p/p1b5/P5kP/2p3P1/2B3K1 b - - 7 46,g3h4 g1h2 c4f1 g2g3,1460,77,95,36331,bishopEndgame endgame mate mateIn2 short,https://lichess.org/wqBVso2E/black#92,,
02kIC,r4rk1/2pn1pp1/p2b3p/1p1NpP2/1P6/PB5P/2P2PP1/3R1RK1 b - - 1 20,f8e8 d5c7 d6c7 d1d7,1450,115,66,42,crushing discoveredAttack middlegame short,https://lichess.org/aicm0g9h/black#40,,
02kJ2,3R4/p3Rp1k/3P4/3q4/1pp5/7P/PP3PP1/6K1 w - - 0 35,d6d7 d5d1 g1h2 d1d6 f2f4 d6e7 d8c8 e7d7,1265,78,92,964,advantage endgame fork queenRookEndgame veryLong,https://lichess.org/1h1dreSB#69,,
02kQm,8/8/8/pp6/4k1p1/P1P3P1/1P3K2/8 w - - 2 53,f2e2 a5a4 b2b3 a4b3,1506,75,97,6033,crushing endgame pawnEndgame quietMove short zugzwang,https://lichess.org/CleDTYpC#105,,
02kQt,r3kb1r/pp3pp1/4p1p1/3pN3/2pP3P/2P1P3/PP6/2KB1R2 b kq - 0 22,f7f6 d1a4 e8d8 e5f7 d8e7 f7h8,1773,76,91,1189,advantage endgame exposedKing fork long,https://lichess.org/SNxzBmhF/black#44,,
02kVm,r1b4r/ppp1nk1p/2pb1Np1/6B1/2B5/5P2/PPP2P1P/R3K1R1 b Q - 4 14,f7f8 g5h6,1491,112,89,210,mate mateIn1 middlegame oneMove,https://lichess.org/mY9YxxRX/black#28,Scotch_Game Scotch_Game_Classical_Variation,
02kX6,5k1r/3pq1b1/pp1n1r1p/3B2p1/P7/Q1R4P/1P3PP1/3R2K1 b - - 6 27,d6f5 c3c8,914,79,100,89,mate mateIn1 middlegame oneMove,https://lichess.org/Dnpvcrfq/black#54,,
02kXH,r3k2r/pq1n1ppb/4p2p/4P3/Q1N3P1/1Pp1P2P/P4P2/R4RK1 b kq - 1 19,a8b8 c4d6 e8e7 d6b7,844,87,91,414,crushing fork middlegame pin short,https://lichess.org/ARLgMHs5/black#38,Queens_Pawn_Game Queens_Pawn_Game_Mason_Variation,
02kXd,r2q1r1k/p1p3pp/5p2/1bbN1P1Q/5R2/1B4B1/PPP3PP/7K b - - 2 21,b5e8 h5h7 h8h7 f4h4 e8h5 h4h5 h7g8 d5e7,1345,75,84,604,attraction discoveredCheck doubleCheck kingsideAttack mate mateIn4 middlegame sacrifice veryLong,https://lichess.org/ICFzYzcW/black#42,,
02kZ1,3r2r1/pk6/bpnbQ1B1/2q5/8/P1P1B3/2P3PP/R2R3K b - - 2 25,g8g6 e6f7 b7a8 e3c5,2059,76,85,462,advantage fork middlegame short,https://lichess.org/MyPdHtp9/black#50,,
02kZu,8/3k4/8/pp1PPKb1/6P1/8/P7/8 b - - 1 43,g5h4 g4g5 a5a4 e5e6 d7e8 d5d6,2561,92,79,114,bishopEndgame crushing endgame exposedKing long quietMove,https://lichess.org/ItIbtHc9/black#86,,
02kaz,r2r2k1/p4pb1/3N2q1/2pQ4/8/P2P2PP/1P3PK1/1R2R3 b - - 0 31,g6d6 e1e8 d8e8 d5d6,1141,213,83,8,crushing deflection middlegame short,https://lichess.org/UDSNetOb/black#62,,
02kdk,r2br1k1/pp2pp1p/4b1p1/6B1/3RN2P/1P6/5PP1/4R1K1 b - - 2 19,e6b3 e4f6 g8h8 f6e8,921,87,94,600,advantage middlegame short,https://lichess.org/Wr3HBu3P/black#38,Sicilian_Defense Sicilian_Defense_Dragon_Variation,
02kdr,1r3rk1/6p1/2q1pp1p/Q7/1pP1P3/1P3P2/6PP/R2R2K1 w - - 2 28,d1d3 b8a8 a5a8 f8a8 a1a8 c6a8,1295,76,92,925,crushing endgame long master,https://lichess.org/BGp0Vbz5#55,,
02kge,4r1k1/5pp1/p1p2q2/2Q5/3P3P/8/P4PP1/2R3K1 w - - 2 27,c5c6 e8e1 c1e1 f6c6,1395,92,81,53,advantage deflection endgame short,https://lichess.org/rhRQXeVB#53,,
02khf,2r2rk1/3R1pp1/2p4p/p3p3/4P1QP/1P6/P1q3P1/5R1K b - - 3 23,c2a2 d7f7 f8f7 g4c8 g8h7 f1f7 a2b1 h1h2,1510,76,87,257,crushing deflection discoveredAttack endgame veryLong,https://lichess.org/LWuXxDkn/black#46,,
02kn2,rnbqk2r/pp3pp1/3bpn1p/1B1pN3/3Q1B2/4P3/PPP2PPP/RN2K2R b KQkq - 2 8,c8d7 e5d7 b8d7 f4d6,1787,74,94,9401,crushing discoveredAttack opening short,https://lichess.org/OrurLtEu/black#16,Torre_Attack Torre_Attack_Classical_Defense,
02kp5,8/8/8/5K2/pr5p/6kP/R5P1/8 w - - 0 58,f5g5 b4b5 g5f6 b5a5,1705,76,91,779,advantage defensiveMove endgame master rookEndgame short,https://lichess.org/UdYCu8V0#115,,
02kqG,8/7p/3Q1pnk/8/3N4/4p1P1/5PKP/3q4 b - - 3 42,h6h5 d6d7 g6h4 g3h4 d1g4 d7g4,2643,90,65,66,crushing endgame long,https://lichess.org/LhEuTBDq/black#84,,
02ksF,8/8/8/1p5p/1P5k/4KP2/8/8 w - - 0 61,f3f4 h4g4 e3e4 h5h4,908,86,68,116,crushing defensiveMove endgame master pawnEndgame short,https://lichess.org/feAeF1cc#121,,
02ksV,8/7k/1B4pp/P4b2/1b2p3/8/r4PPP/1R4K1 w - - 0 32,b1b4 a2a1 b4b1 a1b1,550,91,73,646,backRankMate endgame mate mateIn2 short,https://lichess.org/wcvB3Fuy#63,,
02kyP,b4rk1/3p2pp/2p5/2P1pn2/1p5q/3Q1P2/1P4PP/2NK1B1R b - - 2 23,f5g3 d3c4 h4c4 f1c4,1667,77,88,408,crushing middlegame short,https://lichess.org/RmpEy4zt/black#46,,
02kzX,r2q1rk1/pQpn1ppp/2Nbpn2/3p4/5B2/P3P2P/1P3PP1/RN2K2R b KQ - 4 15,d7c5 c6d8 c5b7 d8b7 d6f4 e3f4,1487,76,94,6967,advantage long opening,https://lichess.org/dnvbDd1C/black#30,Queens_Gambit_Declined Queens_Gambit_Declined_Other_variations,
02l1m,r3r1k1/p4ppb/7p/1ppQn1q1/3p4/P2P4/BPP1N3/R3K2R b KQ - 1 23,e8e7 d5a8 e7e8 a8e8,1104,79,87,811,hangingPiece kingsideAttack mate mateIn2 middlegame short,https://lichess.org/aapczfIc/black#46,,
02l21,r1b1kb1r/1p4p1/p7/3pPpNp/3P3P/NnP5/5PP1/R1B2RK1 w kq - 2 18,a1b1 b3c1 f1c1 f8a3,1785,190,0,9,advantage capturingDefender middlegame short,https://lichess.org/Xasamltm#35,French_Defense French_Defense_Wing_Gambit,
02l3n,5k2/p6p/2p3p1/4p3/2B2r2/6KP/P2r1nP1/2R2R2 b - - 0 32,d2d4 f1f2 f4f2 g3f2,980,100,82,32,advantage endgame short,https://lichess.org/HpAK0CHe/black#64,,
02l4q,r4rk1/ppp2p1p/2n2Pp1/4p3/q7/P3P1BR/1PPQ1P2/2KR4 b - - 0 21,a4g4 d1h1 h7h5 e3e4,2273,86,88,520,crushing defensiveMove middlegame quietMove short,https://lichess.org/TJKSKzw3/black#42,,
02lAL,2r2rk1/ppq1ppbp/6p1/3p4/1QnP4/1P1B1NP1/P4PP1/1KR4R b - - 0 22,c7a5 c1c4 a5b4 c4b4,1781,75,93,725,advantage middlegame short,https://lichess.org/cyravD9T/black#44,,
02lAT,2rr1n1k/1p3p2/pq2pN1p/2b1P3/4Q3/P4N1P/1P3PP1/5RK1 b - - 3 23,c5d4 e4f4 d4e3 f2e3,2477,79,93,430,crushing middlegame short,https://lichess.org/XTIr4hDJ/black#46,,
02lCk,6k1/Qr3ppp/3q1n2/1p2p3/4P3/3P1KPP/5PB1/8 w - - 0 27,a7b7 d6d3,739,99,47,33,endgame mate mateIn1 oneMove,https://lichess.org/3BrwYhPM#53,,
02lFu,8/7k/p3q3/3R3p/P3pprP/1P4PK/3Q1P2/8 w - - 1 42,d5h5 h7g6 h5g5 g4g5,1254,86,89,623,crushing defensiveMove discoveredAttack discoveredCheck endgame short,https://lichess.org/MOVLqJsy#83,,
02lIm,1k1rr3/1p3R2/p2p1Npp/R5b1/3p4/8/1P4PP/6K1 b - - 3 29,e8f8 f7f8 g5e3 g1h1 d8f8 f6d7 b8a7 d7f8,1974,77,94,3761,advantage endgame fork veryLong,https://lichess.org/URiZ8t95/black#58,,
02lJV,5N1k/4q1p1/p1p4p/1p1n1Q2/8/7P/5PPK/8 b - - 1 35,e7f6 f5h7,838,95,100,621,endgame mate mateIn1 oneMove,https://lichess.org/0bxaQFsf/black#70,,
02lL0,8/7K/2k5/8/ppP5/5P2/8/B7 w - - 2 46,h7g6 a4a3 a1g7 b4b3 g7f8 b3b2 f8a3 b2b1q,1861,79,92,397,advancedPawn bishopEndgame crushing endgame promotion veryLong,https://lichess.org/kzAPE4s9#91,,
02lN4,6k1/1p6/7p/8/3N1Kp1/r5P1/6P1/8 b - - 1 43,a3f3 g2f3 g4f3 f4f3,1989,75,100,797,crushing endgame short,https://lichess.org/xEM6Nn1x/black#86,,
02lNK,r3k2r/pp3ppp/4p3/2bpPn2/3N1P2/3QB1PP/Pq3K2/RN1R4 w kq - 0 16,b1d2 c5d4 e3d4 b2d4 d3d4 f5d4,2076,85,88,472,advantage long middlegame,https://lichess.org/5L1WsQyi#31,Caro-Kann_Defense Caro-Kann_Defense_Other_variations,
02lNd,3r1rk1/pp4pp/3bp3/PP3p2/3q4/3P1Q2/3NBPP1/1R1R3K w - - 0 23,f3b7 d4h4 h1g1 h4h2 g1f1 h2h1,1092,85,89,74,kingsideAttack long mate mateIn3 middlegame,https://lichess.org/zJmo9En4#45,,
02lQd,8/p1B5/1pn3k1/2p4p/3b3K/5P2/P7/3R4 w - - 1 33,d1e1 d4f2 c7g3 f2e1,1133,78,96,6283,crushing endgame fork short,https://lichess.org/ANThSdxV#65,,
02lRx,r4rk1/p7/1p2pB2/2p4q/3P4/2P5/PP4Q1/2K5 b - - 0 30,g8f7 g2g7 f7e8 g7e7,962,78,100,276,endgame mate mateIn2 short,https://lichess.org/MqaZqIhs/black#60,,
02lUT,8/4k3/7P/3pP1K1/p1p5/Pp1r4/5P2/R7 w - - 2 46,a1h1 d3f3 h6h7 f3f8 h7h8q f8h8,2281,76,81,185,crushing endgame long master masterVsMaster rookEndgame,https://lichess.org/l0W7aoVu#91,,
02lUz,r1r3k1/1p3ppp/2q1pn2/1N5P/P7/1P4Q1/2P2PP1/2KR3R w - - 1 21,d1d2 f6e4 g3e3 e4d2,1144,87,94,1209,advantage fork middlegame short,https://lichess.org/mbtBqygR#41,,
02lVn,4r1k1/4p2p/4p1pB/1p1q4/p2Pn2Q/7P/P4PP1/2R3K1 w - - 1 28,h4e7 e8e7 c1c8 e7e8,1890,74,83,101,advantage endgame hangingPiece short,https://lichess.org/MwvOW02j#55,,
02lWb,7r/pp3Q2/1kp4N/8/PPBq1p2/1K6/2P4P/8 b - - 4 36,h8h6 a4a5,966,83,100,59,endgame mate mateIn1 oneMove,https://lichess.org/FHb6o6iJ/black#72,,
02lbA,r5k1/pp1q1ppp/2n2b2/3N4/8/8/PPP2PPP/R2QN1K1 b - - 0 15,f6b2 d5f6 g7f6 d1d7,1091,86,93,4306,advantage discoveredAttack middlegame short,https://lichess.org/HdSqgYPB/black#30,Sicilian_Defense Sicilian_Defense_French_Variation,
02lbK,2k5/5p2/Q1p1p1p1/2P5/1r6/1P2q3/K1R5/8 b - - 0 41,c8d8 a6a5 d8e7 a5b4,1450,75,99,3849,crushing endgame fork master short,https://lichess.org/s10r1tVs/black#82,,
02li3,rn2k2r/ppq2pp1/2p1pnp1/8/4N3/P2P1B2/1PP2PP1/R1BQ1RbK w kq - 4 14,h1g1 c7h2,717,81,100,354,mate mateIn1 oneMove opening,https://lichess.org/dl612mnu#27,Scandinavian_Defense Scandinavian_Defense_Main_Line,
02liP,1B2Q3/6pk/4ppp1/3p4/Rb1P4/4P1KP/5PP1/1q5r w - - 7 41,a4a8 b4e1 b8f4 e1f2,2072,92,88,27,crushing endgame master short,https://lichess.org/5seTVaBa#81,,
02lib,1r4k1/3nP1P1/8/3p4/pp1PbR2/8/PP6/6K1 b - - 1 46,d7e5 f4f8 g8g7 f8b8,1482,78,89,79,crushing endgame short,https://lichess.org/70rNAPPO/black#92,,
02ljf,2kr2n1/pppnqp2/3p2p1/4P2r/3BNP1p/3P1Q1P/P1P3B1/R5K1 b - - 2 16,d6e5 e4d6 c7d6 f3b7,1603,75,100,1042,discoveredAttack mate mateIn2 middlegame queensideAttack sacrifice short,https://lichess.org/qiuRZ1vy/black#32,Hungarian_Opening Hungarian_Opening_Symmetrical_Variation,
02lp0,4r3/5kp1/b2b1n2/2pP3p/p1P4Q/P7/1P3PPP/R4K2 w - - 2 23,a1e1 g7g5 e1e8 g5h4 e8a8 a6c4,1947,77,86,107,advantage capturingDefender endgame long,https://lichess.org/VTO3ZiUj#45,,
02lqK,6rr/pp2kp2/2pp4/4nK2/2P1PN2/4B3/PP3P1p/3R3R w - - 3 30,e3d4 f7f6 f4g6 g8g6 d4e5 g6g5,2224,84,89,642,crushing long middlegame quietMove,https://lichess.org/ylghV5mG#59,,
02lt5,8/8/Q6p/2R3pk/5n2/4pN1b/1r5K/8 w - - 2 57,h2g3 b2g2,811,94,90,427,endgame epauletteMate hookMate mate mateIn1 oneMove operaMate,https://lichess.org/wej6uAPS#113,,
02luq,6r1/2pk1p2/p7/1p1PQP2/8/2P4q/P1B1R3/4R2K w - - 0 32,e2h2 h3f3 h2g2 f3g2,1144,76,96,5321,endgame mate mateIn2 short,https://lichess.org/soRP403j#63,,
02lwJ,3r1rk1/ppq1bp2/2p3p1/4Q2p/1PP1P1N1/P5P1/5PKP/2N1R3 b - - 0 28,e7d6 g4f6 g8h8 e5g5,1990,77,89,212,advantage master middlegame short,https://lichess.org/aATKUkFe/black#56,,
02lyy,8/4k2p/7P/1bnBBp2/6p1/1P2P1P1/5P2/4K3 w - - 1 50,d5c4 b5c4 b3c4 c5d3 e1d2 d3e5,1404,77,94,1290,crushing endgame fork long,https://lichess.org/j7azQULc#99,,
02lza,rQ4k1/5ppp/4p3/4P2P/4P3/p3P1P1/PR4K1/2qr4 b - - 1 29,a8b8 b2b8 c1c8 b8c8 d1d8 c8d8,472,107,82,191,backRankMate endgame long mate mateIn3 queenRookEndgame,https://lichess.org/1csr3k8Y/black#58,,
02m0s,8/p3kpp1/8/3R1r2/8/4P1Q1/PPr4n/5K1R w - - 8 32,f1g1 f5f1,1156,77,95,2000,endgame mate mateIn1 oneMove,https://lichess.org/XIZmMiZS#63,,
02m66,3r2k1/p1p2ppp/1p6/5Q2/7q/4P2P/PP1r2P1/4RRK1 b - - 0 27,h4g3 f5f7 g8h8 f7f8 d8f8 f1f8,849,119,83,27,backRankMate endgame long mate mateIn3 sacrifice,https://lichess.org/tPzCU1aO/black#54,,
02m8N,4r2r/pQ4p1/3p1kp1/5b2/8/1BP5/P4PPP/5K2 w - - 3 21,b7a7 f5d3 f1g1 e8e1,806,94,95,140,endgame mate mateIn2 short,https://lichess.org/YyESfakv#41,,
02m8O,2rk3r/1p3p1p/p2pbN2/4N3/4P3/3QP3/qPP3PP/2KR4 b - - 0 19,d8e7 d3d6 e7f6 e5d7,2185,79,91,676,crushing middlegame sacrifice short,https://lichess.org/Jm4QyidO/black#38,Sicilian_Defense Sicilian_Defense_Closed,
02m9Y,8/2r2q1k/3p3p/1p1P1p2/3BpP1Q/2n4P/7K/6R1 b - - 0 37,c3d5 h4d8 d5f6 d4f6,2288,79,85,60,crushing endgame short,https://lichess.org/M5pRX4Ui/black#74,,
02mMy,r7/p1Bn1p1p/2p5/k2p2n1/PpbP4/2R2P2/3K2PP/1R6 b - - 1 31,a5a4 b1a1 c4a2 a1a2 a4b5 a2a5,1325,76,92,2335,long mate mateIn3 middlegame operaMate,https://lichess.org/G83ZBB1U/black#62,,
02mOV,3rr1k1/pppq2p1/2n4p/4p3/3p2Q1/P2P3P/1PPB1PP1/R4RK1 w - - 0 18,d2h6 d7g4 h3g4 g7h6,990,77,95,349,advantage middlegame short,https://lichess.org/vIkoWuFG#35,French_Defense French_Defense_Kings_Indian_Attack,
02mPu,5rk1/pp4pp/5q2/3P4/3Pp1p1/6P1/PPQ1R1KP/4Rr2 w - - 1 27,c2e4 f6f2 e2f2 f8f2,1964,79,88,299,blindSwineMate endgame mate mateIn2 sacrifice short,https://lichess.org/Uegbhw70#53,,
02mSD,8/6pp/p2kP3/3Pr1p1/PPr5/3R4/5KPP/3R4 w - - 3 40,d3e3 c4c2 f2f3 g5g4 f3g3 e5e3,1777,78,91,1196,advantage deflection endgame long master rookEndgame,https://lichess.org/LgRMtEW7#79,,
02mT9,6k1/Qpq2ppp/2p5/3n4/2rN2b1/4P1P1/P4PBP/3R2K1 b - - 2 21,g4d1 a7a8 c7b8 a8b8,1043,116,44,42,backRankMate mate mateIn2 middlegame short,https://lichess.org/8jhb52ow/black#42,,
02mTT,2r1k2r/pp2bpp1/4p3/P2pP2p/1P1NnP2/2Pq4/3B2PP/R2Q1R1K w k - 1 21,d2e1 d3f1,1225,77,80,129,hangingPiece kingsideAttack master masterVsMaster mate mateIn1 middlegame oneMove,https://lichess.org/grDN19RN#41,,
02mVD,2r2q1k/7p/p4R2/8/3Q3N/3P3P/1Pr3P1/6K1 b - - 0 39,c2c1 g1h2 f8g7 h4f5 c1h1 h2h1 c8c1 h1h2,2151,76,92,695,crushing defensiveMove endgame veryLong,https://lichess.org/6q0FXGS2/black#78,,
02meJ,5k2/3Q4/p6p/2P4P/P2P2KP/5p2/5Pb1/7r w - - 3 41,c5c6 g2h3 g4f3 h3d7 c6d7 f8e7 d7d8r e7d8,1366,78,76,226,crushing endgame master skewer veryLong,https://lichess.org/A4fUdHcm#81,,
02mfm,8/4qpkp/6p1/4P3/8/5r2/7Q/1BR4K w - - 1 43,e5e6 e7e6 h2b2 g7h6 b2d2 g6g5,2492,83,84,65,crushing defensiveMove endgame long,https://lichess.org/QbopKomS#85,,
02mg4,2r4k/1b5p/p5p1/5p2/1BB2P1K/1P1P3P/1q2R3/8 b - - 0 33,b2e2 b4c3 e2e5 c3e5,1220,308,100,46,doubleBishopMate endgame mate mateIn2 short,https://lichess.org/gBUimIjK/black#66,,
02mjl,8/1r3pk1/1r2p1pp/8/2p1P3/2N2P2/Pn1R2PP/1R4K1 w - - 2 31,b1b2 b6b2 d2b2 b7b2,490,92,80,260,advantage endgame short,https://lichess.org/BfjYUoom#61,,
02mlr,4rk1Q/ppnq2r1/2p5/4R3/1PP2p1P/P7/5PP1/4R1K1 b - - 4 35,g7g8 h8f6 d7f7 f6d6 f8g7 e5e7 e8e7 e1e7,2273,96,61,30,collinearMove crushing exposedKing middlegame pin veryLong,https://lichess.org/bBLaJrEf/black#70,,
02mo1,1r1q1rk1/ppp1ppbp/2n3p1/5b2/8/P1N1PNP1/1P1PKPBP/2RQ3R w - - 3 13,h1e1 f5d3,805,78,100,360,mate mateIn1 middlegame oneMove,https://lichess.org/IAs0lpke#25,English_Opening English_Opening_Anglo-Indian_Defense,
02mp5,8/8/5k2/5p1p/1N1b1Pp1/6P1/6KP/8 b - - 3 52,d4b6 b4d5 f6f7 d5b6,630,89,57,69,crushing endgame fork short,https://lichess.org/LyVq0meL/black#104,,
02msA,1k2r1r1/p2q4/2pb4/8/P1Q4P/1P4P1/2P1N2K/4RR2 w - - 5 35,b3b4 e8e2 e1e2 g8g3,2144,96,78,43,advantage middlegame short,https://lichess.org/JmWnzWi3#69,,
02mvf,3r4/1Q3ppk/1p2q2p/1R6/2P1p3/1P2P1PP/5P2/R2r3K w - - 1 34,a1d1 e6h3 h1g1 d8d1,1389,80,93,1271,endgame intermezzo mate mateIn2 short,https://lichess.org/whj517bP#67,,
02mvu,r1q2r1k/p1bb1p1n/5P2/1p1P2pp/3P3N/4Q2P/PP4B1/R1B2R1K b - - 0 24,g5h4 e3h6 f8g8 g2e4 g8g6 e4g6,1365,76,91,1197,crushing long master middlegame,https://lichess.org/oYqhEqUT/black#48,,
02mx1,2bk4/1p2b2p/2n3p1/1B2Np2/4p3/2B1P2P/1P3PP1/5K2 b - - 3 34,c6e5 c3a5 b7b6 a5b6,966,77,97,1387,doubleBishopMate endgame mate mateIn2 short,https://lichess.org/oZsxknVt/black#68,,
02myt,8/5r2/5P2/1p1pBk2/p1pP4/P1P2K2/1P6/8 b - - 4 46,f7f6 e5f6 f5f6 f3f4,1041,79,91,393,crushing defensiveMove endgame short zugzwang,https://lichess.org/Ivp9f0zu/black#92,,
02n0v,2r2rk1/6pp/b3R3/2PBQpq1/1p6/pP4P1/n4P1P/B5K1 b - - 1 27,g8h8 f2f4 g5g4 d5f3,2445,111,90,691,crushing master middlegame short,https://lichess.org/ffKBI3Po/black#54,,
02n1N,4r1k1/6p1/2pqpnQp/p2n4/1p1P4/6P1/PP2RB1P/4R1K1 w - - 4 33,g3g4 d5f4 g6e8 f6e8,1330,77,93,7237,crushing fork middlegame short,https://lichess.org/MAvbENPe#65,,
02n4I,r5k1/pp1bqrpp/5p1B/3Q4/8/4PP2/P5RP/R3K3 b Q - 0 25,d7c6 g2g7 g8h8 d5f7 e7f7 g7f7,1658,75,97,3705,crushing deflection long middlegame,https://lichess.org/udChoGUr/black#50,,
02n7t,8/6K1/8/5k1p/8/8/7P/8 w - - 0 54,h2h4 f5g4 g7f6 g4h4 f6f5 h4g3,734,87,77,161,crushing endgame long pawnEndgame,https://lichess.org/WB43BnpN#107,,
02nDq,r3k2r/ppnqn1pp/2pb1p2/3p4/3P4/P2Q1N2/1PPBNPPP/R3R1K1 b kq - 2 13,e7f5 e2g3 f5e7 g3f5 e8g8 f5d6,2374,80,92,6625,advantage discoveredAttack discoveredCheck long middlegame,https://lichess.org/kDykMG0i/black#26,French_Defense French_Defense_Exchange_Variation,
02nF0,5rk1/pR3ppp/5q2/2p1p3/2P5/2QPPBPb/P4P1P/6K1 w - - 1 23,f3g2 h3g2 g1g2 f6c6 e3e4 c6b7,1291,75,62,190,attraction crushing endgame fork long,https://lichess.org/iw8nkh13#45,,
02nKr,r3k3/5qp1/p1bPpBQ1/1p5r/2pP4/8/PP3PPP/R4RK1 w q - 1 23,g6g7 f7g7 f6g7 h5g5 f2f3 g5g7,1644,75,97,20614,advantage long middlegame,https://lichess.org/6mLAcOFK#45,,
02nLE,r3k2r/1bp2ppp/p3pn2/1p1qN3/3P4/3QP3/PPB2PPP/R4RK1 w kq - 0 15,a1c1 d5g2,493,94,100,361,kingsideAttack mate mateIn1 middlegame oneMove,https://lichess.org/xatzilCF#29,Queens_Gambit_Accepted Queens_Gambit_Accepted_Other_variations,
02nOn,r5k1/4nppp/pq2p3/1p6/1P2P3/P2Q1N2/5PPP/3R2K1 b - - 0 20,a8d8 d3d8 b6d8 d1d8,556,90,38,59,backRankMate endgame fork mate mateIn2 short,https://lichess.org/NzvaQKRe/black#40,,
02nP5,7k/1p5p/3pqp1r/pP5r/P2pPp2/3P1Q1P/2P2PPK/3R2R1 w - - 0 33,f3f4 h5h3 g2h3 e6h3,1329,77,87,368,endgame mate mateIn2 sacrifice short,https://lichess.org/WlvBUx72#65,,
02nTH,3r4/pQ2pkbp/2n3p1/2q3B1/8/P4N2/1P3PPP/4R1K1 w - - 0 24,e1c1 c5c1 g5c1 d8d1 f3e1 d1e1,882,79,100,219,backRankMate fork long master mate mateIn3 middlegame sacrifice,https://lichess.org/zKeqH5f5#47,,
02nTh,r2q1rk1/1b3ppp/p2pN3/1p2n3/4P3/P2B4/2PQ1RPP/5RK1 b - - 3 20,f7e6 f2f8 d8f8 f1f8,617,100,75,319,advantage fork middlegame short,https://lichess.org/2bAUwqSh/black#40,,
02nXf,2r1k2r/1p1Nppb1/1q3n1p/p2p2p1/6P1/1P2P2P/PBQP1P2/2R1KB1R b Kk - 0 15,c8c2 d7b6 c2c1 b2c1,1462,76,91,3322,advantage hangingPiece master middlegame short,https://lichess.org/nZIEiVXA/black#30,English_Opening English_Opening_Other_variations,
02nYL,r2qk2r/1p2bp1p/p1n1b3/3pPpp1/3P4/PQN2N2/1P3PPP/R1B2RK1 w kq - 0 13,b3b7 c6a5 b7a8 d8a8,1581,75,91,2499,crushing middlegame short trappedPiece,https://lichess.org/AfePgsY0#25,French_Defense French_Defense_Advance_Variation,
02na8,r3kbnr/ppp1p1pp/2n2p2/8/4QB2/1N6/PqP2PPP/RN2K2R b KQkq - 1 9,e7e5 f4c1 f8b4 e1f1 b2a1 b3a1,2087,80,91,2703,advantage defensiveMove long middlegame trappedPiece,https://lichess.org/hTpQ7L6w/black#18,Queens_Pawn_Game Queens_Pawn_Game_Accelerated_London_System,
02ncI,2k4r/pp3p2/2qP2p1/5p2/1P6/PQ4Kn/2p2R1P/R7 w - - 0 29,f2c2 f5f4 g3g4 f7f5,1260,75,95,20987,endgame mate mateIn2 short,https://lichess.org/QiAqqiGb#57,,
02ndg,r1bq1rk1/pp2ppb1/3p2p1/6NB/2Pn4/2NQ2P1/PP3PP1/R3K2R b KQ - 1 13,g6h5 d3h7,561,94,80,218,mate mateIn1 middlegame oneMove,https://lichess.org/N5lgvXud/black#26,Kings_Indian_Defense Kings_Indian_Defense_Normal_Variation,
02nkx,6r1/pppk4/2n1q3/3p2rp/3PP3/2P4P/PP2QRP1/RN4K1 w - - 1 24,e4d5 g5g2 f2g2 e6e2,1949,76,95,2032,advantage kingsideAttack middlegame pin short,https://lichess.org/kU7f0s4o#47,,
02nlK,8/8/1p2p1kp/1P1n2p1/8/2p5/5RPP/6K1 w - - 2 34,g1f1 c3c2 f2c2 d5e3 f1f2 e3c2,1812,76,78,85,advancedPawn attraction crushing endgame fork long,https://lichess.org/OfeRiaZw#67,,
02nli,r2q2rk/pp1n1pnp/2p5/3pP3/3P1Q1N/8/PPP2PPP/R4RK1 b - - 2 18,f7f5 h4g6 h7g6 f4h6,1632,77,96,22161,kingsideAttack mate mateIn2 middlegame sacrifice short,https://lichess.org/sSP76jaR/black#36,Caro-Kann_Defense Caro-Kann_Defense_Advance_Variation,
02nvf,4r1k1/5pp1/P5bp/2p5/1qPp1B2/RP5P/5PP1/2Q3K1 w - - 1 37,c1b2 b4e1 g1h2 e8e2 a6a7 e2b2 a7a8q g8h7,2218,86,90,264,advantage endgame veryLong,https://lichess.org/82adFx3s#73,,
02nwT,rn3rk1/pp4pp/2p2q2/8/3Pb3/2P5/P1P3PP/R1BQR1K1 w - - 0 17,e1e4 f6f2 g1h1 f2f1 d1f1 f8f1,1133,80,87,971,backRankMate long mate mateIn3 middlegame,https://lichess.org/jO2VEtgG#33,Philidor_Defense Philidor_Defense_Philidor_Countergambit,
02nxc,r3k2r/pp1q3p/4p1p1/2bN4/P5Pn/8/RPP4P/2BQR2K b kq - 0 19,d7c6 e1e6 c6e6 d5c7 e8f7 c7e6,923,89,91,670,advantage attraction exposedKing fork long middlegame sacrifice,https://lichess.org/FZ8OHv03/black#38,,
02nyA,8/1p1R2p1/p1p3r1/P1P5/1P3k1K/7P/8/8 w - - 0 45,d7f7 g6f6 f7f6 g7f6,1110,98,94,573,crushing defensiveMove endgame rookEndgame short,https://lichess.org/YRpWtcrv#89,,
02o0C,1r1q1rk1/5pp1/p2bpn1p/3p4/8/P1N1BQ1P/1PP1RPP1/1R4K1 b - - 5 19,d6a3 b2a3 b8b1 c3b1,1518,80,92,9343,advantage hangingPiece middlegame short,https://lichess.org/XaYXLx39/black#38,Caro-Kann_Defense Caro-Kann_Defense_Other_variations,
02o14,8/1Q4R1/4p1pk/3p4/3Pn3/4P1qP/PP4P1/5rK1 w - - 0 33,g1f1 g3f2,1325,103,54,47,endgame mate mateIn1 oneMove,https://lichess.org/rhly76az#65,,
02o2F,1k5r/1pp3q1/1b1p1n2/pP1P4/P4P1p/4PBP1/2Q3K1/4R2R w - - 0 34,g3g4 f6g4 g2h3 g4e3,1849,121,0,15,crushing middlegame short,https://lichess.org/90y0HbMm#67,,
02o2h,r5k1/ppp2ppp/5q2/2PQ4/7r/P3B3/1P2nPPP/R4R1K w - - 3 19,d5b7 h4h2 h1h2 f6h4,1676,80,91,1256,anastasiaMate attraction kingsideAttack mate mateIn2 middlegame sacrifice short,https://lichess.org/m5gukUcG#37,,
02o7A,3q2k1/1p4pp/p1p5/3pN1p1/1P1Pn1P1/4P2P/7B/5RK1 b - - 0 31,d8b6 f1f8 g8f8 e5d7 f8e7 d7b6,1540,77,92,1745,advantage attraction endgame fork long sacrifice,https://lichess.org/NaQSaItM/black#62,,
02oEK,7r/2RR4/5p2/p3pKbk/P3P2p/1p6/1P6/8 w - - 7 44,d7h7 h8h7 c7h7 g5h6 h7b7 h4h3 b7b3 h5h4,1929,75,95,574,crushing defensiveMove endgame veryLong,https://lichess.org/V9ZS0efE#87,,
02oHh,r6k/ppp2p1P/3p4/6R1/5r2/8/PPP5/2K4R b - - 1 25,f4f2 h1g1 a7a5 g5g8 h8h7 g8a8,1746,79,93,2775,crushing endgame exposedKing long quietMove rookEndgame,https://lichess.org/EUxHqmdy/black#50,,
02oHj,1N4R1/pk6/8/8/P5P1/2pr4/5K2/8 w - - 0 44,f2e2 c3c2 b8c6 c2c1q,1857,75,82,91,advancedPawn advantage endgame promotion short,https://lichess.org/yCoAf0hc#87,,
02oJ4,4r1k1/p1p2p2/6q1/5RQ1/8/8/Pr4PP/R6K b - - 0 29,e8e2 g5d8 g8h7 d8h4,1648,75,59,107,crushing endgame short,https://lichess.org/bnTP097O/black#58,,
02oNs,rn3rk1/ppp2ppp/1q2b3/2bp4/5B2/PBNP2P1/1PP3KP/R2QR3 b - - 4 15,c7c6 c3a4 b6a5 f4d2,1878,74,49,84,advantage middlegame short,https://lichess.org/8ssVLA0R/black#30,Russian_Game Russian_Game_Italian_Variation,
02oS6,8/p5k1/2p3p1/2N1p2p/PPP5/5PPK/3r3P/8 b - - 0 36,g7f6 c5e4 f6f5 e4d2,968,79,83,38,crushing endgame fork short,https://lichess.org/BS0RgBT5/black#72,,
02oSV,2kr3r/pppq1pp1/5n1p/3P4/2Bb1P2/1QN2P2/P6P/1R3R1K b - - 3 20,d4c3 b3b7,648,81,100,171,mate mateIn1 middlegame oneMove queensideAttack,https://lichess.org/1Bj1F2TT/black#40,,
02oT0,5k2/1bpq1pQ1/p2p1p2/3P1N2/8/5P1P/P7/4K3 b - - 2 31,f8e8 g7g8,778,83,92,66,endgame mate mateIn1 oneMove,https://lichess.org/3miMYpGA/black#62,,
02oUa,2r5/pp3p2/5q1k/6R1/6Pp/5N1P/1P1R1PB1/6K1 w - - 1 32,d2d5 c8c1 g2f1 f6f3 g5h5 h6g7,1668,75,93,1468,crushing deflection endgame long,https://lichess.org/c2mKOh5Y#63,,
02oX3,rn3rk1/p1q2pbp/1pp1pBp1/4P2N/8/7Q/PPP2PPP/3R1bK1 b - - 1 17,g7f6 h5f6 g8g7 h3h7,1013,77,100,513,discoveredAttack kingsideAttack mate mateIn2 middlegame short,https://lichess.org/dV9HfkYe/black#34,Owen_Defense Owen_Defense_Other_variations,
02oYD,1k1r2nr/ppp2ppp/3b4/1P2qb2/Q7/2P1BB2/P3PP1P/RN3RK1 w - - 1 14,f3g2 e5h2,505,105,97,412,kingsideAttack mate mateIn1 oneMove opening,https://lichess.org/CTpjsFrA#27,Englund_Gambit Englund_Gambit_Hartlaub-Charlick_Gambit,
02obx,rnbqk2r/p1p1ppbp/1p1p1np1/8/3P1B2/2P1PN2/PP1N1PPP/R2QKB1R b KQkq - 1 6,c8a6 f1a6 b8a6 d1a4 d8d7 a4a6,1644,77,91,1572,crushing fork long opening,https://lichess.org/NkxWFDpT/black#12,Indian_Defense Indian_Defense_Other_variations,
02odL,r1bqr1kb/ppp2p1p/6pP/8/8/1P1PR3/1BQ2PP1/5K1R b - - 5 19,f7f6 c2c4 c8e6 e3e6 d8d3 c4d3,1165,205,0,5,crushing long middlegame,https://lichess.org/3ps53LOG/black#38,Italian_Game Italian_Game_Two_Knights_Defense,
02ok4,5r1k/Q1pb3p/6p1/2PPb1q1/1R3B2/2N3KP/PP4B1/R7 w - - 3 23,g3h2 f8f4 b4f4 g5f4,2102,78,91,1025,advantage master masterVsMaster middlegame short,https://lichess.org/M58WN9bO#45,,
02okt,8/5p2/4rk2/1p1p2pP/pP1P1nP1/4KB2/P7/2R5 w - - 8 43,e3f2 f4d3 f2f1 d3c1,1183,253,100,10,crushing endgame fork short,https://lichess.org/3vJxbJrr#85,,
02ol0,rn3rk1/p4pp1/1p5p/2p1q3/4B3/2P2Q2/PP3PPP/R1B3K1 w - - 1 17,e4a8 e5e1,717,94,67,452,mate mateIn1 middlegame oneMove,https://lichess.org/Or3Pnh5H#33,Vienna_Game Vienna_Game_Stanley_Variation,
02ooN,r3rnk1/ppq2pp1/3b1p2/2pP3N/6b1/2PB2P1/PPQ2PK1/R1B4R b - - 0 17,c5c4 h5f6 g7f6 d3h7 f8h7 c2h7,1916,75,89,1852,advantage kingsideAttack long master middlegame sacrifice,https://lichess.org/hdYAzfQJ/black#34,Caro-Kann_Defense Caro-Kann_Defense_Tartakower_Variation,
02ouU,2kr2nr/1pp1q2p/p2b2p1/1N1P1b2/2BPp3/Q7/PB3PPP/4R1K1 b - - 1 17,a6b5 a3a8 c8d7 c4b5 c7c6 b5c6 b7c6 a8c6,2271,89,90,1954,intermezzo mate mateIn4 middlegame queensideAttack veryLong xRayAttack,https://lichess.org/BfvOwgIY/black#34,Italian_Game Italian_Game_Evans_Gambit,
02ovT,r4rk1/pp3ppp/2npb1q1/2pNp3/4P2P/3P1Q2/PPP2PP1/2KR3R b - - 2 13,c6d4 d5e7 g8h8 e7g6 f7g6 f3e3,1717,80,87,177,advantage fork long middlegame,https://lichess.org/qp95GS6A/black#26,Sicilian_Defense Sicilian_Defense_Jalalabad_Variation,
02owE,1nkr1qnr/1pp5/p2b1p2/3N2p1/2B1P1p1/4BN2/PPP1QPP1/R3R1K1 w - - 0 15,f3d2 h8h1 g1h1 f8h6 h1g1 h6h2 g1f1 h2h1,1939,77,89,123,attraction kingsideAttack mate mateIn4 middlegame sacrifice veryLong,https://lichess.org/znnCpN8H#29,Philidor_Defense Philidor_Defense_Other_variations,
02p8e,2r3k1/1p1n1ppp/8/3Pp3/p3P3/P2K1B2/6PP/1R6 w - - 1 29,b1b7 d7c5 d3d2 c5b7,954,82,86,183,crushing endgame fork short,https://lichess.org/qX3tvWd3#57,,
02p9D,8/p1k2p2/1pp1p3/1P2P2p/P1P1K3/4B2P/8/2b5 b - - 1 39,c1e3 e4e3 c6b5 c4b5 f7f5 e5f6,1961,77,89,724,crushing enPassant endgame long,https://lichess.org/hKigyD3R/black#78,,
02pAU,2r3k1/1p3p1p/pq3Bp1/3bPp2/3P3Q/6R1/Pr4PP/6RK b - - 3 27,b6b4 h4h7 g8h7 g3h3 h7g8 h3h8,2007,81,87,106,attraction kingsideAttack long master mate mateIn3 middlegame operaMate sacrifice,https://lichess.org/MxqJ2b1a/black#54,,
02pDu,1k1Q3r/ppp3p1/2p5/4q2p/8/2N4P/PP4P1/3R3K b - - 5 25,h8d8 d1d8,656,101,73,33,backRankMate endgame mate mateIn1 oneMove,https://lichess.org/8MWXtuwD/black#50,,
02pFU,r7/2pk1Q2/1b3P2/1p2p1p1/8/2P4p/1PB1RPq1/4K3 b - - 0 32,d7c8 c2e4 g2e4 e2e4 h3h2 e4h4 g5h4 f7g8 c8b7 g8g2,2829,106,88,2247,crushing endgame fork veryLong,https://lichess.org/owOeeeeQ/black#64,,
02pLK,6B1/4k3/6p1/4Kp2/5P1p/4P3/8/8 w - - 0 41,g8h7 e7f7 e3e4 h4h3 e4f5 h3h2 f5g6 f7g7,1947,157,83,11,advancedPawn bishopEndgame crushing defensiveMove endgame sacrifice veryLong,https://lichess.org/hLQpHPVN#81,,
02pOn,6k1/8/5p1Q/4p2P/4P1KN/2p2P2/3q2P1/8 w - - 1 52,h6f6 d2f4 f6f4 e5f4 g4f4 c3c2,1642,84,50,41,advancedPawn advantage endgame long,https://lichess.org/FLWcLrKe#103,,
02pPh,6k1/3n1pp1/1r2p1p1/6P1/P1Qp1q2/1P3B1P/5K2/1R5R w - - 0 28,b1d1 d7e5 c4d4 f4f3,1810,74,79,111,crushing middlegame short,https://lichess.org/hSgHKth4#55,,
02pbX,3q1Rk1/p2b2pp/2nb4/4p1N1/1r2p3/Q3P3/P3B1PP/R5K1 b - - 0 19,d6f8 a3b3 b4b3 e2c4 g8h8 g5f7,2429,85,75,88,crushing fork long middlegame sacrifice,https://lichess.org/bMo27eYr/black#38,Old_Indian_Defense Old_Indian_Defense_Other_variations,
02pbx,1k3r2/2p3pp/3bQ3/p7/N7/4P3/1PP1q1PP/3R2K1 w - - 1 25,a4c3 e2f2 g1h1 f2f1 d1f1 f8f1,1485,83,92,742,endgame long mate mateIn3 sacrifice,https://lichess.org/l3kzricJ#49,,
02pc3,r5k1/4bppp/4p3/q2pN3/3Bn3/8/P3QPPP/2R3K1 b - - 0 23,a5a2 e2a2 a8a2 c1c8 e7f8 e5d7,2055,77,95,6545,advantage long middlegame,https://lichess.org/HhgKmKDI/black#46,,
02pcX,1r2r1k1/pB3ppp/5q2/2p5/1nNp1n2/1P3N1P/P1P2PP1/R2QR1K1 b - - 0 20,b8b7 e1e8,949,80,77,113,backRankMate hangingPiece master mate mateIn1 middlegame oneMove,https://lichess.org/74SRyDfl/black#40,,
02pdf,r1b3k1/pp5p/2p3r1/3p4/2Pb1q1P/3P1R2/PP2Q1B1/R4K2 b - - 2 26,f4h4 e2e8 g8g7 e8f8,1750,75,96,8148,kingsideAttack mate mateIn2 middlegame short,https://lichess.org/kWJHSmQJ/black#52,,
02pdl,3r1rk1/5p1p/2p2R2/4q1P1/p3p3/P2BQ3/2P3P1/2KR4 w - - 1 27,d3e4 e5a1,1042,77,89,436,mate mateIn1 middlegame oneMove,https://lichess.org/NtTBAlGF#53,,
02ph8,r4r2/2p2qk1/2Pp2p1/p2PP1Q1/6n1/P5Nb/3R1BpP/4R1K1 b - - 0 32,g4f2 g3h5 g7h8 h5f6,2477,77,91,2493,crushing defensiveMove master middlegame pin short,https://lichess.org/6TdoCAVH/black#64,,
02pht,8/8/5pk1/4p2p/2P1P3/2R1KPrP/8/8 b - - 2 52,g3h3 c4c5 h3h1 c5c6,1185,94,86,28,crushing endgame master quietMove rookEndgame short,https://lichess.org/usaAuAPs/black#104,,
02pop,8/1b6/4pr2/1p1p2pk/pPpP4/P1R1Br1P/3R1PK1/8 b - - 1 36,h5h4 e3g5 h4g5 c3f3,902,83,91,453,advantage discoveredAttack endgame short,https://lichess.org/HpwP640G/black#72,,
02prq,5r2/1bq1k2Q/p3pr2/1p1n1pN1/5Pn1/8/PP4PP/3RRBK1 b - - 2 27,e7d6 e1e6 f6e6 h7c7 d6c7 g5e6 c7d7 e6f8,2364,81,93,5061,attraction crushing fork master middlegame pin veryLong,https://lichess.org/iK1ujUS7/black#54,,
02prs,8/6k1/4P3/3K4/6P1/p7/8/8 w - - 0 75,e6e7 g7f7 e7e8q f7e8,1047,78,100,556,crushing endgame pawnEndgame short,https://lichess.org/3WLLJ9ib#149,,
02psu,r7/8/7R/6PK/7P/6k1/8/8 w - - 1 54,g5g6 a8a5,652,83,84,222,endgame epauletteMate mate mateIn1 oneMove rookEndgame,https://lichess.org/ZhC0nrWW#107,,
02psv,4r2r/Qpk3p1/p1bp4/3p1BP1/1P3P1q/PNP4P/8/R4RK1 w - - 3 27,f1f3 d5d4 a7d4 c6f3 d4f2 h4f4,2046,199,88,11,advantage capturingDefender discoveredAttack long middlegame,https://lichess.org/ietiCa8u#53,,
02pu3,r3r1k1/5pb1/3P2p1/q3n1Qp/1p1BN3/1P3P2/2P3PP/1K1RR3 w - - 3 25,e4f6 g7f6 g5f6 e8c8 e1e2 c8c3 b1c1 a5a1,1936,225,82,29,advantage master middlegame veryLong,https://lichess.org/M7rXPzt5#49,,
02pu5,k1r4b/8/ppp4R/4B3/PP2K3/8/8/8 b - - 0 48,c8e8 h6h8 e8h8 e5h8,1056,97,71,43,crushing endgame short,https://lichess.org/UgicAGtV/black#96,,
02pxM,1k2r3/p1pr3p/BnR1Pq2/5pp1/5P2/8/PPQ3PP/7K w - - 0 31,e6d7 e8e1 a6f1 e1f1,744,102,94,875,backRankMate endgame mate mateIn2 short,https://lichess.org/2BeSqRXC#61,,
02pxy,5nk1/4q2p/6pQ/p2p4/3P4/5N1P/1r3PP1/R5K1 w - - 0 28,a1a5 b2b1 g1h2 e7c7 f3e5 c7a5,1407,77,89,333,advantage endgame fork long,https://lichess.org/E6ibrYsl#55,,
02q10,r2q1rk1/pQ1nppNp/5np1/8/2p5/6P1/Pp2PPBP/R1B2RK1 w - - 0 14,c1b2 a8b8 b7a7 b8b2,1588,76,89,787,advantage middlegame short skewer,https://lichess.org/f7W6trSX#27,Queens_Pawn_Game Queens_Pawn_Game_Symmetrical_Variation,
02q4G,8/7k/6pP/5p2/r2K1P2/7R/8/8 w - - 4 58,d4e3 a4a3 e3d4 a3h3,838,100,88,243,crushing endgame rookEndgame short skewer,https://lichess.org/0qp5FjJp#115,,
02q6M,8/5pk1/1R4p1/8/5KPP/8/1P6/5r2 w - - 1 39,f4g5 f7f6 b6f6 f1f6,1110,75,97,1059,crushing endgame master rookEndgame short,https://lichess.org/NBQVSeZf#77,,
02qDD,1k4rr/1bbQ1p2/p2q4/3N4/1p1P4/4P2N/PP3PP1/2R2R1K w - - 1 23,d7c7 d6c7 c1c7 b7d5,1251,95,93,57,advantage middlegame short,https://lichess.org/QRyPLO2d#45,,
02qEw,5r2/4k3/2b1p3/1p1pK3/pP1P1pp1/P1P3P1/4B2P/2R5 w - - 0 65,g3f4 f8f5,815,102,96,478,endgame mate mateIn1 oneMove,https://lichess.org/9svQMiom#129,,
02qGV,4B1k1/6p1/4R2p/4n2P/4r3/1PP2p2/8/5K2 b - - 1 37,f3f2 e8g6 e4e1 f1f2,1474,107,83,62,crushing endgame master short,https://lichess.org/sFysB7Vw/black#74,,
02qL4,8/8/1q1k1pp1/3p3p/2pR1K1P/p1P2P2/P5P1/3R4 b - - 7 42,b6b5 d4d5 b5d5 d1d5,618,107,87,302,crushing endgame fork queenRookEndgame short,https://lichess.org/GP8S7Mx0/black#84,,
02qLW,5rk1/5p2/4q1pK/4P1Qp/6P1/7P/8/8 b - - 0 50,e6d7 g5f6 d7d2 g4g5,1383,81,95,18964,crushing defensiveMove endgame master short,https://lichess.org/lpQkPWJd/black#100,,
02qNQ,5rk1/1p4p1/1q3pP1/p6R/2r4P/1Pp5/K1Q5/7R b - - 2 32,c4c8 c2f5 f8d8 h1e1 d8d2 a2a1,2711,109,89,273,crushing defensiveMove endgame long quietMove,https://lichess.org/uR1RwwBf/black#64,,
02qNU,5Qkr/p4p2/1q2pPp1/4P1p1/3p2N1/7P/PP3PK1/2R5 b - - 0 28,g8f8 c1c8 b6d8 c8d8,585,104,75,238,endgame mate mateIn2 short,https://lichess.org/J2sKo1sM/black#56,,
02qNe,r1b2rk1/p3p1bp/2p3p1/3pN3/3P4/2N1R2P/Pq3PP1/R3Q1K1 b - - 1 16,f8f2 e1f2 b2a1 e3e1 g7e5 e1a1,2302,82,100,650,advantage long middlegame,https://lichess.org/fWxbLVGO/black#32,Sicilian_Defense Sicilian_Defense_Nyezhmetdinov-Rossolimo_Attack,
02qOC,3r1rk1/4bpp1/p3pn1p/8/1p1B1N2/3R2Q1/PPq2PPP/R5K1 b - - 1 20,e7c5 d4f6 c5f2 g3f2 c2f2 g1f2,1459,75,97,2848,advantage long middlegame pin,https://lichess.org/dUO9nB24/black#40,,
02qPC,r7/6kp/pp1bp3/2p2r2/2P1Q3/1P3P2/P3KP2/7R w - - 1 29,e4e6 f5e5 e6e5 d6e5,828,87,94,1276,advantage endgame fork short,https://lichess.org/5XcscxSA#57,,
02qTx,r6k/p5pp/1p3qn1/2pPn3/4QP2/1P6/P4P1P/R3R1K1 b - - 0 21,e5f7 e4e8 g6f8 e8a8,1438,140,82,24,crushing middlegame pin short,https://lichess.org/8HOViMpV/black#42,,
02qUN,7r/ppp1k1p1/7p/4N3/8/2P5/P1P2PbP/2KR4 b - - 0 18,g2h3 e5g6 e7f6 g6h8,1146,77,99,4073,crushing endgame fork short,https://lichess.org/Qz9tJff1/black#36,Scotch_Game Scotch_Game_Other_variations,
02qXX,r1q2r2/pbpk1Np1/1p2p1Bp/4P3/3P3Q/2n5/P1P3PP/R4RK1 w - - 2 21,h4g3 c3e2 g1h1 e2g3,720,84,89,188,advantage fork master middlegame short,https://lichess.org/IB6qG797#41,,
02qYb,2r5/8/4P3/5PK1/8/4k1P1/8/8 b - - 2 70,e3e4 e6e7 e4e5 g5g6 c8g8 g6f7,2454,78,71,118,advancedPawn crushing defensiveMove endgame long rookEndgame,https://lichess.org/mWCuQ1wC/black#140,,
02qd6,r2q2k1/1bp2ppp/p4n2/1p4B1/4P3/1BP2Q2/P4PPP/R5K1 b - - 0 17,b7e4 g5f6 e4f3 f6d8 a8d8 g2f3,1409,77,79,271,advantage long middlegame,https://lichess.org/imhe7qG0/black#34,Ruy_Lopez Ruy_Lopez_Morphy_Defense,
02qdf,r5k1/3q2pp/bpp2p2/p2p4/3P1Q1N/PP4P1/1P3PP1/4R1K1 b - - 0 25,g7g5 f4f6 a8f8 f6g5,1566,75,75,115,crushing endgame kingsideAttack short,https://lichess.org/WQZlNXrt/black#50,,
02qe6,r5k1/pp3ppp/2n1r3/8/8/2N1qB2/PPQ3PP/R4K1R w - - 2 20,a1e1 e3e1,486,104,93,936,mate mateIn1 middlegame oneMove,https://lichess.org/rxzphgaf#39,,
02qfr,8/4Rpk1/Rp1p1rp1/2p3r1/P1P5/3P4/2P4P/6K1 w - - 1 29,g1h1 f6f1,600,80,100,384,endgame mate mateIn1 oneMove rookEndgame,https://lichess.org/Iv35M7Rc#57,,
02qhC,r4rk1/ppp1qp1p/5N2/4n3/2B5/5Q2/P4PPP/4R1K1 b - - 0 18,g8g7 f3g3 g7h8 g3e5 e7e5 e1e5,2297,83,87,168,advantage long middlegame,https://lichess.org/7UFeASpN/black#36,Danish_Gambit_Accepted Danish_Gambit_Accepted_Copenhagen_Defense,
02qhV,3r2k1/Rb2qppp/1pB1p3/2n1P3/2P5/1P4P1/1B3P1P/3Q2K1 w - - 1 24,d1f3 b7c6 f3c6 e7a7,1661,75,88,467,advantage discoveredAttack middlegame short,https://lichess.org/RygfnAGh#47,,
02qob,3Q2k1/3bBp2/2p3p1/1p3q2/p2P4/7P/2P3P1/6K1 b - - 4 39,g8h7 e7f6 f5f6 d8f6,1608,75,87,507,crushing endgame quietMove short,https://lichess.org/Q1B5bjWD/black#78,,
02qoc,4r2r/1R3pk1/4R3/5P2/2p5/2Pn1K2/7p/7N b - - 3 37,e8b8 e6g6 g7f8 b7b8,1741,74,100,633,crushing endgame interference pin short,https://lichess.org/3QrRnq76/black#74,,
02qs2,r6r/pp1bqkQ1/1nn1N3/3pPp2/3P1P2/8/PPN3PP/R3K2R b KQ - 0 20,f7e6 g7g6 e7f6 g6f6,1347,79,94,137,mate mateIn2 middlegame short,https://lichess.org/LAhdfzoi/black#40,,
02qvG,1r1q1rk1/p2bbpp1/1p1ppn1p/8/2PQN3/1P2P1P1/PB3PBP/3R1RK1 b - - 3 14,f6e4 d4g7,1096,77,100,406,kingsideAttack mate mateIn1 middlegame oneMove,https://lichess.org/h7WeYjAL/black#28,English_Opening English_Opening_Symmetrical_Variation,
02qyi,8/pp5p/2p2N2/P5p1/5k2/7P/7r/3RK3 w - - 1 39,f6h7 f4e3 d1d3 e3d3,1576,77,95,13775,crushing endgame short,https://lichess.org/ax8aAohC#77,,
02qzX,3r2k1/p1p3p1/1p2p2p/4r3/nP2NQ2/P4PP1/2q4P/R3R1K1 b - - 1 25,e5h5 e4f6 g7f6 f4g4 g8f7 g4h5,1757,76,85,344,crushing fork long middlegame sacrifice,https://lichess.org/zktdlLr6/black#50,,
02r0o,5Qk1/5pp1/q1p2P2/p1P1P3/6p1/P6r/3R3B/7K b - - 1 39,g8f8 d2d8,600,87,54,107,endgame master mate mateIn1 oneMove,https://lichess.org/TN0Wpz9C/black#78,,
02r27,4r3/2pqrpk1/3p2pp/p1pPb1QP/2P1P3/1P3R2/P1B3P1/5R1K w - - 0 30,f3f7 e7f7 g5g6 g7f8 g6f7 d7f7 f1f7 f8f7,971,78,100,2771,crushing master middlegame veryLong,https://lichess.org/PIvLEyQT#59,,
02r6y,rnbq1rk1/pppp1ppp/4p3/8/3P4/3B1N2/P1PB1PPP/Q4RK1 b - - 2 9,d8f6 d2g5 f6g6 d3g6,1500,81,87,54,advantage middlegame short trappedPiece,https://lichess.org/lJyRrGS8/black#18,Indian_Defense Indian_Defense_Other_variations,
02rAh,r1b1kb1r/pp1p1p1p/n1qP1np1/1NP5/3B4/8/PP3PPP/R2QKB1R b KQkq - 1 14,f8g7 d1e2 c6e4 e2e4 f6e4 d4g7,1798,76,97,9526,crushing long opening,https://lichess.org/IlbhjUVt/black#28,Four_Knights_Game Four_Knights_Game_Halloween_Gambit,
02rBP,6k1/2N2ppp/5n2/Q3p3/4Pn2/5P1P/2R3PK/1q6 b - - 2 36,b1c2 a5a8 f6e8 a8e8,617,106,90,586,endgame mate mateIn2 short,https://lichess.org/Qte7qQ5U/black#72,,
02rFZ,r1bq1rk1/pppnbpp1/2npP2p/8/2B5/1QN2N2/PP3PPP/R1BR2K1 b - - 0 11,c6a5 b3a4 a5c4 e6d7 d8d7 a4c4,2563,95,76,143,advancedPawn advantage long opening,https://lichess.org/j960OepU/black#22,Philidor_Defense Philidor_Defense_Morphy_Gambit,
02rFs,1r6/2p1kp2/2p5/p2pN1K1/3P4/PP3P1P/2P3P1/8 b - - 1 35,a5a4 e5c6 e7e6 c6b8 a4b3 c2b3,962,80,71,103,crushing endgame fork long,https://lichess.org/EKsqhch9/black#70,,
02rHW,r1b3r1/2b5/p4n1p/3p2k1/3P4/3BP1PN/PP3P2/3Q2K1 b - - 0 28,c8h3 f2f4 c7f4 e3f4,1161,77,94,233,mate mateIn2 middlegame short,https://lichess.org/QCtvxXfK/black#56,,
02rN8,8/8/p2p4/1ppPpPk1/2P5/PP1P1K2/8/8 b - - 0 44,g5f5 c4b5 a6b5 a3a4 b5a4 b3a4,1606,78,93,661,crushing endgame long pawnEndgame,https://lichess.org/Z0R6OpeM/black#88,,
02rP5,5k2/pN3ppp/4p3/8/1Prp4/2P3KP/P5P1/2R5 w - - 0 27,b7d6 c4c3 c1c3 d4c3,913,97,95,1088,crushing endgame short,https://lichess.org/rkUaQvfR#53,,
02rQf,8/8/p2p1ppp/3k4/2p2K1P/P1P2PP1/1P6/8 b - - 0 39,d5c5 h4h5 g6h5 f4f5,1809,75,69,107,crushing endgame pawnEndgame short,https://lichess.org/wFjGYYo8/black#78,,
02rU5,1r6/3B1pk1/2p3p1/np1p2P1/p2P3P/P1P5/1P2R1K1/8 w - - 1 38,e2e8 b8e8 d7e8 g7f8 e8d7 f8e7,1839,78,88,60,advantage endgame long,https://lichess.org/it9jhDTG#75,,
02ra2,r4rk1/5ppp/pQ1b1q2/8/1P6/P4N1P/5PP1/2R2RK1 w - - 1 25,c1d1 d6h2 f3h2 f6b6,1122,92,95,1473,crushing discoveredAttack middlegame short,https://lichess.org/cm7bHucJ#49,,
02rad,5r2/pp2Q3/4n1k1/3N1p2/2P5/1P4P1/P3qPBK/8 w - - 0 39,f2f4 f8h8 h2g1 e2e1 g2f1 e1g3 f1g2 g3e1,2099,91,86,33,crushing endgame veryLong,https://lichess.org/00NRF38H#77,,
02rb6,5R2/p2q2pk/b3p2p/3pP1P1/8/BP2Q2P/2r5/6K1 b - - 0 34,d7b5 g5g6 h7g6 e3g3 g6h7 f8f7,1637,78,81,88,attraction crushing endgame long,https://lichess.org/SN348pGm/black#68,,
02rcU,rn1q1rk1/3b1pbp/p2p2p1/1pp3B1/3Pn3/5N1P/PPBQNPP1/R3K2R w KQ - 0 15,g5d8 e4d2 f3d2 f8d8,1032,93,83,46,advantage intermezzo middlegame short,https://lichess.org/ohp0OTRk#29,Four_Knights_Game Four_Knights_Game_Spanish_Variation,
02rhd,r2n1rk1/pp3ppp/8/8/1Pn5/2P1BN2/5PPP/R2R2K1 w - - 6 18,a1a7 c4e3 a7a8 e3d1,1318,75,76,61,advantage middlegame short,https://lichess.org/QsBS2RUC#35,French_Defense French_Defense_Tarrasch_Variation,
02rnG,r2qr1k1/p4p1p/2Q1b1pB/2P1b3/4p3/8/P3BPPP/2R2RK1 w - - 4 18,e2b5 d8h4 g2g3 h4h6,1928,76,94,8960,crushing master middlegame short,https://lichess.org/qvTGtgMI#35,Kings_Indian_Defense Kings_Indian_Defense_Petrosian_Variation,
02rnR,2r5/3k2p1/p2p4/1pqR2b1/2n1Bp2/P7/1PP1Q1PP/2K4R b - - 9 26,c5d5 e2g4 d5e6 e4f5 c8c5 f5e6,1812,75,92,3202,crushing long middlegame pin,https://lichess.org/pihAzJje/black#52,,
02rnl,7r/1R3k2/6pp/3P1n2/5P2/r7/7P/4RK2 b - - 0 29,f7g8 e1e8,928,76,72,148,endgame mate mateIn1 oneMove,https://lichess.org/m0jKYbMH/black#58,,
02rnm,5r1k/1p2b2p/1Qp2r2/4p1pq/3pB3/3P2PP/PP2PPK1/2R1R3 w - - 1 23,e1f1 h5e2 b6c7 f6f2,1756,77,92,682,crushing middlegame short,https://lichess.org/rbfBV0WJ#45,,
02ry1,8/4R3/3p1p2/3P1P2/4P1pk/1r2K3/7P/8 w - - 3 50,e3f4 b3f3,529,85,100,195,endgame epauletteMate mate mateIn1 oneMove rookEndgame,https://lichess.org/v9ENey1i#99,,
02ryG,8/1pk1b3/2p2r2/p1Pp1p2/P2P1P1R/1P1B4/5K2/8 b - - 0 51,f6e6 h4h7 c7d8 h7h8,2453,98,91,795,advantage endgame master short,https://lichess.org/SFktEMbI/black#102,,
02s45,r7/5p1p/6pk/p3B2N/2B5/5P1P/6P1/1n3K2 w - - 6 40,h5g3 b1d2 f1f2 d2c4,816,102,74,109,crushing endgame fork master short,https://lichess.org/8p28Xu5s#79,,
02s7w,2r3k1/8/p2p1BpQ/P2q4/2b5/5N1P/1P2r1P1/R6K b - - 0 31,d5f7 h6h8,921,96,93,994,mate mateIn1 middlegame oneMove,https://lichess.org/6JXHC3M2/black#62,,
02s84,4rk2/R7/8/3b4/p6R/2b3PP/5P2/6K1 w - - 6 38,h4a4 e8e1 g1h2 e1h1,698,107,94,988,endgame mate mateIn2 operaMate short,https://lichess.org/joPT7WJb#75,,
02sDI,8/8/1k1r1n1R/1p6/3N4/2p4P/5PPK/5B2 w - - 0 40,f1d3 f6g4 h3g4 d6h6 h2g3 h6d6 d3c2 d6d4,1772,92,100,41,crushing discoveredAttack endgame veryLong,https://lichess.org/gyiGGTyM#79,,
02sDX,6k1/1pK3p1/3P4/5R1p/1P6/P6P/2r2p2/8 w - - 2 49,c7d8 g7g6 f5f3 g6g5,2003,76,81,84,crushing defensiveMove endgame rookEndgame short,https://lichess.org/wCSsbyko#97,,
02sGZ,2k5/ppp4R/4K2p/4P1rp/4n3/7P/P1P5/8 b - - 8 38,g5g3 h7h8 g3g8 h8g8,515,109,100,608,endgame mate mateIn2 short,https://lichess.org/RrBhL2O3/black#76,,
02sI2,3R4/ppp3rk/5Q2/8/2q5/5P2/1P1R2Pr/5K2 w - - 6 34,f1f2 g7g2 f2e3 g2e2 d2e2 h2e2,1987,78,92,1764,collinearMove endgame killBoxMate long mate mateIn3,https://lichess.org/Gkb35VCD#67,,
02sI3,k6r/P2r1pp1/2q5/B1b1n3/3p1P2/3P2Pp/2P1Q2P/RR4K1 w - - 0 31,e2e5 c6g2,728,99,97,940,mate mateIn1 middlegame oneMove,https://lichess.org/OPmHnhrh#61,,
02sIl,r3rnk1/6P1/p7/3p4/8/Q1p5/2P3R1/2K1q1R1 w - - 1 34,g1e1 e8e1,688,110,65,42,endgame mate mateIn1 oneMove,https://lichess.org/Hvgy2L6S#67,,
02sJP,3rr1k1/4ppbp/pp1p4/3P2R1/P1P3b1/1PN3P1/1B1R2K1/8 b - - 1 32,g4d7 c3e4 f7f6 e4f6 e7f6 b2f6,1760,75,93,621,advantage kingsideAttack long middlegame pin,https://lichess.org/VfAc3UpP/black#64,,
02sRN,r3r1k1/1p3p2/pq3Rp1/1bNp2Q1/3p4/P5R1/1P4PP/6K1 w - - 0 27,f6b6 e8e1 g1f2 e1f1,1418,75,80,420,master mate mateIn2 middlegame operaMate short,https://lichess.org/MekHZFIU#53,,
02sUm,4r1k1/2p2pp1/1p5p/3P4/3Q4/3B2P1/3q1PKP/8 b - - 7 34,e8d8 d3h7 g8h7 d4d2,1054,89,84,117,crushing discoveredAttack endgame short,https://lichess.org/S4ttsEzt/black#68,,
02sY0,5rk1/pp4pp/3qp3/6N1/3r4/1P3BP1/P5KP/R3Q3 w - - 2 22,e1e6 d6e6 g5e6 d4d2 g2h3 f8f3,1006,76,100,594,advantage deflection long middlegame,https://lichess.org/LVosAl7u#43,,
02sYm,8/8/4pk1p/ppr2pp1/3R4/P1P2PP1/1P2K2P/8 b - - 0 35,c5d5 d4d5 e6d5 e2e3 f6e5 f3f4,2465,86,91,1109,crushing endgame long rookEndgame,https://lichess.org/VthbiXBS/black#70,,
02shW,8/8/6p1/5p2/2k1pP1P/4K1P1/8/8 w - - 3 55,e3e2 c4d4 g3g4 f5g4 f4f5 g6f5 h4h5 d4e5 h5h6 e5f6 h6h7 f6g7 h7h8r g7h8,2106,81,89,150,crushing endgame pawnEndgame veryLong,https://lichess.org/y5DtEshU#109,,
02smc,r1N1k2r/1p1n1p2/1q4p1/1Bb1p2p/4n2P/4BN2/2P2PP1/R2Q1K1R b kq - 0 16,a8a1 b5d7 e8d8 d1a1,2005,75,88,250,crushing intermezzo middlegame short,https://lichess.org/J4fmydbz/black#32,Sicilian_Defense Sicilian_Defense_Wing_Gambit,
02syQ,1r1qr1k1/p1p2ppp/5b2/3p4/4n3/1P3Q1P/P2NRPP1/2B1R1K1 b - - 1 21,e4g5 e2e8 d8e8 e1e8,796,98,94,530,crushing fork middlegame short,https://lichess.org/JLcPmpxB/black#42,,
02t1J,5rkr/p6p/1pp1Qbp1/2q3p1/8/2P5/P4PPP/3RR1K1 b - - 3 27,g8g7 d1d7 f6e7 d7e7 c5e7 e6e7,1299,81,91,523,crushing long middlegame,https://lichess.org/bHGFOgU7/black#54,,
02t6P,6k1/4r1P1/8/4BP2/5K2/8/8/8 b - - 2 63,e7e5 f4e5 g8g7 e5e6 g7f8 e6f6,1715,76,93,2466,crushing defensiveMove endgame long,https://lichess.org/hCQTFpgk/black#126,,
02t6a,r1b1kb1r/p2n1p2/q1N1P2p/8/Npp1n2P/6B1/PP3PP1/R2QKB1R b KQkq - 0 16,f7e6 d1h5,965,86,94,447,mate mateIn1 middlegame oneMove,https://lichess.org/6KjQu66w/black#32,Semi-Slav_Defense Semi-Slav_Defense_Anti-Moscow_Gambit,
02t6i,7k/8/2p1p3/1pPpP2p/pP6/P2P3P/1B2n3/7K w - - 0 41,h1g2 e2f4 g2f3 f4d3,971,110,95,446,crushing endgame master short,https://lichess.org/UzCTqlLJ#81,,
02t9u,1r5r/7k/6pp/4P3/1b2Q3/1q2B3/5PPP/3RK2R w - - 2 27,e1f1 b3d1,515,87,100,155,hangingPiece mate mateIn1 middlegame oneMove,https://lichess.org/xBoznyn8#53,,
02tEM,1n6/RP2K2k/1r2p1p1/8/5P2/6P1/8/8 b - - 4 56,h7g7 e7d8 b8c6 d8c7 b6b7 a7b7,1758,75,90,866,crushing defensiveMove endgame long,https://lichess.org/VRxHzIHH/black#112,,
02tEk,1r3rk1/p5pp/1qp5/3Rp3/8/PPQ5/2P2PPP/4R1K1 w - - 1 21,d5e5 b6f2 g1h1 f2f1 e1f1 f8f1,1178,79,88,971,backRankMate endgame long mate mateIn3 sacrifice,https://lichess.org/q4moepiz#41,,
02tIz,4r1k1/p7/1p2r2p/3Q2p1/8/2P1q2P/P3K1P1/2R2R2 w - - 0 30,e2d1 e3e2,1058,77,100,1273,endgame mate mateIn1 oneMove,https://lichess.org/sitL6Sfm#59,,
02tKc,Q7/5ppk/5q1p/4rN1R/2P3P1/pP2P3/K7/8 w - - 10 45,a8f8 e5f5 h5h2 f5f1,2255,79,87,87,crushing defensiveMove endgame short,https://lichess.org/Y07WHfbG#89,,
02tM3,6k1/5p2/5P2/K5p1/P7/8/8/8 w - - 0 56,a5b6 g5g4 b6c5 g4g3 c5d4 g3g2,738,78,100,201,advancedPawn crushing endgame long master pawnEndgame quietMove,https://lichess.org/6XUHkplP#111,,
02tNt,4r3/8/P6p/2R2P2/1P3k2/2P5/5r2/2K3R1 w - - 3 48,g1g6 e8e1,1085,79,85,138,endgame mate mateIn1 oneMove rookEndgame,https://lichess.org/ldXgMOrv#95,,
02tO7,1r1k1bnr/1bppq2p/p4p2/1p4BQ/3p4/1B6/PPPN1PPP/R3R1K1 b - - 5 15,e7g7 h5e8,592,82,97,509,master mate mateIn1 middlegame oneMove,https://lichess.org/xpIgLqma/black#30,Ruy_Lopez Ruy_Lopez_Morphy_Defense,
02tPL,3r1rk1/1p3p1p/1p3qpb/3Pp2n/4P3/PQRN1B2/1P4PP/5R1K w - - 19 28,f3h5 f6f1,1261,274,100,7,hangingPiece kingsideAttack mate mateIn1 middlegame oneMove,https://lichess.org/wXEuHjpl#55,,
02tQx,2r3k1/pp1q1p1p/4p1p1/8/4B3/P7/1P3PPP/3R2K1 w - - 0 24,d1d7 c8c1 d7d1 c1d1,736,114,67,51,backRankMate endgame mate mateIn2 short,https://lichess.org/b4kLQHVd#47,,
02tV1,5r2/p2pbN1Q/1k3qp1/1p4p1/4R3/2PP4/PP3PPP/R5K1 w - - 2 22,f7e5 f6f2 g1h1 f2f1 a1f1 f8f1,885,96,82,670,backRankMate long mate mateIn3 middlegame sacrifice,https://lichess.org/YgTi37hi#43,,
02tYt,2k5/1RR3pp/2p5/p1N1p2n/P7/1P5P/2nr4/3r1NK1 b - - 6 28,c8d8 c5e6 d8e8 c7e7,1987,77,94,3203,mate mateIn2 middlegame short vukovicMate,https://lichess.org/FrBU2zhL/black#56,,
02teA,2r2rk1/pp4pp/1n2b3/3p4/3Qp3/1P4P1/PB2qPBP/R4RK1 b - - 1 20,e2g4 g2h3 f8f7 h3g4,1671,75,90,3170,crushing middlegame short,https://lichess.org/m728W9aO/black#40,,
02tfs,8/3Q4/6p1/3p1kP1/3qpp1p/1P5P/P4PK1/8 b - - 5 43,f5e5 d7g7 e5f5 g7d4,1385,81,91,2210,crushing deflection endgame master queenEndgame short skewer,https://lichess.org/k5ZDFVOf/black#86,,
02tgX,8/6Rp/k1r5/p4P2/P2pn1P1/8/4p2P/1R5K w - - 4 40,g7g8 c6b6 b1e1 d4d3,2267,103,90,4266,crushing endgame short,https://lichess.org/3o5VJ2I2#79,,
02ti8,8/2r2pkp/p4Qp1/1q6/1P6/7P/2r3P1/4RR1K b - - 9 34,g7h6 f1f4 c2c4 e1e5 b5e5 f6e5,2750,90,94,2575,crushing endgame long quietMove,https://lichess.org/L7u9w6T1/black#68,,
02tmM,r3kb1r/pQ1n1pp1/4p1p1/8/6Pq/7P/PPP3B1/R1B2K1R b kq - 2 15,f8c5 b7a8 e8e7 a8f3,1978,85,91,57,advantage hangingPiece middlegame short,https://lichess.org/1uyXtgN5/black#30,Blackmar-Diemer_Gambit_Accepted Blackmar-Diemer_Gambit_Accepted_Teichmann_Defense,
02toD,r1bq2kR/1pp1b1p1/p1n1p3/5rN1/2PPQ3/P3P3/1P3PP1/R3KB2 b Q - 3 15,g8h8 e4h4 h8g8 h4h7 g8f8 h7h8,1827,90,52,67,kingsideAttack long mate mateIn3 middlegame,https://lichess.org/xSHVTeX0/black#30,Queens_Gambit_Declined Queens_Gambit_Declined_Modern_Variation,
02tqI,4Q3/pb2Rpkn/1pr2q2/3p3P/3p4/3P2PB/PPP2P2/6K1 b - - 3 30,c6c2 h5h6 g7h6 e7f7 c2f2 f7f6,1810,85,87,35,advantage deflection fork long master masterVsMaster middlegame,https://lichess.org/gqSVoxoX/black#60,,
02tx7,1k6/1b3pp1/pB1R4/1p2p1P1/1n2P3/1N1K1P2/PPP4r/8 w - - 3 27,d3c3 h2c2 c3b4 c2c4 b4a3 c4a4,1746,75,86,271,endgame exposedKing long mate mateIn3 sacrifice,https://lichess.org/JCotrRCJ#53,,
02tzm,r5R1/4kP1p/8/3pp3/8/1P6/p5PP/1r3R1K w - - 5 34,g8a8 b1f1,863,135,100,20,backRankMate endgame hangingPiece mate mateIn1 oneMove rookEndgame,https://lichess.org/yXoyWcp3#67,,
02u0t,8/8/1p1r4/p1p2k2/P1P5/1PP4P/4KN2/8 b - - 6 50,f5g5 f2e4 g5f4 e4d6,472,97,98,1184,crushing endgame fork short,https://lichess.org/4q7RSULj/black#100,,
02u4D,3Q2k1/p4ppp/1p3b2/8/8/BPq1rN2/P5PP/3R2K1 b - - 2 24,f6d8 d1d8 e3e8 d8e8,652,81,100,96,backRankMate endgame mate mateIn2 short,https://lichess.org/aHgA2hyB/black#48,,
02u5n,3Q1r1k/pp1P2pp/n5p1/8/6q1/P7/4RP2/3R2K1 w - - 0 35,g1f1 g4e2 f1e2 f8d8 d1c1 a6b8,2040,78,85,55,advantage endgame long master,https://lichess.org/kjGxTp5R#69,,
02u6i,8/1p6/2b5/p2pPk2/2P1pp2/8/P3KPr1/3Q4 w - - 0 44,c4d5 c6b5 e2d2 e4e3 d2c3 e3f2 d1b1 f5g5 b1b5 g2g1,2639,87,95,331,advancedPawn crushing defensiveMove endgame pin sacrifice veryLong,https://lichess.org/XeTTcsKn#87,,
02u8i,5r2/4Qpk1/6p1/qp1p1bNn/3P3P/pPr2P2/P3N3/K2R2R1 b - - 3 27,a5c7 g5e6 f5e6 g1g6 g7h7 g6h6 h7h6 e7g5 h6h7 g5h5,2215,78,92,5587,attraction crushing deflection discoveredAttack master middlegame pin sacrifice veryLong,https://lichess.org/B974cEjO/black#54,,
02u8t,7k/6pp/pR6/4Pb2/6KP/1B4R1/P4r2/7r w - - 7 34,g4g5 h7h6 b6h6 g7h6,1010,143,69,13,advantage endgame short,https://lichess.org/KB0rSCn5#67,,
02u91,r2qk1nr/ppp2ppp/2np4/8/3PP1b1/5N2/P1P2PPP/R1BQKB1R w KQkq - 1 8,c1g5 g4f3 g5d8 f3d1,1100,208,0,6,advantage opening short,https://lichess.org/7AX9ZldL#15,Three_Knights_Opening Three_Knights_Opening_Other_variations,
02uGN,3q2k1/5p2/p3bP1p/3pN1p1/2pP4/2P1Q2P/r5P1/5RK1 b - - 5 30,d8b6 e5g4 g8f8 g4h6,2516,78,98,307,crushing endgame short,https://lichess.org/eAbqhbGA/black#60,,
02uIX,2r5/8/p7/3R2pk/1P3pp1/8/PP3PKP/8 w - - 0 34,a2a4 f4f3 g2g3 c8c1 h2h3 c1g1 g3h2 g1g2,2129,82,91,2161,crushing endgame master quietMove rookEndgame veryLong,https://lichess.org/XcgohB7X#67,,
02uJi,2k2n2/1p4r1/p2p3p/2pPp3/2PnR3/2N5/PP2N1PP/6K1 w - - 0 25,e4h4 d4f3 g1h1 f3h4,1449,75,94,13128,crushing endgame kingsideAttack pin short,https://lichess.org/LCf8BEzH#49,,
02uKZ,r1b1r1k1/pp3ppp/8/2pq4/1nNPn3/1P3N1P/P3BPP1/RQ2R1K1 w - - 0 17,d4c5 d5c5 c4e3 e4f2,2615,104,83,338,advantage opening short,https://lichess.org/g7WxI8b4#33,French_Defense French_Defense_Exchange_Variation,
02uPB,4r1k1/8/p6p/2p2ppP/4Bb2/1PB2K2/P2p4/3R4 w - - 0 42,e4f5 e8e3 f3f2 e3c3,1257,78,80,98,crushing endgame fork master short,https://lichess.org/f2gHfNiu#83,,
02uPh,r4rk1/4pp2/p6Q/1p1n2p1/2p3P1/2P2R2/PP2q1P1/R6K b - - 0 30,e2e5 f3f5 e5f5 g4f5,1890,75,87,2312,advantage middlegame short,https://lichess.org/b3VnMKiD/black#60,,
02uPm,2r3k1/2r2ppp/PpP1pq2/3p4/P2P4/5N1P/2Q2PP1/2R3K1 b - - 0 24,c7c6 c2c6 c8c6 c1c6,847,81,78,128,advantage endgame short,https://lichess.org/dOp3yZKQ/black#48,,
02uQr,8/5p2/1p1k4/4pKP1/P2n2P1/3R4/8/8 w - - 2 49,d3d4 e5d4 g5g6 f7g6 f5e4 d6c5,1361,79,93,800,crushing defensiveMove endgame hangingPiece long,https://lichess.org/NmRfh7gX#97,,
02uVI,8/1k6/2p5/p1P5/1p1qpQ2/1P6/P4P2/5K2 w - - 0 51,f4e3 d4e3 f2e3 b7a6,2187,76,94,1496,crushing defensiveMove endgame queenEndgame short,https://lichess.org/YqfS1aqu#101,,
02uVT,r1b2rk1/ppq1bpp1/1npp1n1p/8/3PNP2/2PB1Q1N/PP4PP/R1B1R1K1 b - - 5 12,c8g4 e4f6 e7f6 f3g4,1253,90,0,47,crushing kingsideAttack middlegame short,https://lichess.org/SVG1sQQi/black#24,Queens_Pawn_Game Queens_Pawn_Game_Other_variations,
02udP,8/1p6/1p1pN2k/1P1Pn3/P1PK1p2/8/8/8 b - - 1 61,h6h5 e6f4 h5g5 f4e6 g5f6 e6d8 f6e7 d8b7,1713,76,82,75,crushing endgame knightEndgame master veryLong,https://lichess.org/VVCUQLPW/black#122,,
02ue6,3k1r2/ppq5/2pb4/3p2p1/PP1P3p/2P1P3/2Q3PP/R3B1K1 w - - 1 23,h2h3 d6h2 g1h1 f8f1,881,101,95,132,endgame kingsideAttack mate mateIn2 short,https://lichess.org/wXLqSTJx#45,,
02ufd,1r3r2/5qbk/Rp1p2np/2pNp1p1/1PP1P3/3P2Pb/2QB3P/4R1KB w - - 1 25,d2e3 f7f1 e1f1 f8f1,972,115,94,1580,kingsideAttack mate mateIn2 middlegame operaMate sacrifice short,https://lichess.org/nwSkeP1p#49,,
02uft,r1b1k1r1/ppp2p1p/2q2B2/2b1Pn2/1PP1K2N/8/P5PP/R2Q1B1R w q - 1 17,e4f4 c5e3,1151,79,96,4455,mate mateIn1 middlegame oneMove,https://lichess.org/6eC0nDh0#33,Vienna_Gambit_with_Max_Lange_Defense Vienna_Gambit_with_Max_Lange_Defense_Knight_Variation,
02ujN,8/pp2p2k/2n2bN1/8/4p1bP/3r4/5PP1/1RB2K1R w - - 3 24,g6f4 d3d1,494,112,92,470,master mate mateIn1 middlegame oneMove pillsburysMate,https://lichess.org/4hrqMMJl#47,,
02utb,8/3b2r1/k6p/p4p2/4pr2/P5R1/1R3P1N/7K b - - 3 39,g7g3 f2g3 f4f3 h2f3,1063,77,95,3989,advantage endgame short trappedPiece,https://lichess.org/bxHS9TZU/black#78,,
02uxo,1r3b2/2p1kp2/1qBp1n1p/1N1PP3/2P2p2/1P6/P4P2/R3RK2 b - - 0 27,d6e5 e1e5 e7d8 a1e1 b6c6 d5c6,1676,87,55,43,crushing long middlegame quietMove,https://lichess.org/pCAshCMK/black#54,,
02v2E,8/6p1/8/3K2k1/5p2/5PP1/8/8 w - - 0 43,g3g4 g5h4 g4g5 h4g3 g5g6 g3f3,1972,78,93,1535,crushing endgame long pawnEndgame,https://lichess.org/x7gCOHWb#85,,
02v4R,2r5/3R2pp/3P1pk1/2b5/8/P6P/1P3P2/1K6 b - - 0 44,c8c6 d7c7 c6d6 c7c5,1089,100,58,20,advantage endgame short skewer,https://lichess.org/qNZJZAIN/black#88,,
02v6H,1r2r1k1/2p2ppp/p7/2pn4/Q7/P1PP1qBP/1P3P2/1R3RK1 w - - 0 20,a4c6 e8e6 c6e6 f7e6,1800,76,76,78,advantage middlegame short,https://lichess.org/EGiLUgA8#39,,
02vA1,r6k/5R1p/5p1P/4pP2/8/2nB4/5PP1/5K2 w - - 0 31,f7f6 a8a1 d3b1 a1b1,464,104,97,667,endgame mate mateIn2 short,https://lichess.org/3JDuMQze#61,,
02vDT,r3k1nr/ppp2ppp/3p4/2P5/4P1b1/5N2/PB2QPPP/1q3RK1 b kq - 1 12,g4f3 e2b5 c7c6 b5b7,2015,75,88,99,crushing middlegame short,https://lichess.org/XJNgNLS6/black#24,Scotch_Game Scotch_Game_Scotch_Gambit,
02vJo,8/p5pp/1p1RPk2/2p5/P4p2/1P3PbK/4r1P1/1R6 w - - 3 45,d6d7 e2e5 d7f7 f6g6 f7f4 g3f4,2296,80,87,222,crushing defensiveMove endgame long,https://lichess.org/p8SD8RBB#89,,
02vM9,1r2rk2/3b1qb1/3p3B/1p1Pp3/p3P2Q/PpP2P2/1P3KP1/R6R b - - 8 39,e8e7 h6g7 f7g7 h4h8 f8f7 h8b8,1366,76,80,182,clearance crushing exposedKing long middlegame skewer,https://lichess.org/k786XfuO/black#78,,
02vTI,2k3r1/2p2pq1/p3p3/3p4/1PnP1P2/P1N1P3/4QKP1/R4R2 w - - 7 32,f1g1 g7g3 f2f1 c4e3 e2e3 g3e3,1200,77,96,1308,advantage deflection long middlegame,https://lichess.org/lMIfcFKK#63,,
02vVL,r1bq1rk1/p3bpp1/2p1p2p/3p2NQ/2B4P/4B3/PPP2PP1/R4RK1 b - - 1 13,h6g5 c4d3 f7f5 h4g5,1895,75,85,730,crushing intermezzo middlegame quietMove short,https://lichess.org/OpygR8vj/black#26,Sicilian_Defense Sicilian_Defense_Other_variations,
02vYV,3qr1k1/1r1nbpp1/p1p4p/3p4/N1p5/BP1P1Q1P/P1P2PP1/R3R1K1 w - - 0 19,d3c4 e7a3 e1e8 d8e8,1143,80,88,601,advantage hangingPiece master middlegame short,https://lichess.org/MfzIwiwv#37,Sicilian_Defense Sicilian_Defense_French_Variation,
02vZm,r4rk1/5pp1/pqnNp2p/1p6/5P1b/1B5P/PP2Q1P1/2R2R1K b - - 0 19,a8d8 d6f7 c6d4 f7h6 g7h6 e2g4 g8h7 g4h4,2140,75,93,6895,advantage fork middlegame veryLong,https://lichess.org/0cIch8eI/black#38,Sicilian_Defense Sicilian_Defense_Smith-Morra_Gambit_Accepted,
02vbM,1r6/R4p2/4p1qk/7p/3P1QpP/6N1/5PPK/1r6 b - - 0 43,h6h7 a7f7 h7g8 f7f6,1732,87,87,41,crushing endgame short,https://lichess.org/qkNxBjvQ/black#86,,
02vbv,r2qk2r/1Np3p1/4p2p/3pn3/P3n3/2P5/1P3RPP/R1BQ2K1 b kq - 0 16,e4f2 d1h5 e5f7 b7d8,1502,78,95,2731,advantage fork middlegame pin short,https://lichess.org/GIUkIWto/black#32,Italian_Game Italian_Game_Classical_Variation,
02veN,5rk1/6pp/pqP1R3/3Q4/8/8/P4rPP/R5K1 w - - 1 22,e6e8 f2f7 g1h1 f8e8,1276,75,74,140,crushing discoveredAttack discoveredCheck endgame short,https://lichess.org/i6Uct88K#43,,
02vhQ,k4r2/1p2b3/q4n2/6Q1/3Bp2p/1P6/P4PPP/2R3K1 b - - 0 35,a6e2 g5g7 f8b8 g7e7,2315,91,86,35,crushing middlegame short,https://lichess.org/dy8rumVV/black#70,,
02vhe,8/8/p7/1ppp2k1/4p1P1/P2P2Kp/1PP4P/8 w - - 0 41,g3h3 e4d3 c2d3 b5b4 a3b4 c5b4 h3g3 a6a5,2781,98,92,711,crushing defensiveMove endgame pawnEndgame veryLong,https://lichess.org/4pTT1B3u#81,,
02viR,3r2k1/p4pp1/3np1p1/4N2q/8/1P3PP1/P1Q3KP/4R3 w - - 1 33,c2c7 d8c8 c7c8 d6c8,1616,75,91,620,advantage endgame short,https://lichess.org/DvGwDoUz#65,,
02viV,r4rk1/1p3ppp/p1n1b3/2NpP3/3P4/P1qB3P/5PP1/2RQ1RK1 b - - 6 18,c3d4 c5e6 f7e6 c1c6 d4d3 d1d3,1755,75,96,8152,crushing discoveredAttack long middlegame,https://lichess.org/9tfb2Jv3/black#36,Ruy_Lopez Ruy_Lopez_Bird_Variation,
02vjO,1r4k1/5ppp/2P1p3/4P3/PpR2P2/1P3b2/7P/6K1 b - - 1 33,f3d5 c6c7 b8c8 c4b4 g8f8 b4b8,1466,82,80,43,advancedPawn crushing endgame long pin,https://lichess.org/PXHRhBxU/black#66,,
02vl0,3r4/R3bp2/4p1k1/4P1p1/1Pp1NnP1/5rK1/2R2P2/8 w - - 0 36,g3f3 d8d3,722,90,85,477,endgame epauletteMate master mate mateIn1 oneMove,https://lichess.org/H9dUNHhi#71,,
02vo8,2R2bk1/5p1p/3p1p1Q/3P4/7P/q5P1/4R1K1/2n5 b - - 0 43,c1e2 c8f8,580,86,70,92,endgame killBoxMate mate mateIn1 oneMove,https://lichess.org/u4Mt9d1Q/black#86,,
02vpt,r2qk1r1/pbppbp2/1pP1pn2/8/2P5/1P2Pp2/PB2B1PP/RN1Q1RK1 w q - 0 13,c6b7 g8g2 g1h1 f3e2,1874,81,93,15560,advancedPawn crushing kingsideAttack master opening short,https://lichess.org/KUyJe0XB#25,Bird_Opening Bird_Opening_Other_variations,
02vqK,r2qk2r/pppbn2p/2nb1pp1/1B1Q4/3NpP2/1P2P3/PBPP2PP/RN2K2R w KQkq - 1 10,d4c6 b7c6 d5d4 c6b5,1596,75,92,903,advantage fork middlegame short,https://lichess.org/bu0g5Yrl#19,Nimzo-Larsen_Attack Nimzo-Larsen_Attack_Modern_Variation,
02vsZ,1r5k/pp3Qpp/3p2n1/4qN2/8/8/PPP3PP/5R1K b - - 10 26,e5b2 f5d6 b2a3 f7e6 h7h6 e6g6,2781,101,88,475,advantage endgame long,https://lichess.org/9CQtXnXC/black#52,,
02vsr,4n1qk/pp2Q3/6pP/4Pb2/8/P4NK1/8/8 b - - 11 50,f5e4 f3g5 e4c6 e5e6,2094,187,88,15,crushing endgame short,https://lichess.org/rgBR6Gb2/black#100,,
02vv1,6k1/q6p/6p1/4Bp2/P7/7P/2r1bPPN/R1R3K1 b - - 9 35,c2d2 c1c8 g8f7 c8c7 a7c7 e5c7,911,81,89,174,advantage fork long middlegame,https://lichess.org/3rKsCfZb/black#70,,
02vv4,r3r1k1/p2R1ppp/2N5/4P3/5n2/8/PP3P1P/R5K1 w - - 2 23,a1c1 f4e2 g1f1 e2c1,645,86,79,138,advantage endgame fork master short,https://lichess.org/HUW9FLeb#45,,
02vxV,r2qr3/pb3kp1/np2p2p/2p1P3/2P3n1/P2BB3/1PQ2PPP/3R1RK1 b - - 2 16,g4e3 f2e3 f7g8 d3h7 g8h8 d1d8,2250,79,89,413,crushing discoveredAttack discoveredCheck long middlegame,https://lichess.org/CYp0jMPF/black#32,French_Defense French_Defense_Normal_Variation,
02vy3,8/7p/2Pk4/p1nB2K1/2P5/6PP/5P2/8 w - - 1 46,g5h6 a5a4 h6h7 a4a3,1071,78,100,232,advantage endgame master quietMove short,https://lichess.org/rnjhPhdw#91,,
02w5A,8/p5kp/1p6/3P2P1/3Rp1bP/4Kr2/PP3P1R/3r4 w - - 9 31,e3e4 d1e1,1169,77,100,1137,endgame mate mateIn1 oneMove,https://lichess.org/Md90FuUi#61,,
02w6Y,3rr1k1/1b3ppp/pb3q2/1p1p4/1P1Nn3/P1PQ4/B3RPPP/2B1R1K1 b - - 0 22,e4f2 e2e8 d8e8 e1e8,882,76,100,610,kingsideAttack mate mateIn2 middlegame short,https://lichess.org/6YyLOSvg/black#44,,
02w74,8/4Q1kp/5pp1/8/5P2/6PK/2pq3P/8 b - - 1 39,g7h6 e7f8 h6h5 g3g4,1332,83,50,45,endgame mate mateIn2 queenEndgame short,https://lichess.org/90QCOHIp/black#78,,
02w7a,8/p2pr2p/1p1k4/8/2P1n1Q1/5N2/PP4PP/nN2KB2 w - - 2 22,f1e2 a1c2 e1f1 c2e3 f1g1 e3g4,1100,127,47,28,advantage exposedKing fork long middlegame,https://lichess.org/8mvu13TO#43,,
02w7d,3k4/3P3p/p2Q1pp1/1p3p2/8/Pq3P2/1P3PKP/8 b - - 2 35,b3b2 d6c6 b2c1 c6c1,2081,77,67,231,crushing endgame master queenEndgame short,https://lichess.org/d2KCDa0f/black#70,,
02w7n,1k1r4/ppp3Qp/2q5/8/8/3P1P2/PPP1r2P/2KR2R1 w - - 0 18,g1g2 c6c2,842,90,97,696,endgame mate mateIn1 oneMove queensideAttack,https://lichess.org/q8hBvdMD#35,Hungarian_Opening Hungarian_Opening_Other_variations,
02w9I,3r2k1/5ppp/8/1q6/3Rp3/4P2P/Q4PP1/6K1 b - - 0 27,d8d4 a2a8 d4d8 a8d8 b5e8 d8e8,968,90,90,614,endgame long mate mateIn3,https://lichess.org/6Ip58XqX/black#54,,
02wEG,r1n3rk/6b1/p5Qp/1pq1PpN1/8/6P1/PP3R1P/5RK1 b - - 1 26,h6g5 g6h5 g7h6 h5h6,1209,78,60,212,mate mateIn2 middlegame short,https://lichess.org/7kJpZRIt/black#52,,
02wEV,2kB2r1/ppp2p1p/2n5/8/1P1p2b1/2PB1P1q/P4R1b/RN1Q3K w - - 0 20,d1f1 g4f3 f2f3 g8g1 f1g1 h2g3 g1h2 h3h2,2258,84,86,195,discoveredAttack discoveredCheck exposedKing fork mate mateIn4 middlegame sacrifice veryLong,https://lichess.org/vknACwLf#39,,
02wJP,1r3rk1/p1p2pp1/1p5p/4Pq2/4b1n1/2P1Q3/PP3PPP/RNB1R1K1 w - - 1 22,e3e4 f5f2 g1h1 f2h4 c1f4 g4f2 h1g1 f2e4,1742,77,93,227,advantage fork middlegame veryLong,https://lichess.org/veRh7B3A#43,,
02wKw,6R1/ppp3P1/3k4/2qp4/8/1P6/PK6/8 b - - 0 44,d6e6 g8e8 e6d7 g7g8q,940,84,96,3062,advancedPawn advantage clearance endgame promotion queenRookEndgame short,https://lichess.org/HYKB0E8O/black#88,,
02wLK,6k1/ppp2pp1/7p/8/2P3P1/1P2pP1P/PB2Rb1K/4r3 w - - 9 31,e2e1 f2e1 h2g1 e3e2,1593,75,100,1464,advancedPawn advantage endgame short,https://lichess.org/Zb0mA7lI#61,,
02wLl,8/2p5/2Nk4/3p1qbp/QP1P2p1/5P2/PKP5/4r1NR w - - 0 28,c6e5 g5c1 b2c3 e1e5 a4a6 c7c6,2521,85,71,53,crushing defensiveMove long middlegame,https://lichess.org/mLQFel3G#55,,
02wOL,5rk1/p2p2pp/1p2p3/8/2Pn3q/4B3/P1K3QP/R4B2 w - - 0 20,e3d4 h4d4 a1d1 f8f2 g2f2 d4f2,1528,104,63,36,crushing endgame exposedKing fork long,https://lichess.org/s8xraTKU#39,,
02wQo,2k1r3/1pp2pQp/p1p2P2/8/5q2/2Prb3/PP2RPPP/R5K1 w - - 0 20,e2e3 d3e3 f2e3 f4e3,1839,118,80,32,crushing endgame kingsideAttack short,https://lichess.org/cFks0KPU#39,,
02wRL,r4rk1/pb3p1p/2q2bp1/2p5/N2p4/1P1B4/P1P2PPP/1R1QR1K1 w - - 0 18,d3c4 c6g2,653,99,90,319,kingsideAttack mate mateIn1 middlegame oneMove,https://lichess.org/ykdnqA9S#35,Sicilian_Defense Sicilian_Defense_Classical_Variation,
02wTR,2r3k1/2qp1ppp/8/p3P1P1/1p1QP2P/8/PPr5/1K1R3R w - - 2 24,d4d7 c2c1 d1c1 c7d7 c1c8 d7c8,1505,75,96,1219,crushing deflection endgame long,https://lichess.org/E83Q9Zoz#47,,
02wWR,rn2r3/pbppk1pp/1p6/2b1N3/3p1B2/5N2/PPP2PPP/4RRK1 b - - 13 17,e7d8 e5f7 d8c8 e1e8,1194,76,97,2058,deflection discoveredAttack mate mateIn2 middlegame short,https://lichess.org/UCaAB8Hy/black#34,Bishops_Opening Bishops_Opening_Lewis_Gambit,
02wWt,kR6/p1p4p/2Pp2p1/1p1r4/1P6/8/P4PPP/4R1K1 b - - 0 30,a8b8 e1e8,446,106,95,383,endgame mate mateIn1 oneMove rookEndgame,https://lichess.org/6GaKS65A/black#60,,
02wZy,8/r7/1R5p/3p1ppk/3P4/pNn1PK1P/P5P1/8 b - - 11 47,c3a2 g2g4 f5g4 h3g4 h5h4 b6h6,1073,85,81,346,endgame long mate mateIn3,https://lichess.org/qPTVgl8Y/black#94,,
02waj,8/6R1/8/4PK2/8/r7/5kp1/8 w - - 0 51,e5e6 a3f3 f5e5 f3g3 g7g3 f2g3 e6e7 g2g1q,2134,76,93,3117,advancedPawn crushing endgame master promotion rookEndgame veryLong,https://lichess.org/2PX3R5gH#101,,
02wdz,3k1r2/1p2qr2/p2pR3/2PP4/4p1QP/2b5/P1P2P2/2K3R1 b - - 3 33,e7d7 e6d6 d7d6 c5d6,1617,75,88,1487,advantage master masterVsMaster middlegame pin short,https://lichess.org/BDUoFW6u/black#66,,
02weX,r1b2rk1/pp1pqpbp/6p1/3nP3/2p2P2/P5Q1/1PP1B1PP/RNB2RK1 w - - 0 13,e2c4 e7c5 g3f2 c5c4,1125,90,94,4757,advantage fork opening short,https://lichess.org/XL9mj2V9#25,Scotch_Game Scotch_Game_Other_variations,
02wgI,2kr1b1r/1ppq2pp/p1n2p2/4Pn2/6b1/1BP2N2/PP2QPPP/RNB1R1K1 b - - 0 12,c6e5 f3e5 g4e2 e5d7,1323,77,92,394,advantage opening short,https://lichess.org/i3Afdl6l/black#24,Ruy_Lopez Ruy_Lopez_Cozio_Defense,
02wic,r1bq1rk1/4bpp1/1p3n1p/pNp1p3/4P2B/P2B4/1PPQ1PPP/R3K2R w KQ - 0 14,e1g1 c5c4 a1d1 c4d3 h4f6 e7f6,2234,92,82,30,crushing long middlegame,https://lichess.org/kRfAQ9li#27,Sicilian_Defense Sicilian_Defense_Other_variations,
02wjb,2r2rk1/1R4pp/p7/2Np4/8/4b3/P1R3PP/3Q1q1K w - - 2 30,d1f1 f8f1,543,116,87,930,backRankMate master mate mateIn1 middlegame oneMove,https://lichess.org/GLXoRamV#59,,
02wjy,r2r2k1/4Rp1p/2q3pB/b7/P1P1P3/5Q1P/6P1/7K b - - 2 34,c6c4 f3f6 a5c3 e4e5,1696,75,87,244,crushing defensiveMove middlegame short,https://lichess.org/0r335Mh0/black#68,,
02woL,6k1/Q5p1/3rb2p/8/8/2P2qN1/PP3P1P/5RK1 w - - 0 25,a7b8 g8h7 b8d6 e6h3 d6d5 f3d5,1619,76,100,778,crushing defensiveMove endgame long sacrifice,https://lichess.org/RNcHAb9H#49,,
02wsO,4k3/6R1/3Bp3/1P2P1Pp/3b1P2/4p3/7r/3K4 w - - 0 35,g7e7 e8d8 e7c7 e3e2 d1e1 d4f2 e1e2 f2b6,2005,75,88,558,advancedPawn crushing discoveredAttack discoveredCheck endgame exposedKing veryLong,https://lichess.org/fvahyPW1#69,,
02wuG,6rk/pp2p2p/1n1p1nq1/2pP1R2/3b4/2NQ4/PPPB2PP/5R1K w - - 3 21,c3e4 g6g2,1121,76,85,131,kingsideAttack master mate mateIn1 middlegame oneMove,https://lichess.org/w22NuWUx#41,,
02wvj,5R2/8/7p/8/2kp4/1pn5/2K4P/8 w - - 0 56,c2d2 b3b2 f8c8 c4d5,2365,97,79,50,advancedPawn crushing defensiveMove endgame short,https://lichess.org/nv7utLJE#111,,
02ww9,2r4r/kb1q4/pn1Bp2p/3nPp2/3P2p1/5N1P/RP2QPP1/R5K1 b - - 1 31,g4f3 a2a6 b7a6 e2a6,1252,76,87,427,mate mateIn2 middlegame short,https://lichess.org/7gv8ctIX/black#62,,
02wxP,4rbk1/pp1n3p/3p2p1/2pPn3/4NB2/6Pq/PPP1Q2P/R4RK1 w - - 3 23,e2f2 e5g4 f2g2 h3g2 g1g2 e8e4,1575,75,100,1276,advantage kingsideAttack long middlegame,https://lichess.org/Ijb8tuCz#45,,
02wxl,8/8/8/p1b3k1/Pp6/1Pr2B1P/6P1/2R4K w - - 3 41,c1c3 b4c3 f3e4 g5f4,1297,76,84,356,crushing endgame short,https://lichess.org/yVBgL2oz#81,,
02x0N,8/5b1R/5p2/3p1P2/2p3P1/1pK1P3/rP2Bk2/8 w - - 15 38,h7h2 f2e3 e2c4 d5c4,1205,79,85,1830,crushing endgame short,https://lichess.org/3POUKOwN#75,,
02x1H,3rr1k1/p4ppp/1pp5/3bP1q1/8/2PP3P/PP2QBP1/R4RK1 w - - 2 23,d3d4 g5g2,841,118,45,39,kingsideAttack mate mateIn1 middlegame oneMove,https://lichess.org/H4ibUvvK#45,,
02x4e,r1b1k2r/1pp2ppp/p1n5/4p1q1/3pP1P1/1NPP3P/PP2NKP1/R2Q1B1R w kq - 0 12,e2g3 g5e3,946,77,100,329,mate mateIn1 middlegame oneMove,https://lichess.org/4H9Ix8kQ#23,Kings_Pawn_Game Kings_Pawn_Game_Kings_Head_Opening,
02x4y,5rk1/pp3pp1/2p1p2p/4P1q1/4B3/4PQ2/PPPr2PP/5R1K b - - 5 23,f8d8 f3f7 g8h8 f7f8 d8f8 f1f8,1075,94,69,60,endgame kingsideAttack long mate mateIn3 pillsburysMate sacrifice,https://lichess.org/riXPLqr0/black#46,,
02x56,r4rk1/p3pp1p/b1p3pQ/3p4/8/2P4R/Pq3PPP/RN4K1 b - - 1 17,b2a1 h6h7,657,100,96,247,kingsideAttack mate mateIn1 middlegame oneMove,https://lichess.org/0Z0VxvXU/black#34,Sicilian_Defense Sicilian_Defense_Old_Sicilian,
02x7v,8/2Pb4/p7/PP6/5p1p/2k2K1P/6P1/8 b - - 0 50,a6b5 a5a6 d7c8 a6a7,957,76,100,366,advancedPawn bishopEndgame crushing endgame short,https://lichess.org/fpK3EPQM/black#100,,
02x7w,2kr4/ppp2pr1/4pp2/2n5/2PqB3/P4Q2/5PPP/R2R2K1 b - - 4 20,d4e4 d1d8 c8d8 f3f6 d8e8 f6g7,1678,74,98,3424,advantage attraction fork long middlegame,https://lichess.org/QlXhpWay/black#40,,
02xAQ,r4r1k/ppq2p1P/3bp1p1/3pn3/3Q1B2/2N5/PPP2P2/2KR3R b - - 2 21,f7f6 c3b5 e5d3 c1b1 d3f4 b5c7,2278,90,89,441,advantage defensiveMove long middlegame,https://lichess.org/RRwtxFEq/black#42,,
02xB9,8/6k1/1B2p1p1/3pPpK1/3P1P2/8/2n2NP1/5b2 w - - 21 55,g2g3 c2e1 g3g4 e1f3,1855,80,84,181,endgame mate mateIn2 quietMove short,https://lichess.org/jAsy48A6#109,,
02xBY,6k1/5p2/8/N1pq4/4p1b1/1P2P2p/P1Q2PP1/6K1 w - - 0 36,a5c4 h3g2 g1g2 g4d1 c2d1 d5d1,2734,95,60,116,advancedPawn crushing endgame long master,https://lichess.org/5qEEDatc#71,,
02xCC,r2qr2k/pppb1R2/3p2Qp/8/3Pp3/P1P1P1P1/7P/R5K1 b - - 3 23,d8g5 f7h7,981,89,95,136,mate mateIn1 middlegame oneMove,https://lichess.org/QQLMxZ0T/black#46,,
02xCt,2R5/8/p7/3n3R/4p2P/1k6/r1p2P2/2K5 w - - 4 51,h5d5 a2a1 c1d2 a1d1 d2e3 d1d5,1407,74,96,5069,crushing endgame exposedKing long rookEndgame skewer,https://lichess.org/XgHWCUIA#101,,
02xFH,3r2k1/1bpr2pp/p3Qpq1/1p2p1N1/1P6/P1PPP2P/5RP1/5R1K b - - 1 25,g8f8 f2f6 g7f6 f1f6 f8g7 f6g6,1450,77,92,779,crushing fork long middlegame sacrifice,https://lichess.org/F4WrEfiR/black#50,,
02xIH,8/Q4pkp/1p2p1p1/8/2B1n3/2P2NP1/Pq3PKP/8 w - - 2 25,c4e6 b2f2 g2h3 f2f3 a7f7 f3f7,1645,79,94,1513,crushing deflection endgame long,https://lichess.org/wTURrRXw#49,,
02xLN,r1b3k1/p4pbp/4p1p1/8/4Q3/2p1RN1P/q4PP1/1R4K1 w - - 0 23,e4a8 a2b1 f3e1 b1b7 a8b7 c8b7,1961,79,84,51,advantage hangingPiece long middlegame,https://lichess.org/5hvU6aaD#45,,
02xQE,8/8/3p1k2/R2P4/1pPK4/2r5/8/8 b - - 2 47,f6f5 a5a6 c3c1 a6d6 b4b3 d6b6,2371,77,91,1429,crushing endgame long rookEndgame,https://lichess.org/e3V6EWHk/black#94,,
02xa0,r1b1k2r/pp2bpp1/1q2pN2/3P4/6n1/5NP1/PPQ3BP/R1B1R2K b kq - 0 16,e7f6 c2a4 e8f8 a4g4,1867,81,80,79,crushing fork middlegame pin short,https://lichess.org/7uBEHmCA/black#32,Indian_Defense Indian_Defense_Anti-Nimzo-Indian,
02xfT,2q3k1/p4ppp/bp2p3/3nP3/2N5/1P4P1/P3QPBP/6K1 w - - 2 25,c4d6 c8c1 e2f1 a6f1,1393,79,93,631,advantage endgame short,https://lichess.org/oCh1KKDr#49,,
02xjI,4Q1k1/5p2/p2p2pp/1prq1P2/8/1P6/P5PP/5RK1 b - - 1 36,g8h7 f5g6 h7g6 e8g8 g6h5 h2h3 d5d4 g1h1,2410,80,75,54,attraction crushing defensiveMove endgame quietMove veryLong,https://lichess.org/X4vCao11/black#72,,
02xjV,r2qk2r/1pp2ppp/p1Pp2b1/4p1b1/B5P1/3P1N1P/PPP2P2/R2QK2R b KQkq - 0 12,b7b6 h3h4 g5f4 h4h5,1868,75,93,1260,advantage middlegame short,https://lichess.org/G7rktxjN/black#24,Ruy_Lopez Ruy_Lopez_Morphy_Defense,
02xnk,8/6k1/1n2pr2/1R4Kp/p6P/P7/1P2R3/8 w - - 0 43,b5b6 f6f5,789,82,87,424,endgame mate mateIn1 oneMove rookEndgame,https://lichess.org/MKNdpzQ4#85,,
02xoa,8/1p4Q1/p1p5/P2r1k1P/1P6/4qpP1/2K5/3R4 w - - 4 62,g7f7 f5g4 d1d5 c6d5 f7d7 g4g3 d7g7 g3f2 h5h6 d5d4 h6h7 d4d3 c2b2 d3d2 h7h8q d2d1q h8h2 f2f1 h2h1 f1e2,2755,94,84,81,advancedPawn crushing defensiveMove endgame exposedKing master masterVsMaster promotion quietMove veryLong,https://lichess.org/LtneVdvK#123,,
02xr4,4r1k1/pbp1rq1p/1p1p1np1/3P4/1PPQpPP1/1B2N3/P5K1/R2R4 b - - 0 32,f6g4 e3g4 f7f4 g4f6,1481,80,93,9002,advantage middlegame short,https://lichess.org/3fNCQuNU/black#64,,
02xva,8/p2NR1pk/7p/8/6r1/4pK2/2n4P/8 b - - 7 45,g4g6 d7f8 h7g8 f8g6,962,92,95,2867,advantage endgame fork short,https://lichess.org/6xOZ1IyH/black#90,,
02xvz,r6k/1b4pp/p2p4/4p3/1R3r2/8/PPqNQ1PP/5R1K b - - 3 27,c2d2 b4f4 d2f4 f1f4,1390,249,43,5,advantage master middlegame short,https://lichess.org/TKqMYLbJ/black#54,,
02y1Y,4k3/2p5/p1P1p3/4P1K1/P4r2/8/6R1/8 b - - 0 45,f4a4 g5f6 a4f4 f6e6,989,80,73,44,crushing endgame rookEndgame short,https://lichess.org/MtkFEFn4/black#90,,
02y2Z,r2qk2r/pbp2ppp/1p1b4/3p4/3Pp2N/2P1P1B1/PPQ2PPP/R4RK1 b kq - 1 13,b7a6 c2a4 d8d7 a4a6,1217,76,86,321,advantage fork middlegame short,https://lichess.org/KSGFG1O8/black#26,Queens_Pawn_Game Queens_Pawn_Game_Accelerated_London_System,
02y3e,8/6k1/6Pp/p1p1pP1K/PpPp4/1P1P4/8/8 w - - 0 66,h5g4 e5e4 d3e4 d4d3 g4f3 h6h5 f3e3 h5h4,2440,79,76,120,crushing defensiveMove endgame pawnEndgame quietMove veryLong,https://lichess.org/nvw8rCSN#131,,
02y4j,q1rr2k1/1b2bpp1/p2ppn1p/8/2P1P3/P2B1N2/1B2QPPP/3RR1K1 b - - 0 22,f6e4 d3e4 b7e4 e2e4 a8e4 e1e4,914,99,95,416,advantage long master masterVsMaster middlegame,https://lichess.org/ksubAP2z/black#44,,
02y6e,qr1r2k1/5p2/4p1p1/p3P1Np/5nPQ/P7/1P1R1P1P/3R2K1 w - - 1 27,d2d8 b8d8 d1d8 a8d8,659,101,77,382,crushing middlegame short,https://lichess.org/gbV43O6e#53,,
02y7C,r1bqr1k1/p3bppp/7B/3pQ2n/8/1PN5/PP3PPP/R3R1K1 b - - 4 18,e7f6 e5e8 d8e8 e1e8,969,83,95,706,kingsideAttack mate mateIn2 middlegame short,https://lichess.org/5vZp2vWh/black#36,French_Defense French_Defense_Steinitz_Attack,
02yBm,r1b1qrk1/pppp1p1p/1b3QpB/4p3/2n1P3/2P2N2/PP3PPP/RN2K2R b KQ - 1 12,e8e6 f6g7,815,106,92,621,mate mateIn1 oneMove opening,https://lichess.org/hN6LbVvp/black#24,Italian_Game Italian_Game_Rosentreter_Gambit,
02yBt,8/p4p2/1p6/8/2k3P1/5K2/N7/8 w - - 1 54,f3e4 a7a5 e4e3 c4b3 a2c1 b3c2 c1d3 c2c3 d3f4 a5a4,2521,95,53,44,crushing defensiveMove endgame knightEndgame quietMove veryLong,https://lichess.org/8eujxUBs#107,,
02yET,2r3k1/1R1n4/3B1p2/1P1Pp3/4PpPp/5PbP/6r1/1K1R4 b - - 0 43,d7c5 d6c5 c8c5 d5d6 c5c4 b7a7 c4b4 b1a1 g3f2 d6d7 f2d4 d1d4 b4d4 a7a8,2727,98,91,1379,advancedPawn crushing master middlegame quietMove sacrifice veryLong,https://lichess.org/jr2bE5B0/black#86,,
02yEq,r1b2rk1/pp3pp1/8/3p2Pp/2nP3P/2PBqPN1/P1Q5/1K1R2R1 w - - 2 24,g3h5 c4a3 b1b2 a3c2,1150,210,54,8,advantage fork middlegame short,https://lichess.org/gvwhBu7L#47,,
02yF0,r2qr1k1/pp3ppp/1np5/3pR2b/3P4/2N2N1P/PPP1QP2/4R1K1 b - - 4 21,b6c4 e5e8 d8e8 e2e8 a8e8 e1e8,992,78,78,94,backRankMate fork long mate mateIn3 middlegame,https://lichess.org/gxeJdrjz/black#42,,
02yFZ,r3kr2/pppq1pQp/3p4/3P4/8/2P1n1P1/PB1nN2P/R2R3K b q - 1 18,d7h3 e2f4 h3f5 d1d2,1076,302,0,10,advantage middlegame short,https://lichess.org/iktTKtGe/black#36,English_Opening English_Opening_Kings_English_Variation,
02yHD,3Q4/7p/P7/6pk/8/5pPK/5P1P/8 w - - 2 60,a6a7 g5g4,542,108,80,424,endgame mate mateIn1 oneMove queenEndgame,https://lichess.org/X0REfN5a#119,,
02yOM,1r1Q3k/5Rpp/5b2/p1p1p3/7P/2P3P1/P3qP2/3R2K1 b - - 5 31,b8d8 d1d8 f6d8 f7f8,1043,169,67,27,backRankMate endgame mate mateIn2 short,https://lichess.org/ZluQb167/black#62,,
02yQP,8/4P3/4r1p1/p5kp/5R2/1P3KP1/8/8 b - - 1 48,e6e1 f4e4 e1e4 f3e4,1289,90,60,38,crushing endgame rookEndgame short,https://lichess.org/zew59eEU/black#96,,
02yQt,2r5/2r1kppp/p3pn2/1p2N3/3N4/PPn1P3/3R1PPP/2R2K2 b - - 0 24,c3e4 c1c7 c8c7 d4c6,1960,75,100,101,advantage middlegame short,https://lichess.org/FrKfTFNV/black#48,,
02yT2,rnq4r/ppN1kppp/4pB2/8/4b3/5Q2/PPP3PP/2KR2NR b - - 0 15,g7f6 f3a3,1540,84,87,2976,mate mateIn1 middlegame oneMove,https://lichess.org/FuZYCm7F/black#30,Blackmar-Diemer_Gambit_Accepted Blackmar-Diemer_Gambit_Accepted_Ryder_Gambit,
02yTE,4rk1r/pQN2ppp/4p3/3pN3/4n3/1P4P1/P4q1P/R6K b - - 1 22,f2d4 c7e6 f7e6 b7f7,1725,79,93,378,clearance mate mateIn2 middlegame sacrifice short,https://lichess.org/x6oR81un/black#44,,
02yVL,3q1rk1/p1p2pp1/brpp1b1p/4p3/Q1P1P3/3P1N1P/P2N1PP1/1R2R1K1 b - - 3 14,d8b8 b1b6 a7b6 a4a6 b8a8 a6a8,1709,75,86,883,advantage capturingDefender long middlegame,https://lichess.org/YqqfiaAM/black#28,Ruy_Lopez Ruy_Lopez_Steinitz_Defense,
02yab,8/8/8/8/8/2R1bk1p/5Np1/6K1 w - - 6 62,c3c2 f3g3 c2c8 h3h2,2178,79,87,493,advancedPawn endgame master mate mateIn2 short,https://lichess.org/9wLtXMET#123,,
02yan,2r1k3/ppB4p/7q/8/3PP1b1/P4nP1/P1Q4P/2R2R1K w - - 3 24,c2a4 g4d7 a4c2 c8c7 c2b2 c7c1,1681,74,88,97,advantage defensiveMove long middlegame pin,https://lichess.org/qA8ED0cN#47,,
02yao,1r1bk2r/2q4p/3p1Pp1/4p1P1/p2pPn2/P2P3R/1P1Q4/1KNN3R w k - 2 28,h3h7 h8h7 h1h7 c7h7,1196,114,60,34,crushing middlegame short,https://lichess.org/g6rUwfLK#55,,
02yau,3r1knr/p4ppp/8/1p1NPb2/2Pn4/P7/1P3PPP/2RK1BNR w - - 0 16,g1f3 d4f3 g2f3 b5c4 f1c4 g8e7 d1e2 e7d5 c4d5 d8d5,2466,82,79,117,crushing middlegame pin veryLong,https://lichess.org/cbUv6ClT#31,Queens_Gambit_Declined Queens_Gambit_Declined_Albin_Countergambit,
02ye0,2kr1bR1/ppp2p1p/4pq2/8/5p2/2N2Q2/PPPBBK2/8 w - - 1 24,f3f4 f6f4 d2f4 f8c5 f2f3 d8g8,2019,79,92,1212,advantage discoveredAttack exposedKing long middlegame,https://lichess.org/1xo7QtPE#47,,
02yeg,r4rk1/p1npqppp/b1n1p3/1p2P3/4N3/3Q1N2/PPB2PPP/R2R2K1 b - - 3 17,b5b4 e4f6 g7f6 d3h7,1803,78,64,347,discoveredAttack kingsideAttack mate mateIn2 middlegame sacrifice short,https://lichess.org/djtoOszl/black#34,Sicilian_Defense Sicilian_Defense_Smith-Morra_Gambit,
02yfS,r5k1/pp3pp1/6qp/3P3n/8/1P1BRP1P/4RP1K/8 b - - 7 26,g6g5 e3e8 a8e8 e2e8,600,102,65,546,endgame mate mateIn2 pillsburysMate short,https://lichess.org/75bHyRxx/black#52,,
02ygH,5q1k/r1p4p/5P1p/ppQ5/8/1P4P1/5P1P/RN1R2K1 b - - 0 25,f8c5 d1d8 c5f8 d8f8,497,100,81,210,endgame mate mateIn2 short,https://lichess.org/F90tLhW3/black#50,,
02yiN,r5k1/p4rpp/Q2R4/8/4n3/P2p1N2/P1q2PPP/R5K1 w - - 2 28,a6d3 c2f2 g1h1 e4d6,1933,78,93,8997,advantage middlegame short,https://lichess.org/lPB0ptsZ#55,,
02yjQ,r2q1rk1/pp2pp2/3p3p/6p1/2P1P3/Pn1Q1PP1/1P3P2/RB2K2R b KQ - 2 20,b3a1 e4e5 f7f5 e5f6 f8f6 d3h7 g8f8 b1g6 f6g6 h7g6,2488,88,85,556,advantage clearance enPassant kingsideAttack middlegame quietMove veryLong,https://lichess.org/Gvo7ZlGs/black#40,,
02ynC,8/5ppk/7p/1p6/7q/1PQp3R/5PPK/4r3 b - - 3 48,h4d8 c3e1 d3d2 e1d1 d8c7 h3g3 c7c1 d1g4,2657,85,95,395,crushing endgame hangingPiece veryLong,https://lichess.org/csfn7Rwp/black#96,,
02ynf,2kr3r/pp3pQp/2n1b3/1B6/4PB2/2N5/PPP1NbPP/3q1K1n w - - 0 16,c3d1 d8d1,929,77,92,195,mate mateIn1 middlegame oneMove,https://lichess.org/eW3VJ0E9#31,Vienna_Game Vienna_Game_Stanley_Variation,
02yoc,4k3/7R/1pp3r1/8/P3r2p/1B3K2/1PP5/8 b - - 2 50,e4b4 b3f7 e8e7 f7g6,984,76,95,2865,advantage discoveredAttack discoveredCheck endgame fork master short,https://lichess.org/jnOiltKW/black#100,,
02ypC,6k1/6p1/8/5p2/p4P2/B1P2K2/P7/4n3 w - - 2 43,f3e3 e1c2 e3d3 c2a3,922,88,95,178,crushing endgame fork master short,https://lichess.org/wrFb7wqI#85,,
02ypY,6k1/5p1p/2R1p1p1/4N3/3PPP2/r4K1P/3b2P1/8 w - - 1 39,f3g4 h7h5 g4g5 g8g7 e5g6 a3g3,2422,78,75,82,crushing endgame long,https://lichess.org/nQ8NmG8X#77,,
02yqs,2r1r1k1/Q3bpp1/8/8/4pB2/2p3PP/5n2/2R3K1 w - - 0 33,g1f2 e7c5 a7c5 c8c5,875,77,100,488,advantage endgame fork short,https://lichess.org/LCVYYVFS#65,,
02yr2,7r/5pk1/p5p1/1p6/5NQ1/3R1P2/7q/5K2 b - - 8 39,h2c2 f4e6 f7e6 d3d7 g7f6 g4d4,2116,76,94,1446,crushing endgame long sacrifice,https://lichess.org/t6fVP62Q/black#78,,
02yri,5r1k/pp4pp/5r2/3R4/3n3N/P6Q/1q3PPP/5RK1 b - - 4 29,f6f2 h4g6 h8g8 g6e7 g8f7 f1f2 b2f2 g1f2,2049,76,93,6510,crushing fork middlegame pin veryLong,https://lichess.org/cTlEQq4U/black#58,,
02yro,1r2r1k1/p1p2pp1/2Qpq2p/4P1n1/8/2N5/PPP2PPP/1R2R1K1 w - - 1 18,e5d6 e6e1 b1e1 e8e1,572,104,94,1205,backRankMate mate mateIn2 middlegame short,https://lichess.org/qyZ3jL8z#35,Four_Knights_Game Four_Knights_Game_Spanish_Variation,
02yrs,2kr1bnr/ppq2ppp/2p1p3/3pP1N1/8/1P1QB3/P1P2PPP/RN2K2R w KQ - 1 11,e3a7 c7e5 d3e3 e5a1 e1g1 a1f6,2337,76,91,3020,advantage fork long opening pin,https://lichess.org/OsT1JzVm#21,Caro-Kann_Defense Caro-Kann_Defense_Advance_Variation,
02yun,r1nqr1k1/1pp2p2/p5pp/3P4/P1BN2b1/1PQ2P2/6PP/3R1K1R b - - 0 20,g4d7 d4e6 d7e6 d5e6 d8d1 f1f2 d1d8 e6f7,1907,76,91,463,advancedPawn advantage kingsideAttack middlegame sacrifice veryLong,https://lichess.org/nb8RPqJ4/black#40,,
02yx6,8/8/8/p1ppk1pp/8/PPP1K1PP/8/8 w - - 1 33,e3f3 d5d4 f3e2 d4c3,2384,79,66,101,crushing endgame pawnEndgame short,https://lichess.org/wGrAi4mg#65,,
02yxb,2kr3r/5p2/2pp1qb1/p3p1p1/2P3P1/2N1P1pR/PP1QBP2/R3K3 w Q - 0 26,h3h8 f6f2 e1d1 d8h8 d2d6 h8d8 d6d8 c8d8,2446,85,72,83,attackingF2F7 crushing intermezzo middlegame pin veryLong,https://lichess.org/W8lnQSmA#51,,
02z11,r1b1k2r/ppp1qppp/3p1n2/4n3/2Bb4/5N2/PP3PPP/RNBQR1K1 w kq - 0 10,d1d4 e5f3 g2f3 e7e1,877,90,91,1615,crushing discoveredAttack kingsideAttack opening short,https://lichess.org/vccAanBW#19,Italian_Game Italian_Game_Classical_Variation,
02z15,r6k/qb3Q1p/p4p2/2p5/1P6/2P2N2/P4PrP/R3R1K1 w - - 0 21,g1g2 b7f3 g2f3 a7f7,1502,77,94,4156,crushing discoveredAttack middlegame short,https://lichess.org/lTdfU4st#41,,
02z4P,rn3rk1/pb2q1b1/2p1pnQ1/1p4BP/3PN3/4P3/PP3PP1/R3K2R b KQ - 0 18,e7f7 e4f6 f7f6 g5f6,1003,78,96,6640,crushing kingsideAttack middlegame short,https://lichess.org/LdCwrvGW/black#36,Slav_Defense Slav_Defense_Other_variations,
02z98,8/8/R3N2p/1r2n1pk/p3K3/P4P2/7P/8 b - - 9 48,e5c4 e6g7 h5h4 a6h6,1537,83,58,88,deflection discoveredAttack endgame mate mateIn2 short,https://lichess.org/j5ZYvIp1/black#96,,
02zCV,r4k1r/1pp2pp1/1b1p1P2/pP6/P2P1nq1/1Q3N1p/3N1P2/R1B1RB1K w - - 0 21,d2e4 g4g2 f1g2 h3g2 h1g1 h8h1,1685,78,93,978,advancedPawn discoveredCheck doubleCheck exposedKing kingsideAttack long mate mateIn3 middlegame sacrifice,https://lichess.org/v38zZpfY#41,,
02zGr,r3r1k1/p3p2p/6pB/1p1pq1N1/8/1P1pnQ1P/1b4P1/5R1K b - - 1 29,e3f1 f3f7 g8h8 f7h7,1694,142,52,24,fork mate mateIn2 middlegame short,https://lichess.org/iw2mpgPl/black#58,,
02zIn,2rR1Q2/2r2p1k/4bBpp/1p5q/8/8/P4PPP/5RK1 b - - 7 35,c8d8 f8g7,1036,76,100,819,mate mateIn1 middlegame oneMove,https://lichess.org/Wrr2uYu3/black#70,,
02zKk,5r2/p7/2pQ4/P3R3/3q4/3k2B1/3p2PP/7K w - - 12 46,d6g6 d3c3 g6c6 c3b2,2359,89,84,36,advantage defensiveMove endgame short,https://lichess.org/Uics2xjk#91,,
02zMY,6k1/1p3p2/2p2Q2/2Pp1K2/1P1P1p2/8/6qP/8 b - - 5 37,g2g6 f6g6 f7g6 f5f4,1668,75,92,2367,crushing endgame master queenEndgame short,https://lichess.org/AN93HtvD/black#74,,
02zOY,r4r1k/ppp3pp/1q1pQ3/3P2b1/4RB2/8/PP3PPP/R5K1 w - - 3 23,f4g5 b6f2 g1h1 f2f1 a1f1 f8f1,865,111,96,376,backRankMate long mate mateIn3 middlegame sacrifice,https://lichess.org/UEFHgetY#45,,
02zVb,r2q1r2/p5k1/3b1ppp/1p1p4/2pP4/P1P2Q1P/1P1N1PP1/R3R1K1 w - - 0 24,f3d5 d6h2 g1h2 d8d5,967,83,90,397,advantage discoveredAttack middlegame short,https://lichess.org/1jp7XnRC#47,,
02zWb,r6r/ppp3pp/2b2k2/5pN1/5P2/4R3/PPP4P/2K1R3 b - - 7 23,a8e8 e3e6 e8e6 e1e6,1604,76,94,3339,collinearMove endgame hookMate mate mateIn2 short,https://lichess.org/dVFEWefN/black#46,,
02zan,5rk1/8/5p1Q/4p1p1/3q1n2/1P1p2RP/5P1K/R7 w - - 2 35,g3g5 f6g5 h6g5 g8f7 g5f5 f7e7 f5h7 f8f7,2249,85,89,248,advantage endgame veryLong,https://lichess.org/KrIGW2dk#69,,
02zar,r1bk1r2/pppp2pp/8/2PNnq2/5Q2/8/PPP3PP/R1B1R1K1 w - - 1 17,f4e5 f5f2 g1h1 f2f1 e1f1 f8f1,1094,75,99,1659,backRankMate long mate mateIn3 middlegame sacrifice,https://lichess.org/1SQdTSeo#33,Kings_Gambit_Accepted Kings_Gambit_Accepted_MacLeod_Defense,
02zd6,rn3r1k/ppn2pR1/4q2B/4p3/7Q/8/PP2bP1P/1K1R4 b - - 3 21,e2d1 g7g5 e6g6 g5g6,2255,86,74,55,crushing middlegame short,https://lichess.org/54HXXViW/black#42,,
02ziV,r4rk1/pp1q3p/2p1bn2/4Rp2/2pP2p1/3B1P2/PPQN2PP/3R2K1 w - - 0 19,d3c4 d7d4 g1h1 d4e5,1131,77,100,415,advantage fork middlegame short,https://lichess.org/op9cUeMe#37,,
02zji,8/1p6/2p2k2/8/p4P2/P7/1P2K3/8 w - - 1 50,e2e3 f6f5 e3d4 f5f4,2181,79,91,792,crushing endgame pawnEndgame short,https://lichess.org/mjwuc29j#99,,
02zkV,2r5/1kb3p1/p2Q1pP1/1p3P2/2b5/P1B5/1P6/K7 w - - 1 35,d6d7 c8d8 d7d8 c7d8,1001,76,99,673,advantage endgame short,https://lichess.org/JQX7XXkh#69,,
02zlF,r1b2rk1/pp3p2/6pp/4pn2/3nN1P1/3P3Q/Pq2PPBP/4RK1R b - - 1 19,f5g7 e4f6 g8h8 h3h6,1131,96,73,21,kingsideAttack mate mateIn2 middlegame short,https://lichess.org/bS5fKyN5/black#38,English_Opening English_Opening_Symmetrical_Variation,
02zlM,8/6p1/4pp2/1p2P2k/p3KP2/P1P3P1/8/8 w - - 2 44,e4f3 f6e5 f4e5 g7g5 f3e2 h5g4 e2f2 g4f5,2584,110,91,273,crushing endgame master pawnEndgame quietMove veryLong zugzwang,https://lichess.org/8SJtKxly#87,,
02znl,5rk1/3q1p1p/3p2p1/2pN1P2/6P1/2P1BN2/1b1K3P/3R4 b - - 0 22,g6f5 d5f6 g8g7 f6d7,891,96,96,2081,crushing fork master middlegame short,https://lichess.org/oZVbILpI/black#44,,
02zpZ,3r2k1/pQ3pp1/6p1/3pR3/6P1/5KB1/PPP2P2/7q w - - 1 30,f3f4 g6g5 f4e3 d5d4,1754,113,86,25,crushing endgame short,https://lichess.org/erBhAmqa#59,,
02zuS,2r3rk/3R2pp/6b1/4B2P/2q1p1Q1/8/6PK/8 b - - 0 40,g6h5 e5g7 g8g7 g4g7,1159,77,96,18612,mate mateIn2 middlegame short,https://lichess.org/BHY6onWK/black#80,,
02zve,8/8/8/P1k3p1/1N1p4/3K1p1P/8/8 w - - 2 53,b4c2 f3f2 d3e2 d4d3 e2d3 f2f1q,1094,75,98,971,advancedPawn attraction crushing deflection endgame exposedKing knightEndgame long promotion,https://lichess.org/kemqjEy4#105,,
02zwj,r4rk1/ppqn1ppp/2pb1p2/8/3Pb1PN/4B2P/PPPQBP2/R4RK1 w - - 5 14,e2d3 d6h2,877,76,100,306,mate mateIn1 middlegame oneMove,https://lichess.org/AvjZwmQu#27,Caro-Kann_Defense Caro-Kann_Defense_Tartakower_Variation,
02zyG,r4rk1/ppp3pp/1bnq1p2/1B2p3/2P5/1QP1nN2/PP3PPP/R4RK1 b - - 0 14,e3f1 c4c5 g8h8 c5d6,1073,74,100,903,advantage discoveredAttack discoveredCheck middlegame short,https://lichess.org/UZDQkZDi/black#28,Italian_Game Italian_Game_Classical_Variation,
02zyr,2rq1rk1/1p1b1pbp/pn1p2pB/3P4/2Pp4/PPNB1P2/3Q2PP/2R1K2R w K - 0 18,c3e4 d8h4 g2g3 h4h6,1717,75,77,104,advantage middlegame short,https://lichess.org/KSzymD5O#35,Alekhine_Defense Alekhine_Defense_Exchange_Variation,
02zzS,5rk1/pp3p2/3p2p1/2pP4/2P1Pn1p/4RP1q/PP2NQrP/4R2K w - - 2 29,e2f4 h3h2,899,94,93,679,kingsideAttack master mate mateIn1 middlegame oneMove,https://lichess.org/PIXNjx5V#57,,
02zzr,3q3k/1p4p1/p1p5/2P2pQP/PP3P1K/8/8/8 b - - 0 46,d8f6 g5f6 g7f6 h5h6 h8g8 h4h5,1640,78,93,217,crushing defensiveMove endgame long queenEndgame,https://lichess.org/eLZ0Fnr7/black#92,,
0300T,r2qk2r/pppb2p1/2n1pbQp/8/8/P1N1BN1P/1PP2PP1/R3K2R b KQq - 3 14,e8e7 e3c5,1112,77,78,182,mate mateIn1 middlegame oneMove,https://lichess.org/6Q9g5Dgx/black#28,Zukertort_Opening Zukertort_Opening_Pirc_Invitation,
0305P,r3kb1r/p4ppp/1q2p3/1bpp1P2/3Pn3/2P2N2/PP4PP/RNBQR2K w kq - 1 13,f5e6 e4f2 h1g1 f2d1,946,77,100,126,advantage fork opening short,https://lichess.org/jHt1k60t#25,Bird_Opening Bird_Opening_Other_variations,
0306X,3r1k2/2Q2ppp/2R5/1B2r3/8/4BP2/PPP3qP/2K5 w - - 1 23,c7e5 g2h1 e3g1 h1g1 b5f1 g1f1 e5e1 f1e1,1686,79,94,980,endgame mate mateIn4 veryLong,https://lichess.org/s3eE0tnm#45,,
030BR,5k2/1R3p2/4pN1p/p4p2/r4K2/1p3PP1/7P/8 w - - 2 37,f4e5 a4b4 b7b4 a5b4,1272,76,92,4055,crushing endgame short,https://lichess.org/U1kxIZk2#73,,
030DH,r4r1k/p5pp/1np2n2/1p3B2/2pPR3/P2q2BQ/5PPP/R5K1 b - - 2 25,f6e4 h3h7,1168,206,33,8,kingsideAttack master masterVsMaster mate mateIn1 middlegame oneMove,https://lichess.org/OyWh4EPa/black#50,,
030Dh,8/7p/8/P1b3k1/6p1/1PN2pK1/8/8 b - - 3 43,h7h5 c3e4 g5f5 e4c5 h5h4 g3f2,1925,75,94,4624,crushing endgame fork long master,https://lichess.org/LrAkFp2W/black#86,,
030Fk,r3kb1r/1bqp1pp1/p3p3/1p5p/3QP1n1/2N1BB1P/PPP2PP1/R4RK1 w kq - 1 13,a1d1 c7h2,980,81,91,158,mate mateIn1 middlegame oneMove,https://lichess.org/ivBW4Hrz#25,Sicilian_Defense Sicilian_Defense_French_Variation,
030Hr,8/pp4p1/2k2ppp/r2r4/1P1p2P1/2PR3P/5P2/1K1R4 b - - 0 30,a5a3 c3c4 a3d3 c4d5 c6d5 d1d3,1824,77,92,589,advantage endgame exposedKing long rookEndgame,https://lichess.org/ST3EXcPk/black#60,,
030I0,5r2/4r1k1/3p1pbp/1Pp5/2P5/P2PqR1B/4P2p/1R2QK2 w - - 0 32,h3g2 e3g1,1120,76,96,5907,mate mateIn1 middlegame oneMove,https://lichess.org/vFq7i8gS#63,,
030KR,6k1/6pp/3P1r2/Q3p3/8/P4qP1/7P/KR6 b - - 0 36,f6d6 b1b8 g8f7 a5c7 f7e6 b8e8 e6f5 g3g4 f5f4 c7d6 f3c3 a1b1,2345,112,87,35,crushing endgame fork master veryLong,https://lichess.org/fsA3QJBR/black#72,,
030M4,2k5/1ppq1bb1/P2p3p/B1nP1p2/2PNr1p1/5N2/5PPP/1R1Q2K1 b - - 0 27,b7a6 d4c6 d7c6 d5c6,1616,76,75,352,crushing middlegame quietMove short,https://lichess.org/OQPrbW5b/black#54,,
030R2,8/8/6k1/2R4p/1r3Pp1/3K2P1/8/8 w - - 0 56,c5c4 b4c4 d3c4 h5h4 g3h4 g4g3,1944,77,96,3283,crushing endgame long rookEndgame,https://lichess.org/NCM2xhlH#111,,
030TT,r3r1k1/pp3pp1/2pq1np1/3p4/3P4/5NQ1/PPP2PPP/4RRK1 b - - 5 16,f6e4 e1e4 d5e4 g3d6,1557,75,88,190,advantage capturingDefender middlegame short,https://lichess.org/RcOv92mJ/black#32,French_Defense French_Defense_Exchange_Variation,
030Tw,r2q2rk/1pp4p/p2bQ2B/5p2/3P4/8/PP3PPP/R4RK1 w - - 0 24,e6f5 d8h4 g2g3 h4h6,2056,78,93,13687,advantage middlegame short,https://lichess.org/wEgsNKHq#47,,
030Zf,8/pp3pp1/4k3/1P2q1P1/P1R1P1Pp/5Q1P/2PrnB2/6K1 w - - 9 39,g1f1 e5a1 f1g2 e2g3 f3f5 g3f5,2478,100,90,909,crushing endgame long pin,https://lichess.org/n0YS2coM#77,,
030fm,r1b1k3/3pq1p1/1B2pnpr/p3b3/4Np2/P2Q1P2/2R1N1PP/5RK1 b q - 0 22,c8a6 d3a6 a8a6 c2c8 e7d8 b6d8,2323,83,81,64,advantage long middlegame sacrifice,https://lichess.org/OSMoxOpL/black#44,,
030gR,1R6/5pkp/6p1/8/P2N1n2/2r5/4BP2/5K2 w - - 1 36,a4a5 c3c1 e2d1 c1d1,479,110,100,432,endgame mate mateIn2 short,https://lichess.org/uWxA8TvD#71,,
030gZ,4r3/3p2kp/1R1P1pp1/p1r1p3/8/N3KP2/P5PP/5R2 w - - 0 36,f1b1 c5c3 e3f2 c3a3,801,89,88,810,advantage endgame fork short,https://lichess.org/cOXd6aM6#71,,
030iQ,4r3/ppp4k/8/4p3/6NP/8/P1P3PK/8 b - - 1 45,e5e4 g4f6 h7g6 f6e8,562,89,79,275,crushing endgame fork short,https://lichess.org/djVflfbt/black#90,,
030kk,8/4k1p1/4p3/7Q/5PP1/1P3R1K/2Prq2P/8 w - - 9 37,h5g5 e7f8 g5c5 f8g8 f3f2 e2f2 c5f2 d2f2,2092,78,88,272,crushing defensiveMove endgame veryLong,https://lichess.org/fbcUmmjs#73,,
030nT,8/5r1k/1p4pb/8/8/pP1PQ1P1/q4PK1/7R b - - 2 39,g6g5 e3b6 a2f2 b6f2 f7f2 g2f2,2335,87,86,190,crushing endgame long master,https://lichess.org/x0Ob4OmA/black#78,,
030o8,5r1k/6p1/p1R5/1p4PP/6R1/P7/5rK1/8 w - - 0 39,g2g3 f8f3 g3h4 f2h2,928,84,97,849,endgame mate mateIn2 rookEndgame short,https://lichess.org/JwSBkIUT#77,,
030s5,5rb1/R7/4r1k1/3pRp1p/5K1P/2PB4/P1P5/8 w - - 1 41,d3f5 f8f5 e5f5 e6e4 f4f3 g6f5,1298,77,87,192,advantage deflection endgame long sacrifice,https://lichess.org/UjBV4gUi#81,,
030ui,2kr1b1r/pp1q1ppp/2pB1n2/3p4/6P1/2NB3P/PPPQ1P2/2KRR3 b - - 0 15,f8d6 d3f5 d7f5 g4f5,1004,81,93,1717,advantage middlegame pin short,https://lichess.org/rB88dE71/black#30,Scotch_Game Scotch_Game_Other_variations,
030wp,5r1k/p4Bbp/3q2p1/8/2Q1p1P1/5n2/2PB1P1P/3QK2R w K - 2 31,e1f1 f3d2 f1g2 d2c4,1165,75,95,1179,advantage fork master middlegame short,https://lichess.org/OWfwMM1O#61,,
030zt,1nq2rk1/4ppbp/p2p1np1/2p5/4PPb1/2PPB2P/P2NN1BK/3Q1R2 w - - 0 17,h3g4 f6g4 h2g1 g4e3,799,79,69,178,advantage fork middlegame short,https://lichess.org/amEbDpNz#33,Sicilian_Defense Sicilian_Defense_Lasker-Dunne_Attack,
03150,2r2r1k/1p3p2/p4P1p/2q5/P7/2P4Q/5RP1/4R1K1 b - - 7 37,c5g5 e1e5 g5g6 e5h5 h8h7 f2f5 c8c6 h5g5 g6f6 f5f6,2536,91,69,40,crushing endgame pin quietMove trappedPiece veryLong,https://lichess.org/wI9ahusI/black#74,,
03170,8/8/p2k1ppp/1p1p4/PP1K2P1/1P3P2/7P/8 b - - 0 36,f6f5 g4f5 g6f5 f3f4,1983,77,91,1785,crushing defensiveMove endgame pawnEndgame short,https://lichess.org/IYRPGqpI/black#72,,
031EM,1r1r2k1/1b3p1p/p4qp1/4nNR1/4p2Q/8/PPP1B2P/1K1R4 b - - 2 27,b7d5 g5g6 f6g6 f5e7 g8g7 e7g6,1985,75,93,1043,advantage attraction fork long middlegame sacrifice,https://lichess.org/kWTXlwAY/black#54,,
031G5,r1bqk1r1/ppp2p2/1bnp1n1p/4p1pQ/2B1P2N/2PPB2P/PP3PP1/RN3RK1 b q - 1 10,b6e3 h5f7,1017,81,88,3819,attackingF2F7 mate mateIn1 oneMove opening,https://lichess.org/m5wbGsv8/black#20,Italian_Game Italian_Game_Classical_Variation,
031GC,4k3/4bpp1/1p2b3/3pPpr1/1Pq2N2/1Rn5/P1Q2P1P/2B2RK1 w - - 2 30,g1h1 c4f1,828,78,84,287,hangingPiece kingsideAttack master masterVsMaster mate mateIn1 middlegame oneMove,https://lichess.org/zO7tjlNE#59,,
031Kv,r3k1nr/pp3pp1/1bn2q1p/4p3/6b1/2PPBNP1/PP3PBP/RN1Q1RK1 w kq - 2 11,d1b3 g4f3 g2f3 f6f3,1155,79,87,694,advantage opening short,https://lichess.org/UsYQB9NP#21,Kings_Pawn_Game Kings_Pawn_Game_Macleod_Attack,
031PB,3r2bk/R6p/6p1/6b1/P7/7P/5PP1/2R3K1 w - - 1 40,c1c7 d8d1 g1h2 g5f4 g2g3 f4c7,902,77,97,3255,advantage endgame fork long,https://lichess.org/NT05Kx1X#79,,
031RQ,r4rk1/2q2ppp/p3p3/2pnP3/6Q1/1P5P/PB3PP1/2R2RK1 b - - 0 19,d5b4 g4b4 c5b4 c1c7,1531,75,94,1782,crushing middlegame short,https://lichess.org/hieAUlAG/black#38,Nimzo-Larsen_Attack Nimzo-Larsen_Attack_Classical_Variation,
031WO,r1bqr1k1/pp2bpp1/2p2n1p/3p4/5Q1B/3B1N2/PPP2PPP/R3R1K1 b - - 3 14,f6h7 d3h7 g8h7 f4f7,2009,81,91,3131,advantage kingsideAttack middlegame short,https://lichess.org/RgAXnjrk/black#28,Ruy_Lopez Ruy_Lopez_Berlin_Defense,
031Yd,5r2/pp6/5p1p/3q3k/8/5R2/P5Q1/7K b - - 2 38,f8g8 f3h3,1242,77,90,341,endgame master mate mateIn1 oneMove,https://lichess.org/646y2C3B/black#76,,
031jj,8/8/1p3p1k/p1rR1P2/4K3/1P6/P7/8 b - - 1 50,c5d5 e4d5 b6b5 d5e6 h6g5 a2a3 b5b4 a3a4 g5f4 e6f6,2032,141,75,13,crushing endgame quietMove veryLong zugzwang,https://lichess.org/CaYI3n2q/black#100,,
031lk,r3k2r/ppp1pp1p/5BpP/q7/3Q4/2P5/P1P1bP2/R3K1R1 b Qkq - 0 15,e8g8 f6e7 f7f6 e7f8,1921,75,90,127,advantage master middlegame short,https://lichess.org/p5heuuRl/black#30,Modern_Defense Modern_Defense_Other_variations,
031mx,8/5pk1/8/8/1R2npp1/1B6/PP3PPK/4r3 w - - 4 41,g2g3 f4f3 b4e4 e1e4,2268,77,82,559,crushing endgame short,https://lichess.org/TqlzDxI8#81,,
031pC,r2qk2r/pppb1ppp/1b3n2/4B3/2Q5/2N5/PPP3PP/2KR1B1R b kq - 0 12,e8g8 e5f6 d8f6 d1d7,1340,79,91,3864,capturingDefender crushing opening short,https://lichess.org/yW0Xt7CQ/black#24,Center_Game Center_Game_Normal_Variation,
031pl,2rq1r1k/1p2b1pp/p7/2N1R3/3BQ3/7P/PP3PP1/6K1 b - - 0 24,e7c5 e5h5 h8g8 e4h7,2065,75,94,2706,crushing middlegame short,https://lichess.org/zmgaaT1J/black#48,,
031po,r1b1kb1r/ppp1qppp/2P5/8/6n1/2N2p2/PP3KPP/R1BQ1BNR w kq - 3 10,f2f3 e7f6 c1f4 g4e5,2268,87,90,243,crushing opening short,https://lichess.org/i4AuYirN#19,Queens_Gambit_Declined Queens_Gambit_Declined_Normal_Defense,
031qu,rn2kb1r/pp3ppp/2p1pn2/q2pN3/2PP1BP1/4P2P/PP3P2/1R1QKB1R w Kkq - 1 10,d1d2 f8b4 d2b4 a5b4,1246,77,77,216,advantage middlegame pin short,https://lichess.org/BBTQVWUs#19,Queens_Pawn_Game Queens_Pawn_Game_Accelerated_London_System,
031tN,r2q1rk1/1bppnpbp/p5p1/1p3PN1/3nP3/1B6/PP4PP/RNBQ1RK1 b - - 0 12,g6f5 d1h5 h7h6 g5f7 f8f7 b3f7,2532,96,85,499,advantage kingsideAttack long opening,https://lichess.org/fRuCare2/black#24,Ruy_Lopez Ruy_Lopez_Cozio_Defense,
0328R,4k1r1/3rp3/8/1Q3R1p/4pB1P/P1P3PK/1P6/4q3 w - - 3 29,f5d5 e1h1,1162,89,95,295,endgame mate mateIn1 oneMove,https://lichess.org/kmOQNqpY#57,,
032DK,r6k/pp1nbBpp/2p5/4q3/6n1/1Q2B3/PP4PP/RN3RK1 w - - 0 17,e3f2 e5h2,709,82,100,280,kingsideAttack mate mateIn1 middlegame oneMove,https://lichess.org/hOU1rOei#33,French_Defense French_Defense_Exchange_Variation,
032GR,8/8/8/1p4p1/pP2K1k1/P5Pp/7P/8 w - - 0 44,e4d5 g4f3 d5c5 f3g2,928,114,33,37,crushing endgame pawnEndgame short,https://lichess.org/dSOobIvA#87,,
032KQ,2q1r1k1/2P3p1/3Q1p2/1P6/8/7P/6PK/8 b - - 0 44,e8e6 d6d8 e6e8 d8c8 e8c8 b5b6,1250,81,94,1577,advantage endgame long,https://lichess.org/ZNFE2oBN/black#88,,
032LY,2Q1nk2/4p3/3p4/1pp2NK1/8/1q6/8/8 b - - 0 37,f8f7 c8d7 b3e6 f5h6 e6h6 g5h6,2533,109,91,296,advantage endgame long,https://lichess.org/7XcGG8Fm/black#74,,
032NX,7k/1ppq1p2/3p1n1p/p2Pp2b/P1P1P2P/3Qb3/1BB3PK/R7 w - - 0 33,d3e3 f6g4 h2g1 g4e3,809,76,100,549,crushing fork middlegame short,https://lichess.org/zEQE9ZY2#65,,
032Se,5Rk1/3bb1p1/1q2p1Qp/1P2P3/2pNp3/2P1P2P/6P1/6K1 b - - 0 29,g8f8 d4f5 e7c5 g6g7,1787,75,87,52,crushing endgame short,https://lichess.org/rPC9v0qt/black#58,,
032Z3,8/5pk1/q2p1n2/p3p1p1/Pp2P1P1/1B1p1P2/1PPQ4/2K5 b - - 1 29,d3c2 d2g5 g7f8 g5f6 a6f1 c1c2,1399,77,86,440,crushing deflection endgame long,https://lichess.org/MAc4nc6c/black#58,,
032cs,r4rk1/p3qppp/6n1/2p1n3/5p2/BP3B1P/P1P3P1/R2Q1RK1 b - - 0 18,g6h4 f3a8 f8a8 f1f4,1432,201,0,15,advantage discoveredAttack middlegame short,https://lichess.org/xiW0GUEY/black#36,Kings_Gambit_Accepted Kings_Gambit_Accepted_Bonsch-Osmolovsky_Variation,
032d2,r2q1rk1/pp1N1ppp/4pb2/8/5P2/1P1B4/P4PPP/R2Q1RK1 b - - 0 16,d8d7 d3h7 g8h7 d1d7,938,78,100,320,crushing discoveredAttack kingsideAttack middlegame short,https://lichess.org/wyPNGr70/black#32,Benoni_Defense Benoni_Defense_Benoni_Gambit_Accepted,
032t1,8/1p1r4/p3R1p1/2p1R2p/2Pr1k2/5PPP/PP5K/8 b - - 0 36,f4f3 e6f6 d4f4 f6f4,1430,80,89,123,endgame mate mateIn2 rookEndgame short,https://lichess.org/n8lHIIET/black#72,,
0331W,rn3rk1/pp3ppp/4p3/3p1b2/2PPn2P/q1PB1N2/P1QB1PP1/1K1R3R b - - 6 14,e4f2 d3f5 e6f5 d2c1 a3a5 c2f2,2012,83,91,1042,advantage discoveredAttack long middlegame,https://lichess.org/CYeYG4HS/black#28,Vant_Kruijs_Opening Vant_Kruijs_Opening_Other_variations,
0332A,3q3k/6pp/p7/6N1/4Q3/2N5/Pr5P/7K b - - 1 30,b2f2 e4h7,1283,84,66,116,endgame mate mateIn1 oneMove,https://lichess.org/NJaluusk/black#60,,
0335U,r3N1k1/1p3ppp/p3b3/8/1n1q4/1Q1B1P2/P1PK2PP/3R3R w - - 7 21,b3c3 d4f2 d2c1 b4a2,1480,78,89,1303,crushing middlegame short,https://lichess.org/HdPa2NOJ#41,,
0335v,7k/6p1/6p1/3P4/7q/1rBK1Q2/8/4R3 b - - 0 51,h4e1 f3f8 h8h7 f8g7,1283,79,69,94,endgame mate mateIn2 short,https://lichess.org/lAoZnLs9/black#102,,
0339N,4r1k1/p3Nppp/1n2p3/3q4/8/P1Q1PP2/6PP/2R3K1 b - - 5 26,e8e7 c3c8 b6c8 c1c8 d5d8 c8d8 e7e8 d8e8,685,91,97,880,backRankMate endgame mate mateIn4 sacrifice veryLong,https://lichess.org/vZ9pfVuX/black#52,,
0339q,8/2pbb2p/8/2p1kpP1/2PpB3/1P1N1K2/r6P/2B5 b - - 3 37,e5d6 c1f4 d6e6 e4d5,1317,78,94,2433,endgame mate mateIn2 short,https://lichess.org/6qaaVRl8/black#74,,
033B5,rn1qk1nr/pp1bp1bp/4p1p1/1BpP4/8/2N5/PPP3PP/R1BQK1NR w KQkq - 0 10,d5e6 g7c3 b2c3 d7b5,1678,75,95,17311,advantage master opening short,https://lichess.org/4XnfzUyg#19,Indian_Defense Indian_Defense_Reversed_Chigorin_Defense,
033FN,rn2kb1r/p4ppp/1qp2n2/1p2p2b/1PBpP3/2PP1P2/PB2N1PP/RN1Q1RK1 w kq - 1 11,c4b3 d4c3 g1h1 c3b2,1061,76,99,948,advancedPawn crushing discoveredAttack discoveredCheck opening short,https://lichess.org/55tlNs46#21,Caro-Kann_Defense Caro-Kann_Defense_Euwe_Attack,
033Gi,7k/4b3/3p3p/1p2prpn/6R1/PP2BP1q/4QP1P/3R3K w - - 0 30,e2b5 h3f3 g4g2 f3d1,1489,76,94,9581,crushing fork middlegame short,https://lichess.org/9RaY75lQ#59,,
033KN,8/8/6p1/2k2p1p/5P1P/3K1P2/8/8 b - - 3 40,c5b4 d3d4 b4b3 d4e5 b3c4 e5f6,896,110,95,596,crushing endgame long pawnEndgame,https://lichess.org/7ZY88XSP/black#80,,
033L5,rn1qkbnr/pp2pp1b/2p1P2p/3p2pQ/3P3N/8/PPP2PPP/RNB1KB1R b KQkq - 1 7,g8f6 h5f7,508,102,92,314,attackingF2F7 mate mateIn1 oneMove opening,https://lichess.org/cmn0rkY8/black#14,Caro-Kann_Defense Caro-Kann_Defense_Advance_Variation,
033NX,r1b3k1/qp3p2/2pbn2Q/p2p4/P2P3P/1N1B4/1PP2PP1/R5K1 b - - 0 19,d6f8 h6h7,925,78,100,250,mate mateIn1 middlegame oneMove,https://lichess.org/NP4LK2U5/black#38,,
033PY,5r1k/Q5pp/2pb1q2/8/P7/5r1P/BPP1RPP1/R5K1 w - - 1 27,a1e1 f6f4 g2g3 f3g3 f2g3 f4g3 g1h1 g3h3,1849,106,88,32,advantage middlegame sacrifice veryLong,https://lichess.org/PHC16TSA#53,,
033Pi,r1b2rk1/pp3p2/6p1/q6p/2P2B2/3P4/P2N1PpP/Q3R1K1 b - - 0 20,c8e6 f4h6 f7f6 e1e6,1833,75,88,111,advantage middlegame short,https://lichess.org/PioCNltD/black#40,,
033Sv,r6r/1p2ppk1/2nq2p1/p2p2Qp/3P4/2P2B2/PP3PPP/R3R1K1 w - - 2 22,f3d5 f7f6 g5e3 d6d5,1261,77,93,1102,advantage middlegame short,https://lichess.org/0BREeL8i#43,,
033TG,2kr4/1rp1Q3/5p1p/4bN2/2b1p1P1/4P2P/1q3P2/R1R3K1 b - - 5 36,b2e2 a1a8 b7b8 a8b8 c8b8 e7d8,1700,76,100,1329,attraction crushing long middlegame queensideAttack,https://lichess.org/bFJOa1H9/black#72,,
033TS,8/8/R7/8/1pk5/7P/P2r4/6K1 w - - 0 63,a6c6 c4b5 c6c8 d2a2,1479,77,84,227,crushing defensiveMove endgame rookEndgame short,https://lichess.org/rNa0JEuv#125,,
033V2,8/p3rn1p/Pkp3pP/1pp2p2/8/1PBK1P2/2PP1P2/R7 b - - 4 31,f7h6 c3a5 b6a6 a5d8 a6b7 d8e7,978,78,95,407,crushing discoveredAttack discoveredCheck endgame long,https://lichess.org/9JGmd3Qb/black#62,,
033VR,6k1/p4pp1/2p5/8/PPQ4p/5r1q/3r2P1/3B2RK w - - 0 34,g2h3 f3h3,911,78,100,119,endgame mate mateIn1 oneMove,https://lichess.org/eu8A0mk7#67,,
033W8,2kr1bnr/ppp2ppp/3qb3/8/1n6/P1Q2N2/1PP1PPPP/RNB1KB1R w KQ - 3 9,a3b4 d6d1,574,98,100,601,mate mateIn1 oneMove opening,https://lichess.org/4yuUP4Gj#17,Englund_Gambit Englund_Gambit_Stockholm_Variation,
033X8,rk5r/2pQ2R1/8/b6p/P3q3/2P4p/5P2/R1B3K1 w - - 3 32,a1b1 e4b1 d7b5 b1b5,1518,78,81,66,crushing hangingPiece middlegame pin short,https://lichess.org/f9UTp6Ra#63,,
033Z0,2rbBR2/pk6/bp2p3/3pP3/8/2P1B3/PP4PP/6K1 w - - 8 28,e8f7 d8g5 f8c8 g5e3 g1h1 b7c8,1806,75,93,3401,advantage endgame long master sacrifice,https://lichess.org/xjlyLarY#55,,
033Z2,5k2/4b3/1B2K3/p3P2p/P7/8/8/8 b - - 1 46,e7b4 e6d7 h5h4 e5e6 h4h3 b6a5,2177,91,90,924,bishopEndgame crushing endgame long,https://lichess.org/KAOoU39e/black#92,,
033ae,2kr1b1r/1p1n1pp1/p1N1p1b1/2p4p/3PPB1P/1PP2P2/6P1/R3KB1R b KQ - 1 16,b7c6 f1a6,929,94,82,501,bodenMate master mate mateIn1 middlegame oneMove queensideAttack,https://lichess.org/Bep1SHhP/black#32,Slav_Defense Slav_Defense_Three_Knights_Variation,
033ci,8/8/8/2p5/pk3r2/1p2RP2/1K6/1R6 w - - 2 68,e3e4 f4e4 f3e4 a4a3 b2a1 c5c4 b1d1 c4c3,2155,98,77,41,crushing endgame exposedKing quietMove rookEndgame veryLong,https://lichess.org/LTuKkWfF#135,,
033eV,r5kr/2p3b1/1p2Q2p/p2p4/8/2P2PP1/PPK1bqP1/R6R b - - 1 26,g8h7 h1h6 g7h6 e6f7 h6g7 a1h1,1632,74,96,5492,long mate mateIn3 middlegame sacrifice,https://lichess.org/l77llAgs/black#52,,
033ej,5k2/6pp/p5p1/1r2N3/1P5n/2P2P2/P4P1P/4R1K1 w - - 1 35,a2a3 b5e5 e1e5 h4f3 g1f1 f3e5,1301,76,93,8479,advantage attraction capturingDefender endgame fork long,https://lichess.org/TDlPSkTD#69,,
033jV,8/2p3k1/2Pp2P1/2pP1p2/5P1Q/P2q4/4p2K/8 b - - 1 57,e2e1q h4h7 g7f6 h7f7,1167,76,97,1050,endgame mate mateIn2 queenEndgame short,https://lichess.org/w0XjYxJi/black#114,,
033rG,5r1k/1p3qbp/6p1/2P5/1P1Q4/8/6PP/3R1NK1 w - - 1 29,d4d6 f7f2 g1h1 f2f1 d1f1 f8f1,1143,77,95,7484,backRankMate deflection endgame long mate mateIn3,https://lichess.org/r1mH4PkO#57,,
033rw,2r5/7p/p2Rp1pk/8/P3PP2/6P1/1qr4P/3RQ1K1 w - - 3 33,f4f5 c2g2 g1f1 c8c2 d1d2 c2d2,2447,79,84,178,clearance crushing endgame long master quietMove,https://lichess.org/RyhBtV5M#65,,
033uv,4r1k1/1p3ppp/p1n2bb1/2P5/1PQp1q2/PB3N1P/1BP2PP1/R5K1 w - - 4 21,c2c3 c6e5 f3e5 f6e5 g2g3 f4d2,2466,82,83,222,advantage long middlegame,https://lichess.org/MWdbpcCH#41,,
033xz,rn2k2r/pp2qppp/2p2n2/2b2p2/2BP4/5N2/PPPK1PPP/R1BQ3R w kq - 3 10,d4c5 f6e4 d2e1 e4c3,1434,78,100,1870,advantage discoveredAttack opening short,https://lichess.org/kyyimml9#19,Caro-Kann_Defense Caro-Kann_Defense_Two_Knights_Attack,
033zD,r4Q1k/ppp3rp/3p4/3B4/2P5/6P1/P3q2P/5RK1 b - - 4 29,a8f8 f1f8 g7g8 f8g8,601,83,64,75,endgame mate mateIn2 operaMate short,https://lichess.org/j9mLmP1u/black#58,,
033zG,qk5r/3R2R1/pp1n4/3r3p/6n1/1B5P/PP6/4Q1K1 b - - 3 29,g4e5 d7b7 a8b7 g7b7 d6b7 b3d5,2308,99,89,479,advantage exposedKing long middlegame,https://lichess.org/bh7lI7Hg/black#58,,
0342j,r2qkbnr/1b1p1ppp/p3p3/n3P3/2p1N3/5N2/PPPPQPPP/R1B2RK1 b kq - 2 10,g8e7 e4d6,838,93,97,609,mate mateIn1 oneMove opening smotheredMate,https://lichess.org/hIHhdGF0/black#20,Sicilian_Defense Sicilian_Defense_Closed,
0346V,8/4kp1p/4p2P/2Pb2P1/3K4/8/8/8 b - - 2 38,f7f5 g5g6 h7g6 h6h7 e7f6 h7h8q,1752,75,96,9539,advancedPawn bishopEndgame crushing endgame long promotion,https://lichess.org/kofkTFwP/black#76,,
034Ca,8/6k1/1R6/5b2/5Kpp/8/8/8 b - - 3 62,f5c8 b6c6 c8b7 c6c7 g7f6 c7b7,1916,74,89,1068,crushing endgame exposedKing fork long,https://lichess.org/s33EtcLv/black#124,,
034NC,r1b2rk1/pp3ppp/4pn2/3p4/PP1Q4/2P1P1P1/4qPBP/RN3RK1 w - - 1 14,b1d2 e6e5 d4e5 e2d2,1622,77,93,951,crushing deflection middlegame short,https://lichess.org/C7rfFBuw#27,Horwitz_Defense Horwitz_Defense_Other_variations,
034Od,4r1k1/p4b1p/3R2pq/2p1np2/1pP5/1P6/P3QPPP/1B2R1K1 w - - 1 22,d6d1 e5g4 e2e8 f7e8 e1e8 g8f7,1661,75,89,203,advantage long middlegame,https://lichess.org/HNogS0Cf#43,,
034Pi,r4rk1/pb3pp1/1p5p/2p5/2Rq4/3B3P/PP3PP1/3QR1K1 b - - 1 18,d4d7 d3h7 g8h7 d1d7,598,133,33,14,advantage discoveredAttack middlegame short,https://lichess.org/B4kfJe5A/black#36,Semi-Slav_Defense Semi-Slav_Defense_Other_variations,
034T9,r2q1rk1/ppp2ppp/1bn1b3/3n4/2BP4/2N2N2/PP3PPP/R1BQR1K1 w - - 5 11,d1b3 c6a5 c4d5 a5b3,1608,75,89,1578,crushing master masterVsMaster opening short,https://lichess.org/L6pi3rQw#21,Italian_Game Italian_Game_Classical_Variation,
034Ve,5rk1/p2bppb1/3p2pB/qp6/4P1P1/4Q3/PPP5/1K1N3R b - - 0 20,a5b6 e3h3 d7g4 h3g4,2355,105,78,22,advantage middlegame quietMove short,https://lichess.org/TzcrboHW/black#40,,
034YX,4r2k/pp3R1p/2np2p1/2n1q3/8/1BP2Q1P/PP4P1/7K b - - 11 34,c5b3 f7f8 h8g7 f3f7 g7h6 f8e8,1276,80,92,3057,advantage endgame fork long,https://lichess.org/IjDSinra/black#68,,
034Yb,r4rk1/2pn1ppp/2pb4/p2P4/1P1Pp3/P3P1Pq/1BQNbP1P/R3NRK1 w - - 1 17,d2e4 h3f1,1101,77,75,214,kingsideAttack mate mateIn1 middlegame oneMove,https://lichess.org/q1zERl4l#33,Queens_Pawn_Game Queens_Pawn_Game_Colle_System,
034Zo,8/8/p1p3p1/2P2p1p/kPK2P1P/6P1/8/8 b - - 3 41,a6a5 b4b5 c6b5 c4d3 b5b4 c5c6 b4b3 c6c7 b3b2 d3c2,2267,107,80,42,advancedPawn crushing defensiveMove endgame pawnEndgame veryLong,https://lichess.org/5nwwJrRS/black#82,,
034f3,r1b3k1/pp4pp/6p1/2pB4/5r2/2b5/P4PPP/3RR1K1 b - - 0 20,g8h8 e1e8 f4f8 e8f8,567,97,67,171,backRankMate mate mateIn2 middlegame short,https://lichess.org/HHmE8Fvg/black#40,,
034nU,2r3k1/p6p/1p2N1pQ/5p2/4KP2/1P1nP2R/P4qPP/8 w - - 0 30,e4d3 f2c2 d3d4 c2e4,2156,80,72,183,endgame mate mateIn2 short,https://lichess.org/aYZoqMFC#59,,
034pB,3r2k1/6pp/p2Np3/1b2P3/5P2/7Q/2pK3P/2R3q1 b - - 9 43,g1d1 c1d1 c2d1q d2d1,694,95,80,461,crushing endgame short,https://lichess.org/yIjystGB/black#86,,
034pK,3R4/1q3p1k/p1b1r1pp/5Q2/1P3P2/5B2/P5PP/6K1 w - - 0 30,f3c6 b7b6 f5c5 b6d8,1719,77,94,14218,crushing endgame fork short,https://lichess.org/YkREqGrP#59,,
034rS,2r1k2r/5pbp/1Q4p1/Bp2p3/2q5/8/PP3PPP/1K1RR3 b k - 0 25,e5e4 d1d8 c8d8 b6d8,1124,78,96,3991,mate mateIn2 middlegame short,https://lichess.org/fTwwoqOC/black#50,,
034rZ,3r4/1p2kppp/p4n2/4p3/8/3qPQ2/PP4PP/2R2K1R w - - 4 21,f1f2 d3d2 f2g3 e5e4,2322,93,81,25,crushing endgame short,https://lichess.org/mOwXJJt6#41,,
034vZ,8/6bk/7p/1p1Q4/p1pP1q2/P1P1p3/1P4PP/5NK1 w - - 0 50,f1g3 f4f2 g1h1 f2e1 g3f1 e1f1,1094,85,92,880,endgame long mate mateIn3,https://lichess.org/55x5duk6#99,,
034yN,rn3rk1/ppp2ppp/4q3/8/4Pn1B/2P1b3/PPQNBPPP/R3K2R w KQ - 0 14,f2e3 f4g2 e1f2 g2h4,996,76,95,586,advantage fork middlegame short,https://lichess.org/cxU29eI4#27,Saragossa_Opening Saragossa_Opening_Other_variations,
034yb,3r1r1k/p1p2p1P/4p1p1/4P3/2n4Q/P3BK2/q5P1/nR6 b - - 2 26,c4e3 h4f6 h8h7 b1h1 h7g8 h1h8,1145,77,96,2214,exposedKing killBoxMate long mate mateIn3 middlegame,https://lichess.org/k22MElm8/black#52,,
03517,7k/R3R3/7p/8/8/PPnbp2P/5r2/6K1 b - - 7 38,d3e4 e7e8 f2f8 e8f8,1236,76,80,334,endgame mate mateIn2 short,https://lichess.org/qWjXdSp3/black#76,,
0351q,2r1k3/5ppp/8/p1npP3/Pp1N1P2/1P1b4/6PP/2R1B1K1 w - - 2 31,g1f2 c5e4 f2e3 c8c1,895,88,92,463,crushing discoveredAttack endgame master short,https://lichess.org/Nj314KMx#61,,
0354d,5rk1/2p2pp1/2p1n1rp/p2qP3/3P4/PPP1Q2P/1B4P1/R4R1K w - - 1 28,b3b4 d5g2,743,91,65,45,kingsideAttack mate mateIn1 middlegame oneMove,https://lichess.org/35gzqVEI#55,,
0357j,2b2r2/6k1/2p2pp1/4p3/4Q1P1/q1N2N2/1p3P2/1K4RR w - - 0 29,c3a2 c8e6 h1h7 g7h7 f3g5 f6g5 g1h1 h7g7 e4e5 f8f6,1937,78,85,207,crushing middlegame veryLong,https://lichess.org/E1OEn2I3#57,,
035Df,q5k1/5ppp/b2Nrb2/2p5/2PnP3/1P3N2/6PP/3RQRK1 w - - 1 21,e1g3 d4e2 g1h1 e2g3,1267,191,33,11,advantage fork middlegame short,https://lichess.org/AH3o1fs6#41,,
035Fa,8/2P5/5k2/p7/P3K3/8/2r2pp1/5R2 w - - 0 38,f1f2 c2f2 c7c8q g2g1q c8f8 f6e6,1754,76,87,1450,advancedPawn crushing defensiveMove endgame hangingPiece long promotion rookEndgame,https://lichess.org/tHLkgNN2#75,,
035Fr,rnb2rk1/p1p2pP1/3qpb1p/8/3PQ3/3B1N2/PpP2PP1/1K1R3R b - - 1 16,f6g7 e4h7,510,110,94,314,master mate mateIn1 middlegame oneMove,https://lichess.org/dhvbS6iX/black#32,French_Defense French_Defense_Chigorin_Variation,
035Lb,8/1R6/5p2/K3k2r/P6p/1P6/5P2/8 w - - 1 40,b7e7 e5d6 a5b4 d6e7,1385,78,92,1065,crushing discoveredAttack discoveredCheck endgame rookEndgame short,https://lichess.org/UGqw7ExD#79,,
035S0,r2q1k1r/p3bBpp/b1p2n2/1Nn3N1/2Q5/8/PP1P1PPP/R1B2RK1 w - - 0 14,f7h5 d8d5 c4d5 f6d5 d2d4 e7g5,2575,97,72,178,advantage long opening,https://lichess.org/UbBAyFgb#27,French_Defense French_Defense_Steiner_Variation,
035Wv,1r4k1/5ppp/8/8/8/1p2P1P1/1Qq2P1P/1R4K1 b - - 2 32,g8f8 b2c2 b3c2 b1b8 f8e7 b8c8,1634,74,89,397,crushing discoveredAttack endgame long,https://lichess.org/agbp4Mm5/black#64,,
035Y0,r4rk1/pp1b1p1p/3p1n2/2p1pp2/4P2q/3P1B1P/PPP1Q2K/R1B3R1 b - - 1 17,g8h8 c1g5 h4g5 g1g5,1371,76,86,858,advantage middlegame short trappedPiece,https://lichess.org/gyt9Cqnm/black#34,Sicilian_Defense Sicilian_Defense_Old_Sicilian,
035YV,r1bk3r/1p3ppp/p7/2b5/P7/4Bp2/1P3PPP/R3KB1R b KQ - 1 14,h8e8 e1c1 c8d7 e3c5,1940,75,88,699,advantage castling discoveredAttack discoveredCheck master middlegame pin short,https://lichess.org/bNjyg35w/black#28,Benoni_Defense Benoni_Defense_Benoni-Indian_Defense,
035gC,3r1bk1/1p1n1p1p/4p1p1/8/2P5/1PBBP2P/r5P1/3R1RK1 b - - 2 24,d7c5 d3g6 h7g6 d1d8,2080,81,90,201,advantage discoveredAttack middlegame short,https://lichess.org/CI5ox8tx/black#48,,
035m4,4r3/5k2/6R1/5PP1/8/r4K2/4p3/4R3 w - - 0 37,f3g4 e8e4 g4h5 a3h3,1165,79,100,2145,endgame mate mateIn2 rookEndgame short,https://lichess.org/0FjErbWl#73,,
035s2,1k4r1/ppq4P/2nbQ3/3p2r1/3P4/1NP3N1/PP3P2/R4RK1 b - - 0 24,g5g3 f2g3 c7h7 e6d6,1055,82,95,5482,crushing middlegame short,https://lichess.org/9CyRGRfI/black#48,,
035ti,3n4/1pk2p2/p7/2p1b3/P1B5/2P2Np1/1P5P/2K5 w - - 0 26,f3e5 g3h2 c4d5 c7d6,2167,76,95,4568,advancedPawn crushing endgame master short,https://lichess.org/4MecciYb#51,,
035y8,8/8/4b1k1/3pPpq1/1p1P3p/2rQP1pP/6P1/1B3RK1 w - - 2 41,d3d2 g5e3 d2e3 c3e3,911,82,98,497,crushing endgame master short,https://lichess.org/dqkDlyrg#81,,
036Al,2r3k1/1p1q1ppp/pBnb4/3R4/8/P1N4P/1P3PP1/4Q1K1 b - - 0 24,c8e8 e1d2 e8e6 b6c5 c6e7 d5d6,1668,196,0,11,advantage long middlegame quietMove,https://lichess.org/qIchBdB0/black#48,,
036BY,3rB1k1/p2P4/1pp1p2p/2n2pb1/2P5/P2n1R2/6PB/5R1K b - - 0 35,c5d7 f3d3 d8e8 d3d7,1302,77,97,9847,crushing hangingPiece middlegame short,https://lichess.org/Qf85Wqiv/black#70,,
036E2,8/8/pBp3p1/P4pPp/4pP1P/4P3/3k1K2/8 w - - 6 67,b6c7 c6c5 c7b6 c5c4 b6c5 c4c3 c5b4 d2c2,2469,84,82,154,bishopEndgame crushing defensiveMove endgame quietMove veryLong,https://lichess.org/KVBLv3sk#133,,
036Ew,3r3r/1kp3pp/ppn2p2/3B4/P2pP3/3P1P2/5P1P/2R2RK1 b - - 1 24,d8d6 c1c6 d6c6 f1c1,1787,76,93,349,advantage endgame pin sacrifice short,https://lichess.org/8NPQfpeH/black#48,,
036Ga,7r/1p2Rpk1/pP1p2p1/P2P4/2rP4/2p5/2P5/2K2R2 b - - 3 38,c4d4 e7f7 g7h6 f1h1 h6g5 h1h8,1657,79,93,5204,crushing endgame long rookEndgame skewer,https://lichess.org/KkQkXoqf/black#76,,
036Ir,6r1/8/p2R4/2pP1PPk/4P3/4K3/Pn6/8 w - - 0 46,g5g6 b2c4 e3f4 c4d6,810,79,85,311,crushing endgame fork master short,https://lichess.org/iTaSWaoc#91,,
036KS,8/8/4k3/6KP/1pp5/8/PP6/8 w - - 1 45,g5g6 c4c3 b2c3 b4c3 h5h6 c3c2 h6h7 c2c1q h7h8q c1g1,1435,105,100,35,advancedPawn crushing endgame pawnEndgame promotion veryLong,https://lichess.org/bpuq7nJe#89,,
036KU,8/5k2/3P1p2/6p1/ppn1P3/8/PP1K4/5R2 w - - 3 43,d2c2 c4e3 c2d3 e3f1,794,115,94,310,crushing endgame fork short,https://lichess.org/N4nHim8p#85,,
036MU,2r4k/pB4p1/1b1B4/1b5p/5P2/6P1/P6P/7K w - - 0 27,b7c8 b5c6,781,85,79,123,bishopEndgame doubleBishopMate endgame mate mateIn1 oneMove,https://lichess.org/9wOvaX76#53,,
036O1,r4rk1/p1p1b1p1/2pq1n2/3p3p/3P4/2P5/PPN1QPPP/R1B2RK1 w - - 0 16,c1g5 f6g4 g2g3 e7g5,1458,76,94,11260,advantage discoveredAttack middlegame short,https://lichess.org/48IGTHgW#31,Nimzowitsch_Defense Nimzowitsch_Defense_Scandinavian_Variation,
036Pe,2rr4/3b1pkp/p4qp1/4p3/2p1P3/4N2P/PP1Q1PP1/2R1R1K1 b - - 1 25,f6g5 e3f5 g5f5 e4f5,1163,133,81,33,crushing middlegame short,https://lichess.org/EBOdlRU6/black#50,,
036SV,5r2/1R4bk/3p1qp1/2p1p2p/2P1B3/r2PQ3/5PPP/5RK1 w - - 2 23,e3h3 f6f2 f1f2 a3a1 b7b1 a1b1 f2f1 b1f1,1305,76,77,639,kingsideAttack mate mateIn4 middlegame sacrifice veryLong,https://lichess.org/B9evmwEG#45,,
036WH,6k1/p4ppp/2p5/2Qp4/PP1P4/4r1qP/4r1P1/R5RK w - - 3 28,c5c6 g3h3 g2h3 e3h3,1388,74,97,9016,endgame mate mateIn2 sacrifice short,https://lichess.org/KuRjCBsz#55,,
036d1,2kq3r/pbpn1pp1/1b6/4p3/1PB5/P1NP4/2P2PPP/R2Q1RK1 w - - 1 15,c4f7 d8h4 h2h3 b7g2 d1g4 h4g4 h3g4 g2f3,2397,84,83,39,advantage middlegame veryLong,https://lichess.org/hiNcZRlM#29,Italian_Game Italian_Game_Giuoco_Pianissimo,
036d3,3r1rk1/1pq1bppp/p4n2/2pP4/P4P2/1PNQ3P/1B1P2P1/R4RK1 b - - 0 17,f6d5 c3d5 d8d5 d3d5,983,76,100,218,advantage middlegame short,https://lichess.org/s2hZIX4K/black#34,Sicilian_Defense Sicilian_Defense_Delayed_Alapin_Variation,
036ek,5r1r/7k/p2p2p1/1p1P3p/2p1qRnP/P1N3P1/1PP3K1/5R2 w - - 0 36,c3e4 g4e3 g2g1 e3f1,869,96,93,220,crushing endgame fork short,https://lichess.org/mZwST8Z5#71,,
036i1,4B3/8/1p5p/2pk1bp1/PP1p1p2/2P2P1P/3K2P1/8 b - - 0 40,d5c4 e8f7 f5e6 f7e6,1670,78,95,22641,bishopEndgame endgame mate mateIn2 short,https://lichess.org/XM1AjaQU/black#80,,
036ix,1rr3k1/5pp1/1Q5p/5b2/8/1N3P2/1PP3PP/1K2R3 w - - 1 22,b6e3 f5c2 b1a2 b8a8 b3a5 a8a5,1882,76,93,1711,advantage endgame long,https://lichess.org/dH4aTzgg#43,,
036j9,2kr3r/pb1qppb1/npp3p1/4P1Np/2PP4/4B3/PP1Q2PP/1K1R1B1R w - - 5 15,g5f7 d7f5 f1d3 f5f7,994,82,95,623,advantage fork master middlegame short,https://lichess.org/ZQF46aE2#29,Caro-Kann_Defense Caro-Kann_Defense_Maroczy_Variation,
036nF,3q1rk1/pb3ppn/1p2p3/2p1N2Q/P1Pr4/7R/1P3PPP/5RK1 b - - 1 20,d8g5 h5h7,1045,160,100,21,kingsideAttack mate mateIn1 middlegame oneMove,https://lichess.org/8lR3DHsp/black#40,,
036ob,r3r1k1/5pp1/7p/4N2P/p2P4/1q6/QP3PP1/1K1RR3 w - - 1 29,e1e3 b3d1,884,87,100,210,hangingPiece mate mateIn1 middlegame oneMove queensideAttack,https://lichess.org/mCMGR7Pz#57,,
036pl,2r4r/3b1k2/2p2b2/1p1q2p1/1P1PN3/P1QBPpP1/1B5P/2R3K1 w - - 3 41,e4f6 f3f2 g1f2 h8h2,1525,75,90,1501,advancedPawn attraction crushing deflection kingsideAttack middlegame short,https://lichess.org/MgiMmBmO#81,,
036yi,2r3k1/p4pp1/1pPR2r1/8/1P2p3/P1Q1B1pq/4PP1P/2R3K1 w - - 0 34,d6g6 h3h2 g1f1 h2h1,1376,75,100,762,endgame kingsideAttack mate mateIn2 short,https://lichess.org/4Ept6Trn#67,,
0371L,2r2bk1/5ppp/p2p4/3P2PP/P1nQ1B2/1q6/1P6/1K1RR3 w - - 0 27,d1d3 c4a3 b1a1 a3c2,1375,75,77,1062,advantage master middlegame pin queensideAttack short,https://lichess.org/AKVlVrml#53,,
03726,r3q2k/6b1/p5pp/1nQ1Nr2/5P2/2P5/PP4PP/R3R1K1 b - - 0 23,a8c8 e5g6 e8g6 c5c8,1300,75,96,2126,advantage deflection kingsideAttack master masterVsMaster middlegame short,https://lichess.org/chVzwZ2c/black#46,,
0374n,1b2rnk1/ppq2ppp/2p2p2/8/3P4/2P2b1P/PPQBBPP1/3R2K1 w - - 0 18,e2f3 c7h2 g1f1 h2h1,744,82,95,109,kingsideAttack mate mateIn2 middlegame short,https://lichess.org/FoUh0REj#35,Caro-Kann_Defense Caro-Kann_Defense_Tartakower_Variation,
0375g,3r2k1/p5p1/1p1rqp1p/2pRp3/P1P1P3/4Q2P/5PP1/3R2K1 b - - 0 27,e6d7 d5d6 d7d6 d1d6,874,80,87,46,advantage endgame short,https://lichess.org/hjGcVenw/black#54,,
0376X,r4rk1/p1pR1pb1/2p2p1p/2q1pQ2/4P3/2N5/PPP2PPP/R5K1 w - - 8 15,d7c7 c5b6 c7d7 b6b2 a1d1 b2c3,1778,74,97,1592,advantage fork long middlegame,https://lichess.org/OxcERXOf#29,Ruy_Lopez Ruy_Lopez_Steinitz_Defense,
0376x,r1b4Q/p1pp2B1/1p1b3R/6q1/3nP3/3P2kP/PPP3P1/RN4K1 w - - 1 20,g7e5 d6e5 h8e5 g5e5,1005,78,86,375,crushing middlegame short,https://lichess.org/Nu9OmtGx#39,,
0377r,8/1Bp2pkp/5np1/4n3/1pPpP3/3P2P1/2P2P1P/B5K1 w - - 4 31,a1d4 e5f3 g1f1 f3d4,810,94,93,420,crushing endgame fork short,https://lichess.org/LpzgNNtv#61,,
037Ap,8/8/2p2k2/p5p1/Pp1P1pP1/1P3K1P/8/8 w - - 0 37,h3h4 g5h4 f3f4 f6g6,2014,82,92,767,crushing defensiveMove endgame pawnEndgame short zugzwang,https://lichess.org/r2sVpPrv#73,,
037D4,r1b2rk1/1p2Qppp/p2p4/3P4/5R2/3q4/P5PP/5R1K b - - 1 22,b7b5 e7f8 g8f8 f4f7 f8e8 f7f8 e8d7 f1f7,2039,75,94,1135,attraction mate mateIn4 middlegame sacrifice veryLong,https://lichess.org/7U0oOuMN/black#44,,
037Fs,5rk1/p2rbppp/1pb1p3/n2q4/3P1B2/2P2N2/PPQ1BPPP/R4RK1 w - - 5 15,f3e5 d5g2,439,113,95,328,kingsideAttack mate mateIn1 middlegame oneMove,https://lichess.org/qa0vYuO2#29,Scandinavian_Defense Scandinavian_Defense_Modern_Variation,
037GX,5Q2/7p/6p1/7k/6P1/P3q2P/1P5K/3q4 b - - 0 48,h5h4 f8f6 e3g5 f6f2,1641,75,91,2897,endgame mate mateIn2 queenEndgame short,https://lichess.org/nyy0wtwg/black#96,,
037Gj,2r5/p3kp2/4p3/q2pP2p/6p1/NP1b4/PQ3PPP/3R2K1 w - - 0 27,d1d3 a5e1,749,99,89,456,endgame master mate mateIn1 oneMove,https://lichess.org/rljLttms#53,,
037IL,2r5/pp3pk1/3pb1p1/4b1Pp/4P2P/PqP5/1P1Q4/KB2R2R w - - 5 28,d2c2 c8c3 c2b3 c3b3 b1a2 b3a3,2071,115,18,23,crushing long middlegame pin,https://lichess.org/HIdijXC0#55,,
037Iw,3r2r1/1kpq1p1B/pp2b3/4P3/8/2B5/nPP2QPP/2KRR3 w - - 0 22,c1b1 d7d1 e1d1 d8d1,1813,78,95,6289,mate mateIn2 middlegame queensideAttack short,https://lichess.org/XNKey9kq#43,,
037KQ,r1r3k1/pR3pp1/4p2p/2p5/4Q3/q2B3P/P1P2PP1/6K1 b - - 2 20,g7g6 e4f4 c8f8 d3g6 f7g6 f4h6 a3c1 h6c1,2522,79,94,1139,crushing discoveredAttack endgame veryLong,https://lichess.org/yIOOv2Qf/black#40,,
037Lb,r1bq1rk1/ppp2ppp/3p1n2/2nPp3/1bP1P3/2N2P2/PP1B2PP/R2QKBNR w KQ - 1 8,g1e2 c5d3,712,119,95,313,mate mateIn1 oneMove opening,https://lichess.org/VXgHpl1F#15,Indian_Defense Indian_Defense_Budapest_Defense,
037Ld,8/5ppk/p1r1q2p/3R1b2/2P1n3/N2Q1P2/P5PP/6K1 b - - 0 29,e4f6 d3f5 e6f5 d5f5,2019,141,100,34,equality middlegame short,https://lichess.org/zX5KCp4X/black#58,,
037Me,r5k1/pp3pbp/1qpp4/3p1N2/2P1rQ2/8/PP3RPP/1RB4K w - - 1 21,f4g5 e4e1 f2f1 e1f1,759,78,100,326,backRankMate mate mateIn2 middlegame short,https://lichess.org/Czn4P9Jo#41,,
037Xe,3R4/p3rp1k/1p1Q3p/4p3/2q5/P5P1/5P1K/8 b - - 1 44,c4c5 d6f6 c5f2 f6f2,1928,75,92,142,crushing endgame short,https://lichess.org/cm3EMWdm/black#88,,
037Y1,1r4k1/5p2/2p1bnp1/p3r3/q3Pp2/B2B4/1PP3QP/K4RR1 b - - 5 28,b8b3 c2b3 a4b3 d3b1,1857,84,77,55,clearance crushing defensiveMove master middlegame short,https://lichess.org/BUaN6YYU/black#56,,
037Zo,4r3/1p2r1k1/p2p4/4bpp1/3B2n1/1BP3P1/PP2R2P/4R1K1 w - - 6 38,h2h3 e5d4 c3d4 e7e2 e1e2 e8e2,697,94,89,975,crushing discoveredAttack kingsideAttack long middlegame,https://lichess.org/mXCRSTqO#75,,
037cs,8/5p1p/3p1kp1/3P4/5PP1/8/3K3P/8 w - - 1 44,h2h4 h7h5 g4g5 f6f5,1255,82,93,2025,crushing defensiveMove endgame pawnEndgame short,https://lichess.org/JIkvU0fZ#87,,
037fN,r1r3k1/5pp1/p2bp3/3p2RQ/1p6/2Nq3P/PP3P2/K5R1 b - - 1 22,g7g6 g5g6 d3g6 g1g6 f7g6 h5g6,1061,87,82,1521,advantage kingsideAttack long middlegame,https://lichess.org/eBqHQxjA/black#44,,
037fO,rnb1k1nr/ppp2ppp/5q2/4N2Q/4p3/3P4/PPP2KPP/RNB2B1R w kq - 1 7,f2g1 f6b6 d3d4 b6d4 c1e3 d4e3,1732,77,84,58,kingsideAttack long mate mateIn3 opening,https://lichess.org/O8UN2ZSi#13,Elephant_Gambit Elephant_Gambit_Other_variations,
037ht,r1b1k1nr/pp2ppbp/2N1q1p1/2p5/8/1P3B2/PBP2P1P/RN1Q1K1R b kq - 5 12,g7b2 d1d8,434,101,57,184,mate mateIn1 oneMove opening,https://lichess.org/fjv40lF6/black#24,,
037iS,r1bqrnk1/ppbn2pB/2p1pp2/3pN2Q/2PP1P2/2N1P1B1/PP4PP/R4RK1 b - - 0 13,f8h7 h5f7 g8h8 e5g6,1149,76,92,1461,kingsideAttack master mate mateIn2 middlegame short,https://lichess.org/Wq8ClGIK/black#26,Queens_Pawn_Game Queens_Pawn_Game_Other_variations,
037kN,8/8/8/5k1p/5Pp1/3K2P1/8/8 w - - 0 65,d3d4 h5h4 g3h4 g4g3 d4e3 f5g4 f4f5 g4h3,2670,90,87,470,crushing endgame pawnEndgame veryLong,https://lichess.org/1sPMEwkn#129,,
037l8,3q1r2/5p1k/3pp3/pp1Q1bPB/2r4P/2N5/PKP5/5R1R w - - 0 25,d5b5 c4b4 b5b4 a5b4,1269,80,65,146,crushing fork middlegame short,https://lichess.org/tLx1AD9V#49,,
037lM,r4r1k/5p1p/2p2b1N/P7/4P3/2n5/6RP/6RK b - - 0 33,c3e4 g2g8 f8g8 h6f7,1643,79,93,2559,cornerMate deflection mate mateIn2 middlegame sacrifice short,https://lichess.org/5uxyHi6R/black#66,,
037nc,8/5p2/p3r1kp/1p4p1/2p5/2P2KP1/PP1R1P1P/8 w - - 6 34,d2e2 g5g4 f3g4 e6e2,1538,77,95,4568,crushing deflection endgame rookEndgame short,https://lichess.org/BuMdXB6D#67,,
037nr,8/6P1/1p2NK2/3b4/8/p7/1k4P1/8 b - - 0 50,d5e6 f6e6 a3a2 g7g8q,908,84,92,147,advancedPawn crushing endgame master promotion short,https://lichess.org/XHRsKg1d/black#100,,
037qV,7k/6p1/2p3qp/1pQpP3/3Pp3/7P/4BPPK/r7 b - - 5 42,a1a2 c5f8 h8h7 e2g4,1638,110,54,21,advantage defensiveMove endgame short,https://lichess.org/Een24d17/black#84,,
037u7,r1b1kb1r/pp3ppp/1qnppn2/2p5/4P3/2NPBN2/PPPQBPPP/R3K2R b KQkq - 1 7,b6b2 a1b1 b2a3 c3b5 a3a2 e1g1,2180,79,91,4256,castling crushing defensiveMove long middlegame,https://lichess.org/UW4bWimd/black#14,Sicilian_Defense Sicilian_Defense_Other_variations,
037uy,r4rk1/p1q2ppp/2p1p3/3pP3/3b2b1/1RN2N2/PPP1QPPP/3R2K1 b - - 5 16,d4e5 e2e5 c7e5 f3e5 g4d1 c3d1,1548,75,85,335,advantage long middlegame,https://lichess.org/2Kv0N4j6/black#32,Caro-Kann_Defense Caro-Kann_Defense_Advance_Variation,
037xa,1r1Rn1rk/2p1P2p/pp4p1/8/1PP2p2/b6P/5BP1/5RK1 b - - 2 29,e8d6 f2d4,942,80,83,270,mate mateIn1 middlegame oneMove,https://lichess.org/r15372Je/black#58,,
0380K,r5r1/ppp2p1k/2np1Ppq/8/4PNP1/1N6/PPP5/2KR3Q b - - 1 29,g6g5 h1h6 h7h6 d1h1,918,78,87,242,attraction mate mateIn2 middlegame short,https://lichess.org/Pi00G95A/black#58,,
0385J,4r2k/1pq3p1/4pr1p/p2b3P/P2b1PP1/3QB2B/1P6/4RRK1 b - - 5 30,d4b2 d3b5 c7c6 b5b2,2140,80,91,3293,advantage fork master middlegame short,https://lichess.org/5iijTqDw/black#60,,
0386g,3r4/2p5/3bk2p/1p4p1/p2N4/2P1PB1P/PP2K1P1/8 b - - 1 45,e6e5 d4c6 e5f6 c6d8,824,77,100,172,crushing endgame fork short,https://lichess.org/CFloo9VT/black#90,,
038Be,2r2rk1/pb3ppp/1p2p3/3nNn2/3P3q/P1N5/BP1Q1PPP/2R1R1K1 w - - 8 19,e1e4 d5c3 e4h4 c3e2 g1f1 e2c1,2294,76,78,87,crushing long middlegame sacrifice,https://lichess.org/PoaC2MHT#37,,
038Dh,8/4R1pk/p2r3p/4p3/3pP3/P6P/5PP1/6K1 w - - 2 34,e7e5 d4d3 e5d5 d6d5 e4d5 d3d2,919,85,76,41,advancedPawn crushing endgame long rookEndgame,https://lichess.org/UDdH85Kl#67,,
038G3,5rk1/pp2rppp/1q6/2b3Q1/8/P1B2BPb/1PR2P1P/R5K1 b - - 6 21,f8e8 g5g7,608,84,100,217,kingsideAttack mate mateIn1 middlegame oneMove,https://lichess.org/ERqPgqyf/black#42,,
038I7,3r4/p3kpRp/1p2pn2/1B6/8/1P3P2/1B1bKP1P/8 b - - 4 20,d2h6 b2a3 d8d6 a3d6 e7d6 g7f7,1628,74,88,576,crushing endgame long,https://lichess.org/FBRHhecJ/black#40,,
038If,6k1/pp4p1/6pq/2p1n3/3pP3/3P4/PPP2RQ1/7K w - - 1 28,g2h2 e5g4 h2h6 g4f2 h1g1 g7h6,1945,77,90,97,crushing endgame exposedKing fork intermezzo long sacrifice,https://lichess.org/a40MqbVL#55,,
038L1,8/8/p4P1p/1p1k4/1Pp1R3/P4KP1/8/3r4 w - - 3 44,e4f4 d1f1 f3e3 f1f4 e3f4 d5e6,1857,76,88,993,crushing endgame long rookEndgame,https://lichess.org/ZKCEcXJK#87,,
038LZ,3r1rk1/pp1q1pp1/2n4p/4pb2/4NP2/3P2P1/PP1QP1BP/R4RK1 w - - 5 16,e4c5 d7d4 g1h1 d4c5,1017,80,90,156,advantage fork middlegame short,https://lichess.org/apt6XDjU#31,English_Opening English_Opening_Kings_English_Variation,
038La,5k1r/1p3ppp/1p4b1/nB1P2B1/1P4P1/P4P2/3r3P/1K1R3R w - - 5 26,b5d3 g6d3 b1a1 a5b3,978,79,97,2369,cornerMate master mate mateIn2 middlegame queensideAttack short,https://lichess.org/zdKh4mK5#51,,
038Ql,r5k1/q4p1p/r2p4/3QpPb1/4P3/1N3P2/1PP4P/2KRR3 w - - 1 26,c1b1 a6a1 b3a1 a7a1,494,104,98,587,mate mateIn2 middlegame queensideAttack sacrifice short,https://lichess.org/V2sFzds3#51,,
038SM,4r3/pp2r1pk/7p/3Rpq2/4R3/2N2p2/PP4PP/4Q2K w - - 0 28,g2f3 f5f3 h1g1 e7e6 h2h3 f3h3,2566,82,93,981,advantage long middlegame quietMove,https://lichess.org/zGFS1UM3#55,,
038TX,3r2k1/5ppp/brn1p3/2Q5/8/Rp1q1NB1/3N1PPP/1R4K1 w - - 1 25,c5b6 d3b1 d2b1 d8d1 f3e1 d1e1,1152,81,95,4007,backRankMate clearance fork long mate mateIn3 middlegame sacrifice,https://lichess.org/0P7kSZ1h#49,,
038VO,2r1r3/p6k/5pRp/3Q1P2/3P1b1P/8/PP3PP1/3Rq1K1 w - - 3 33,d1e1 e8e1,745,80,100,128,endgame mate mateIn1 oneMove,https://lichess.org/KUWvR9Ff#65,,
038VQ,5rk1/p4ppp/2p5/2Np3n/P2P3q/2P2P2/1PbQ2PP/4R2K w - - 0 26,d2c2 h4e1,1264,77,58,169,backRankMate endgame hangingPiece mate mateIn1 oneMove,https://lichess.org/ESV2Jn6l#51,,
038W6,1r3rk1/pp1nqppp/4bn2/2p1N3/5PP1/P1N1Q2P/1P4B1/R4RK1 b - - 4 19,e6c4 e5c4 e7e3 c4e3,1330,78,93,1851,advantage hangingPiece middlegame short,https://lichess.org/zu7auAut/black#38,English_Opening English_Opening_Kings_English_Variation,
038eV,r1b1kb1r/p4ppp/1pn5/2pnN3/8/6P1/PP3PBP/RNB2RK1 b kq - 1 12,c6e5 g2d5 a8b8 f1e1 f7f6 f2f4,2022,76,94,11747,advantage hangingPiece long opening pin,https://lichess.org/G9eMrQ1I/black#24,Zukertort_Opening Zukertort_Opening_Grunfeld_Reversed,
038oE,2rn1rk1/5pp1/3b1q1p/1p3P1Q/pP1pB2P/3P4/1BP2P2/2KR2R1 b - - 0 24,d6b4 g1g7 g8g7 d1g1 g7h7 b2d4,2132,80,90,1713,attraction crushing kingsideAttack long middlegame sacrifice,https://lichess.org/GLEDoQI6/black#48,,
038pP,rnq3k1/pp3ppp/3b2r1/2P5/2P2p2/4BN1P/PP2BP2/R2Q1R1K w - - 0 16,c5d6 c8h3 f3h2 h3g2,1147,102,85,37,kingsideAttack mate mateIn2 middlegame short,https://lichess.org/2E3Ix0RC#31,Caro-Kann_Defense Caro-Kann_Defense_Two_Knights_Attack,
038pe,r1b2b1r/1p2p1kp/p4n2/3BB2Q/4n3/2P4N/P1q1KPPP/RN5R w - - 3 17,e2e3 c8h3 h5e2 c2e2,2325,83,87,778,advantage middlegame short,https://lichess.org/CadYDzfg#33,Caro-Kann_Defense Caro-Kann_Defense_Advance_Variation,
038pq,8/8/1kn5/ppR5/3PK3/P7/8/8 w - - 10 47,d4d5 b6c5 d5c6 c5c6 e4d4 c6d6,1918,94,83,20,crushing defensiveMove endgame long,https://lichess.org/TeK6vrE5#93,,
038q1,8/8/3k4/p1b1p2p/P1R3pP/2P5/6K1/8 w - - 4 45,g2g3 d6d5 c4g4 h5g4,1386,84,91,2162,crushing endgame short trappedPiece,https://lichess.org/RriReXLu#89,,
038rm,7r/p6p/1b3Q1p/8/2qn1Nk1/8/PP3P2/R4RK1 w - - 0 27,f2f3 d4f3 g1h1 c4f4 f6f4 g4f4,1343,80,91,846,advantage discoveredAttack discoveredCheck doubleCheck long middlegame,https://lichess.org/ha6P9yhP#53,,
038tw,4r1k1/5r1p/p2qN1pQ/2p1nP2/2Pp4/4p2P/PP4P1/4RRK1 b - - 3 31,e5d3 f5g6 d6e6 g6f7 e6f7 f1f7,1579,75,72,149,advancedPawn crushing fork long middlegame,https://lichess.org/jMO2A4ur/black#62,,
038wV,8/pkp4p/1p6/8/5nP1/4R2P/P2r4/2R3K1 w - - 2 26,h3h4 f4e2 e3e2 d2e2,1770,76,92,4167,advantage endgame fork short,https://lichess.org/wpALlAph#51,,
038xL,3rr3/1kp2Rpp/p1pq4/Q2p2b1/2PN2b1/3PP1P1/PP4BP/R5K1 w - - 1 21,c4d5 g5e3 g1h1 e3d4,957,86,92,570,advantage fork middlegame short,https://lichess.org/xmm4LKB8#41,,
03935,2r2rk1/6pp/1q2p3/p1ppP1N1/3P1p1P/2PQ2n1/PP4P1/R1B3K1 b - - 3 23,h7h6 d3h7,505,116,96,957,mate mateIn1 middlegame oneMove,https://lichess.org/nrKykyPi/black#46,,
0394d,8/1b1kpp2/p6p/1p1q4/3B1Q1P/PP3P2/2P5/2KN2r1 b - - 0 30,d5f3 f4f3 b7f3 d4g1,1024,82,100,1009,advantage endgame master masterVsMaster short,https://lichess.org/ka6grr0n/black#60,,
0397H,3r2k1/p1pPqPpp/1p6/8/2Q5/6P1/P4P1P/4R1K1 b - - 0 28,e7f7 e1e8 d8e8 d7e8q,1327,74,88,277,advancedPawn endgame mate mateIn2 pin promotion short,https://lichess.org/8gZDbyf4/black#56,,
03993,5r2/pp4pk/7p/4p3/3bN1n1/1Pn3P1/P2R1PP1/4BR1K w - - 2 27,f2f3 c3e4 d2d4 e5d4,2007,81,91,1855,crushing middlegame short,https://lichess.org/wI2wJvbk#53,,
0399J,r1b1qr1k/ppppN1pp/1b3p2/4p3/2B1P1QN/3P4/PPP2PPP/R4RK1 b - - 0 13,e8e7 h4g6 h7g6 g4h3,1613,75,83,344,mate mateIn2 middlegame sacrifice short,https://lichess.org/oZKtEgLs/black#26,Three_Knights_Opening Three_Knights_Opening_Other_variations,
0399s,r1bq1b1r/ppp1nQpp/2nkpp2/3p1P2/3P4/2NBP3/PPP3PP/R1B1K1NR b KQ - 2 8,e7f5 c3b5,1164,75,98,3299,mate mateIn1 oneMove opening,https://lichess.org/YrE0GMSt/black#16,Mikenas_Defense Mikenas_Defense_Other_variations,
039CU,6rk/5Q2/1q1p2rP/2p3P1/3bP3/PR1P4/4K3/2R5 b - - 0 36,b6d8 b3b7 g6h6 g5h6 g8g2 e2d1 d8g8 f7g8,2083,83,90,623,advantage middlegame quietMove veryLong,https://lichess.org/8Rlsqpdj/black#72,,
039F6,8/5p2/4pk2/8/3p1P2/5P1P/5K2/8 w - - 0 56,f2e2 f6f5 e2d3 f5f4 h3h4 e6e5,1827,74,96,1871,crushing defensiveMove endgame long pawnEndgame,https://lichess.org/TaH4THfG#111,,
039HH,r2q1rk1/1bp2pbn/p2p2p1/1p3pB1/4P2Q/1PNP1N2/1PP3PP/R4RK1 b - - 2 16,h7g5 f3g5 d8g5 h4g5,955,76,100,460,advantage master middlegame short,https://lichess.org/9vQeVU3U/black#32,Modern_Defense Modern_Defense_Other_variations,
039P4,8/7Q/p1q2pp1/1p3k1p/1Pp2P2/P3PP2/6KP/8 w - - 1 36,h7h6 c4c3 e3e4 f5e6 f4f5 g6f5,1602,76,90,2197,crushing endgame long queenEndgame,https://lichess.org/0RQbhXGt#71,,
039QA,1rb2r1k/p6p/1p6/2p4Q/2PpB3/3Pn3/PP2R1PP/4RqK1 w - - 3 28,e1f1 f8f1,891,107,43,22,kingsideAttack mate mateIn1 middlegame oneMove,https://lichess.org/ttLdahDL#55,,
